# Generated by scripts/gen_spacegroups.py from spglib 2.7.0.
# Do not edit by hand. Data derived from spglib, used under the following license:
#
# Copyright (c) 2024, Spglib team
#
# Redistribution and use in source and binary forms, with or without
# modification, are permitted provided that the following conditions
# are met:
#
# * Redistributions of source code must retain the above copyright
#   notice, this list of conditions and the following disclaimer.
# * Redistributions in binary form must reproduce the above copyright
#   notice, this list of conditions and the following disclaimer in the
#   documentation and/or other materials provided with the distribution.
# * Neither the name of the <organization> nor the
#   names of its contributors may be used to endorse or promote products
#   derived from this software without specific prior written permission.
#
# THIS SOFTWARE IS PROVIDED BY THE COPYRIGHT HOLDERS AND CONTRIBUTORS
# "AS IS" AND ANY EXPRESS OR IMPLIED WARRANTIES, INCLUDING, BUT NOT
# LIMITED TO, THE IMPLIED WARRANTIES OF MERCHANTABILITY AND FITNESS FOR
# A PARTICULAR PURPOSE ARE DISCLAIMED. IN NO EVENT SHALL <COPYRIGHT
# HOLDER> BE LIABLE FOR ANY DIRECT, INDIRECT, INCIDENTAL, SPECIAL,
# EXEMPLARY, OR CONSEQUENTIAL DAMAGES (INCLUDING, BUT NOT LIMITED TO,
# PROCUREMENT OF SUBSTITUTE GOODS OR SERVICES; LOSS OF USE, DATA, OR
# PROFITS; OR BUSINESS INTERRUPTION) HOWEVER CAUSED AND ON ANY THEORY OF
# LIABILITY, WHETHER IN CONTRACT, STRICT LIABILITY, OR TORT (INCLUDING
# NEGLIGENCE OR OTHERWISE) ARISING IN ANY WAY OUT OF THE USE OF THIS
# SOFTWARE, EVEN IF ADVISED OF THE POSSIBILITY OF SUCH DAMAGE.
#
# header: hall<TAB>number<TAB>choice<TAB>hall_symbol<TAB>hm_setting<TAB>hm_short<TAB>hm_full<TAB>n_ops
# op:     r11 r12 r13 r21 r22 r23 r31 r32 r33 t1 t2 t3   (t in units of 1/24)
1	1	-	P 1	P 1	P1	P 1	1
1 0 0 0 1 0 0 0 1 0 0 0
2	2	-	-P 1	P -1	P-1	P -1	2
1 0 0 0 1 0 0 0 1 0 0 0
-1 0 0 0 -1 0 0 0 -1 0 0 0
3	3	b	P 2y	P 1 2 1	P2	P 1 2 1	2
1 0 0 0 1 0 0 0 1 0 0 0
-1 0 0 0 1 0 0 0 -1 0 0 0
4	3	c	P 2	P 1 1 2	P2	P 1 1 2	2
1 0 0 0 1 0 0 0 1 0 0 0
-1 0 0 0 -1 0 0 0 1 0 0 0
5	3	a	P 2x	P 2 1 1	P2	P 2 1 1	2
1 0 0 0 1 0 0 0 1 0 0 0
1 0 0 0 -1 0 0 0 -1 0 0 0
6	4	b	P 2yb	P 1 2_1 1	P2_1	P 1 2_1 1	2
1 0 0 0 1 0 0 0 1 0 0 0
-1 0 0 0 1 0 0 0 -1 0 12 0
7	4	c	P 2c	P 1 1 2_1	P2_1	P 1 1 2_1	2
1 0 0 0 1 0 0 0 1 0 0 0
-1 0 0 0 -1 0 0 0 1 0 0 12
8	4	a	P 2xa	P 2_1 1 1	P2_1	P 2_1 1 1	2
1 0 0 0 1 0 0 0 1 0 0 0
1 0 0 0 -1 0 0 0 -1 12 0 0
9	5	b1	C 2y	C 1 2 1	C2	C 1 2 1	4
1 0 0 0 1 0 0 0 1 0 0 0
-1 0 0 0 1 0 0 0 -1 0 0 0
1 0 0 0 1 0 0 0 1 12 12 0
-1 0 0 0 1 0 0 0 -1 12 12 0
10	5	b2	A 2y	A 1 2 1	C2	A 1 2 1	4
1 0 0 0 1 0 0 0 1 0 0 0
-1 0 0 0 1 0 0 0 -1 0 0 0
1 0 0 0 1 0 0 0 1 0 12 12
-1 0 0 0 1 0 0 0 -1 0 12 12
11	5	b3	I 2y	I 1 2 1	C2	I 1 2 1	4
1 0 0 0 1 0 0 0 1 0 0 0
-1 0 0 0 1 0 0 0 -1 0 0 0
1 0 0 0 1 0 0 0 1 12 12 12
-1 0 0 0 1 0 0 0 -1 12 12 12
12	5	c1	A 2	A 1 1 2	C2	A 1 1 2	4
1 0 0 0 1 0 0 0 1 0 0 0
-1 0 0 0 -1 0 0 0 1 0 0 0
1 0 0 0 1 0 0 0 1 0 12 12
-1 0 0 0 -1 0 0 0 1 0 12 12
13	5	c2	B 2	B 2	C2	B 1 1 2	4
1 0 0 0 1 0 0 0 1 0 0 0
-1 0 0 0 -1 0 0 0 1 0 0 0
1 0 0 0 1 0 0 0 1 12 0 12
-1 0 0 0 -1 0 0 0 1 12 0 12
14	5	c3	I 2	I 1 1 2	C2	I 1 1 2	4
1 0 0 0 1 0 0 0 1 0 0 0
-1 0 0 0 -1 0 0 0 1 0 0 0
1 0 0 0 1 0 0 0 1 12 12 12
-1 0 0 0 -1 0 0 0 1 12 12 12
15	5	a1	B 2x	B 2 1 1	C2	B 2 1 1	4
1 0 0 0 1 0 0 0 1 0 0 0
1 0 0 0 -1 0 0 0 -1 0 0 0
1 0 0 0 1 0 0 0 1 12 0 12
1 0 0 0 -1 0 0 0 -1 12 0 12
16	5	a2	C 2x	C 2 1 1	C2	C 2 1 1	4
1 0 0 0 1 0 0 0 1 0 0 0
1 0 0 0 -1 0 0 0 -1 0 0 0
1 0 0 0 1 0 0 0 1 12 12 0
1 0 0 0 -1 0 0 0 -1 12 12 0
17	5	a3	I 2x	I 2 1 1	C2	I 2 1 1	4
1 0 0 0 1 0 0 0 1 0 0 0
1 0 0 0 -1 0 0 0 -1 0 0 0
1 0 0 0 1 0 0 0 1 12 12 12
1 0 0 0 -1 0 0 0 -1 12 12 12
18	6	b	P -2y	P 1 m 1	Pm	P 1 m 1	2
1 0 0 0 1 0 0 0 1 0 0 0
1 0 0 0 -1 0 0 0 1 0 0 0
19	6	c	P -2	P 1 1 m	Pm	P 1 1 m	2
1 0 0 0 1 0 0 0 1 0 0 0
1 0 0 0 1 0 0 0 -1 0 0 0
20	6	a	P -2x	P m 1 1	Pm	P m 1 1	2
1 0 0 0 1 0 0 0 1 0 0 0
-1 0 0 0 1 0 0 0 1 0 0 0
21	7	b1	P -2yc	P 1 c 1	Pc	P 1 c 1	2
1 0 0 0 1 0 0 0 1 0 0 0
1 0 0 0 -1 0 0 0 1 0 0 12
22	7	b2	P -2yac	P 1 n 1	Pc	P 1 n 1	2
1 0 0 0 1 0 0 0 1 0 0 0
1 0 0 0 -1 0 0 0 1 12 0 12
23	7	b3	P -2ya	P 1 a 1	Pc	P 1 a 1	2
1 0 0 0 1 0 0 0 1 0 0 0
1 0 0 0 -1 0 0 0 1 12 0 0
24	7	c1	P -2a	P 1 1 a	Pc	P 1 1 a	2
1 0 0 0 1 0 0 0 1 0 0 0
1 0 0 0 1 0 0 0 -1 12 0 0
25	7	c2	P -2ab	P 1 1 n	Pc	P 1 1 n	2
1 0 0 0 1 0 0 0 1 0 0 0
1 0 0 0 1 0 0 0 -1 12 12 0
26	7	c3	P -2b	P b	Pc	P 1 1 b	2
1 0 0 0 1 0 0 0 1 0 0 0
1 0 0 0 1 0 0 0 -1 0 12 0
27	7	a1	P -2xb	P b 1 1	Pc	P b 1 1	2
1 0 0 0 1 0 0 0 1 0 0 0
-1 0 0 0 1 0 0 0 1 0 12 0
28	7	a2	P -2xbc	P n 1 1	Pc	P n 1 1	2
1 0 0 0 1 0 0 0 1 0 0 0
-1 0 0 0 1 0 0 0 1 0 12 12
29	7	a3	P -2xc	P c 1 1	Pc	P c 1 1	2
1 0 0 0 1 0 0 0 1 0 0 0
-1 0 0 0 1 0 0 0 1 0 0 12
30	8	b1	C -2y	C 1 m 1	Cm	C 1 m 1	4
1 0 0 0 1 0 0 0 1 0 0 0
1 0 0 0 -1 0 0 0 1 0 0 0
1 0 0 0 1 0 0 0 1 12 12 0
1 0 0 0 -1 0 0 0 1 12 12 0
31	8	b2	A -2y	A 1 m 1	Cm	A 1 m 1	4
1 0 0 0 1 0 0 0 1 0 0 0
1 0 0 0 -1 0 0 0 1 0 0 0
1 0 0 0 1 0 0 0 1 0 12 12
1 0 0 0 -1 0 0 0 1 0 12 12
32	8	b3	I -2y	I 1 m 1	Cm	I 1 m 1	4
1 0 0 0 1 0 0 0 1 0 0 0
1 0 0 0 -1 0 0 0 1 0 0 0
1 0 0 0 1 0 0 0 1 12 12 12
1 0 0 0 -1 0 0 0 1 12 12 12
33	8	c1	A -2	A 1 1 m	Cm	A 1 1 m	4
1 0 0 0 1 0 0 0 1 0 0 0
1 0 0 0 1 0 0 0 -1 0 0 0
1 0 0 0 1 0 0 0 1 0 12 12
1 0 0 0 1 0 0 0 -1 0 12 12
34	8	c2	B -2	B m	Cm	B 1 1 m	4
1 0 0 0 1 0 0 0 1 0 0 0
1 0 0 0 1 0 0 0 -1 0 0 0
1 0 0 0 1 0 0 0 1 12 0 12
1 0 0 0 1 0 0 0 -1 12 0 12
35	8	c3	I -2	I 1 1 m	Cm	I 1 1 m	4
1 0 0 0 1 0 0 0 1 0 0 0
1 0 0 0 1 0 0 0 -1 0 0 0
1 0 0 0 1 0 0 0 1 12 12 12
1 0 0 0 1 0 0 0 -1 12 12 12
36	8	a1	B -2x	B m 1 1	Cm	B m 1 1	4
1 0 0 0 1 0 0 0 1 0 0 0
-1 0 0 0 1 0 0 0 1 0 0 0
1 0 0 0 1 0 0 0 1 12 0 12
-1 0 0 0 1 0 0 0 1 12 0 12
37	8	a2	C -2x	C m 1 1	Cm	C m 1 1	4
1 0 0 0 1 0 0 0 1 0 0 0
-1 0 0 0 1 0 0 0 1 0 0 0
1 0 0 0 1 0 0 0 1 12 12 0
-1 0 0 0 1 0 0 0 1 12 12 0
38	8	a3	I -2x	I m 1 1	Cm	I m 1 1	4
1 0 0 0 1 0 0 0 1 0 0 0
-1 0 0 0 1 0 0 0 1 0 0 0
1 0 0 0 1 0 0 0 1 12 12 12
-1 0 0 0 1 0 0 0 1 12 12 12
39	9	b1	C -2yc	C 1 c 1	Cc	C 1 c 1	4
1 0 0 0 1 0 0 0 1 0 0 0
1 0 0 0 -1 0 0 0 1 0 0 12
1 0 0 0 1 0 0 0 1 12 12 0
1 0 0 0 -1 0 0 0 1 12 12 12
40	9	b2	A -2yab	A 1 n 1	Cc	A 1 n 1	4
1 0 0 0 1 0 0 0 1 0 0 0
1 0 0 0 -1 0 0 0 1 12 12 0
1 0 0 0 1 0 0 0 1 0 12 12
1 0 0 0 -1 0 0 0 1 12 0 12
41	9	b3	I -2ya	I 1 a 1	Cc	I 1 a 1	4
1 0 0 0 1 0 0 0 1 0 0 0
1 0 0 0 -1 0 0 0 1 12 0 0
1 0 0 0 1 0 0 0 1 12 12 12
1 0 0 0 -1 0 0 0 1 0 12 12
42	9	-b1	A -2ya	A 1 a 1	Cc	A 1 a 1	4
1 0 0 0 1 0 0 0 1 0 0 0
1 0 0 0 -1 0 0 0 1 12 0 0
1 0 0 0 1 0 0 0 1 0 12 12
1 0 0 0 -1 0 0 0 1 12 12 12
43	9	-b2	C -2yac	C 1 n 1	Cc	C 1 n 1	4
1 0 0 0 1 0 0 0 1 0 0 0
1 0 0 0 -1 0 0 0 1 12 0 12
1 0 0 0 1 0 0 0 1 12 12 0
1 0 0 0 -1 0 0 0 1 0 12 12
44	9	-b3	I -2yc	I 1 c 1	Cc	I 1 c 1	4
1 0 0 0 1 0 0 0 1 0 0 0
1 0 0 0 -1 0 0 0 1 0 0 12
1 0 0 0 1 0 0 0 1 12 12 12
1 0 0 0 -1 0 0 0 1 12 12 0
45	9	c1	A -2a	A 1 1 a	Cc	A 1 1 a	4
1 0 0 0 1 0 0 0 1 0 0 0
1 0 0 0 1 0 0 0 -1 12 0 0
1 0 0 0 1 0 0 0 1 0 12 12
1 0 0 0 1 0 0 0 -1 12 12 12
46	9	c2	B -2ab	B 1 1 n	Cc	B 1 1 n	4
1 0 0 0 1 0 0 0 1 0 0 0
1 0 0 0 1 0 0 0 -1 12 12 0
1 0 0 0 1 0 0 0 1 12 0 12
1 0 0 0 1 0 0 0 -1 0 12 12
47	9	c3	I -2b	I 1 1 b	Cc	I 1 1 b	4
1 0 0 0 1 0 0 0 1 0 0 0
1 0 0 0 1 0 0 0 -1 0 12 0
1 0 0 0 1 0 0 0 1 12 12 12
1 0 0 0 1 0 0 0 -1 12 0 12
48	9	-c1	B -2b	B b	Cc	B 1 1 b	4
1 0 0 0 1 0 0 0 1 0 0 0
1 0 0 0 1 0 0 0 -1 0 12 0
1 0 0 0 1 0 0 0 1 12 0 12
1 0 0 0 1 0 0 0 -1 12 12 12
49	9	-c2	A -2ab	A 1 1 n	Cc	A 1 1 n	4
1 0 0 0 1 0 0 0 1 0 0 0
1 0 0 0 1 0 0 0 -1 12 12 0
1 0 0 0 1 0 0 0 1 0 12 12
1 0 0 0 1 0 0 0 -1 12 0 12
50	9	-c3	I -2a	I 1 1 a	Cc	I 1 1 a	4
1 0 0 0 1 0 0 0 1 0 0 0
1 0 0 0 1 0 0 0 -1 12 0 0
1 0 0 0 1 0 0 0 1 12 12 12
1 0 0 0 1 0 0 0 -1 0 12 12
51	9	a1	B -2xb	B b 1 1	Cc	B b 1 1	4
1 0 0 0 1 0 0 0 1 0 0 0
-1 0 0 0 1 0 0 0 1 0 12 0
1 0 0 0 1 0 0 0 1 12 0 12
-1 0 0 0 1 0 0 0 1 12 12 12
52	9	a2	C -2xac	C n 1 1	Cc	C n 1 1	4
1 0 0 0 1 0 0 0 1 0 0 0
-1 0 0 0 1 0 0 0 1 12 0 12
1 0 0 0 1 0 0 0 1 12 12 0
-1 0 0 0 1 0 0 0 1 0 12 12
53	9	a3	I -2xc	I c 1 1	Cc	I c 1 1	4
1 0 0 0 1 0 0 0 1 0 0 0
-1 0 0 0 1 0 0 0 1 0 0 12
1 0 0 0 1 0 0 0 1 12 12 12
-1 0 0 0 1 0 0 0 1 12 12 0
54	9	-a1	C -2xc	C c 1 1	Cc	C c 1 1	4
1 0 0 0 1 0 0 0 1 0 0 0
-1 0 0 0 1 0 0 0 1 0 0 12
1 0 0 0 1 0 0 0 1 12 12 0
-1 0 0 0 1 0 0 0 1 12 12 12
55	9	-a2	B -2xab	B n 1 1	Cc	B n 1 1	4
1 0 0 0 1 0 0 0 1 0 0 0
-1 0 0 0 1 0 0 0 1 12 12 0
1 0 0 0 1 0 0 0 1 12 0 12
-1 0 0 0 1 0 0 0 1 0 12 12
56	9	-a3	I -2xb	I b 1 1	Cc	I b 1 1	4
1 0 0 0 1 0 0 0 1 0 0 0
-1 0 0 0 1 0 0 0 1 0 12 0
1 0 0 0 1 0 0 0 1 12 12 12
-1 0 0 0 1 0 0 0 1 12 0 12
57	10	b	-P 2y	P 1 2/m 1	P2/m	P 1 2/m 1	4
1 0 0 0 1 0 0 0 1 0 0 0
-1 0 0 0 -1 0 0 0 -1 0 0 0
-1 0 0 0 1 0 0 0 -1 0 0 0
1 0 0 0 -1 0 0 0 1 0 0 0
58	10	c	-P 2	P 1 1 2/m	P2/m	P 1 1 2/m	4
1 0 0 0 1 0 0 0 1 0 0 0
-1 0 0 0 -1 0 0 0 -1 0 0 0
-1 0 0 0 -1 0 0 0 1 0 0 0
1 0 0 0 1 0 0 0 -1 0 0 0
59	10	a	-P 2x	P 2/m 1 1	P2/m	P 2/m 1 1	4
1 0 0 0 1 0 0 0 1 0 0 0
-1 0 0 0 -1 0 0 0 -1 0 0 0
1 0 0 0 -1 0 0 0 -1 0 0 0
-1 0 0 0 1 0 0 0 1 0 0 0
60	11	b	-P 2yb	P 1 2_1/m 1	P2_1/m	P 1 2_1/m 1	4
1 0 0 0 1 0 0 0 1 0 0 0
-1 0 0 0 -1 0 0 0 -1 0 0 0
-1 0 0 0 1 0 0 0 -1 0 12 0
1 0 0 0 -1 0 0 0 1 0 12 0
61	11	c	-P 2c	P 1 1 2_1/m	P2_1/m	P 1 1 2_1/m	4
1 0 0 0 1 0 0 0 1 0 0 0
-1 0 0 0 -1 0 0 0 -1 0 0 0
-1 0 0 0 -1 0 0 0 1 0 0 12
1 0 0 0 1 0 0 0 -1 0 0 12
62	11	a	-P 2xa	P 2_1/m 1 1	P2_1/m	P 2_1/m 1 1	4
1 0 0 0 1 0 0 0 1 0 0 0
-1 0 0 0 -1 0 0 0 -1 0 0 0
1 0 0 0 -1 0 0 0 -1 12 0 0
-1 0 0 0 1 0 0 0 1 12 0 0
63	12	b1	-C 2y	C 1 2/m 1	C2/m	C 1 2/m 1	8
1 0 0 0 1 0 0 0 1 0 0 0
-1 0 0 0 -1 0 0 0 -1 0 0 0
-1 0 0 0 1 0 0 0 -1 0 0 0
1 0 0 0 -1 0 0 0 1 0 0 0
1 0 0 0 1 0 0 0 1 12 12 0
-1 0 0 0 -1 0 0 0 -1 12 12 0
-1 0 0 0 1 0 0 0 -1 12 12 0
1 0 0 0 -1 0 0 0 1 12 12 0
64	12	b2	-A 2y	A 1 2/m 1	C2/m	A 1 2/m 1	8
1 0 0 0 1 0 0 0 1 0 0 0
-1 0 0 0 -1 0 0 0 -1 0 0 0
-1 0 0 0 1 0 0 0 -1 0 0 0
1 0 0 0 -1 0 0 0 1 0 0 0
1 0 0 0 1 0 0 0 1 0 12 12
-1 0 0 0 -1 0 0 0 -1 0 12 12
-1 0 0 0 1 0 0 0 -1 0 12 12
1 0 0 0 -1 0 0 0 1 0 12 12
65	12	b3	-I 2y	I 1 2/m 1	C2/m	I 1 2/m 1	8
1 0 0 0 1 0 0 0 1 0 0 0
-1 0 0 0 -1 0 0 0 -1 0 0 0
-1 0 0 0 1 0 0 0 -1 0 0 0
1 0 0 0 -1 0 0 0 1 0 0 0
1 0 0 0 1 0 0 0 1 12 12 12
-1 0 0 0 -1 0 0 0 -1 12 12 12
-1 0 0 0 1 0 0 0 -1 12 12 12
1 0 0 0 -1 0 0 0 1 12 12 12
66	12	c1	-A 2	A 1 1 2/m	C2/m	A 1 1 2/m	8
1 0 0 0 1 0 0 0 1 0 0 0
-1 0 0 0 -1 0 0 0 -1 0 0 0
-1 0 0 0 -1 0 0 0 1 0 0 0
1 0 0 0 1 0 0 0 -1 0 0 0
1 0 0 0 1 0 0 0 1 0 12 12
-1 0 0 0 -1 0 0 0 -1 0 12 12
-1 0 0 0 -1 0 0 0 1 0 12 12
1 0 0 0 1 0 0 0 -1 0 12 12
67	12	c2	-B 2	B 2/m	C2/m	B 1 1 2/m	8
1 0 0 0 1 0 0 0 1 0 0 0
-1 0 0 0 -1 0 0 0 -1 0 0 0
-1 0 0 0 -1 0 0 0 1 0 0 0
1 0 0 0 1 0 0 0 -1 0 0 0
1 0 0 0 1 0 0 0 1 12 0 12
-1 0 0 0 -1 0 0 0 -1 12 0 12
-1 0 0 0 -1 0 0 0 1 12 0 12
1 0 0 0 1 0 0 0 -1 12 0 12
68	12	c3	-I 2	I 1 1 2/m	C2/m	I 1 1 2/m	8
1 0 0 0 1 0 0 0 1 0 0 0
-1 0 0 0 -1 0 0 0 -1 0 0 0
-1 0 0 0 -1 0 0 0 1 0 0 0
1 0 0 0 1 0 0 0 -1 0 0 0
1 0 0 0 1 0 0 0 1 12 12 12
-1 0 0 0 -1 0 0 0 -1 12 12 12
-1 0 0 0 -1 0 0 0 1 12 12 12
1 0 0 0 1 0 0 0 -1 12 12 12
69	12	a1	-B 2x	B 2/m 1 1	C2/m	B 2/m 1 1	8
1 0 0 0 1 0 0 0 1 0 0 0
-1 0 0 0 -1 0 0 0 -1 0 0 0
1 0 0 0 -1 0 0 0 -1 0 0 0
-1 0 0 0 1 0 0 0 1 0 0 0
1 0 0 0 1 0 0 0 1 12 0 12
-1 0 0 0 -1 0 0 0 -1 12 0 12
1 0 0 0 -1 0 0 0 -1 12 0 12
-1 0 0 0 1 0 0 0 1 12 0 12
70	12	a2	-C 2x	C 2/m 1 1	C2/m	C 2/m 1 1	8
1 0 0 0 1 0 0 0 1 0 0 0
-1 0 0 0 -1 0 0 0 -1 0 0 0
1 0 0 0 -1 0 0 0 -1 0 0 0
-1 0 0 0 1 0 0 0 1 0 0 0
1 0 0 0 1 0 0 0 1 12 12 0
-1 0 0 0 -1 0 0 0 -1 12 12 0
1 0 0 0 -1 0 0 0 -1 12 12 0
-1 0 0 0 1 0 0 0 1 12 12 0
71	12	a3	-I 2x	I 2/m 1 1	C2/m	I 2/m 1 1	8
1 0 0 0 1 0 0 0 1 0 0 0
-1 0 0 0 -1 0 0 0 -1 0 0 0
1 0 0 0 -1 0 0 0 -1 0 0 0
-1 0 0 0 1 0 0 0 1 0 0 0
1 0 0 0 1 0 0 0 1 12 12 12
-1 0 0 0 -1 0 0 0 -1 12 12 12
1 0 0 0 -1 0 0 0 -1 12 12 12
-1 0 0 0 1 0 0 0 1 12 12 12
72	13	b1	-P 2yc	P 1 2/c 1	P2/c	P 1 2/c 1	4
1 0 0 0 1 0 0 0 1 0 0 0
-1 0 0 0 -1 0 0 0 -1 0 0 0
-1 0 0 0 1 0 0 0 -1 0 0 12
1 0 0 0 -1 0 0 0 1 0 0 12
73	13	b2	-P 2yac	P 1 2/n 1	P2/c	P 1 2/n 1	4
1 0 0 0 1 0 0 0 1 0 0 0
-1 0 0 0 -1 0 0 0 -1 0 0 0
-1 0 0 0 1 0 0 0 -1 12 0 12
1 0 0 0 -1 0 0 0 1 12 0 12
74	13	b3	-P 2ya	P 1 2/a 1	P2/c	P 1 2/a 1	4
1 0 0 0 1 0 0 0 1 0 0 0
-1 0 0 0 -1 0 0 0 -1 0 0 0
-1 0 0 0 1 0 0 0 -1 12 0 0
1 0 0 0 -1 0 0 0 1 12 0 0
75	13	c1	-P 2a	P 1 1 2/a	P2/c	P 1 1 2/a	4
1 0 0 0 1 0 0 0 1 0 0 0
-1 0 0 0 -1 0 0 0 -1 0 0 0
-1 0 0 0 -1 0 0 0 1 12 0 0
1 0 0 0 1 0 0 0 -1 12 0 0
76	13	c2	-P 2ab	P 1 1 2/n	P2/c	P 1 1 2/n	4
1 0 0 0 1 0 0 0 1 0 0 0
-1 0 0 0 -1 0 0 0 -1 0 0 0
-1 0 0 0 -1 0 0 0 1 12 12 0
1 0 0 0 1 0 0 0 -1 12 12 0
77	13	c3	-P 2b	P 2/b	P2/c	P 1 1 2/b	4
1 0 0 0 1 0 0 0 1 0 0 0
-1 0 0 0 -1 0 0 0 -1 0 0 0
-1 0 0 0 -1 0 0 0 1 0 12 0
1 0 0 0 1 0 0 0 -1 0 12 0
78	13	a1	-P 2xb	P 2/b 1 1	P2/c	P 2/b 1 1	4
1 0 0 0 1 0 0 0 1 0 0 0
-1 0 0 0 -1 0 0 0 -1 0 0 0
1 0 0 0 -1 0 0 0 -1 0 12 0
-1 0 0 0 1 0 0 0 1 0 12 0
79	13	a2	-P 2xbc	P 2/n 1 1	P2/c	P 2/n 1 1	4
1 0 0 0 1 0 0 0 1 0 0 0
-1 0 0 0 -1 0 0 0 -1 0 0 0
1 0 0 0 -1 0 0 0 -1 0 12 12
-1 0 0 0 1 0 0 0 1 0 12 12
80	13	a3	-P 2xc	P 2/c 1 1	P2/c	P 2/c 1 1	4
1 0 0 0 1 0 0 0 1 0 0 0
-1 0 0 0 -1 0 0 0 -1 0 0 0
1 0 0 0 -1 0 0 0 -1 0 0 12
-1 0 0 0 1 0 0 0 1 0 0 12
81	14	b1	-P 2ybc	P 1 2_1/c 1	P2_1/c	P 1 2_1/c 1	4
1 0 0 0 1 0 0 0 1 0 0 0
-1 0 0 0 -1 0 0 0 -1 0 0 0
-1 0 0 0 1 0 0 0 -1 0 12 12
1 0 0 0 -1 0 0 0 1 0 12 12
82	14	b2	-P 2yn	P 1 2_1/n 1	P2_1/c	P 1 2_1/n 1	4
1 0 0 0 1 0 0 0 1 0 0 0
-1 0 0 0 -1 0 0 0 -1 0 0 0
-1 0 0 0 1 0 0 0 -1 12 12 12
1 0 0 0 -1 0 0 0 1 12 12 12
83	14	b3	-P 2yab	P 1 2_1/a 1	P2_1/c	P 1 2_1/a 1	4
1 0 0 0 1 0 0 0 1 0 0 0
-1 0 0 0 -1 0 0 0 -1 0 0 0
-1 0 0 0 1 0 0 0 -1 12 12 0
1 0 0 0 -1 0 0 0 1 12 12 0
84	14	c1	-P 2ac	P 1 1 2_1/a	P2_1/c	P 1 1 2_1/a	4
1 0 0 0 1 0 0 0 1 0 0 0
-1 0 0 0 -1 0 0 0 -1 0 0 0
-1 0 0 0 -1 0 0 0 1 12 0 12
1 0 0 0 1 0 0 0 -1 12 0 12
85	14	c2	-P 2n	P 1 1 2_1/n	P2_1/c	P 1 1 2_1/n	4
1 0 0 0 1 0 0 0 1 0 0 0
-1 0 0 0 -1 0 0 0 -1 0 0 0
-1 0 0 0 -1 0 0 0 1 12 12 12
1 0 0 0 1 0 0 0 -1 12 12 12
86	14	c3	-P 2bc	P 2_1/b	P2_1/c	P 1 1 2_1/b	4
1 0 0 0 1 0 0 0 1 0 0 0
-1 0 0 0 -1 0 0 0 -1 0 0 0
-1 0 0 0 -1 0 0 0 1 0 12 12
1 0 0 0 1 0 0 0 -1 0 12 12
87	14	a1	-P 2xab	P 2_1/b 1 1	P2_1/c	P 2_1/b 1 1	4
1 0 0 0 1 0 0 0 1 0 0 0
-1 0 0 0 -1 0 0 0 -1 0 0 0
1 0 0 0 -1 0 0 0 -1 12 12 0
-1 0 0 0 1 0 0 0 1 12 12 0
88	14	a2	-P 2xn	P 2_1/n 1 1	P2_1/c	P 2_1/n 1 1	4
1 0 0 0 1 0 0 0 1 0 0 0
-1 0 0 0 -1 0 0 0 -1 0 0 0
1 0 0 0 -1 0 0 0 -1 12 12 12
-1 0 0 0 1 0 0 0 1 12 12 12
89	14	a3	-P 2xac	P 2_1/c 1 1	P2_1/c	P 2_1/c 1 1	4
1 0 0 0 1 0 0 0 1 0 0 0
-1 0 0 0 -1 0 0 0 -1 0 0 0
1 0 0 0 -1 0 0 0 -1 12 0 12
-1 0 0 0 1 0 0 0 1 12 0 12
90	15	b1	-C 2yc	C 1 2/c 1	C2/c	C 1 2/c 1	8
1 0 0 0 1 0 0 0 1 0 0 0
-1 0 0 0 -1 0 0 0 -1 0 0 0
-1 0 0 0 1 0 0 0 -1 0 0 12
1 0 0 0 -1 0 0 0 1 0 0 12
1 0 0 0 1 0 0 0 1 12 12 0
-1 0 0 0 -1 0 0 0 -1 12 12 0
-1 0 0 0 1 0 0 0 -1 12 12 12
1 0 0 0 -1 0 0 0 1 12 12 12
91	15	b2	-A 2yab	A 1 2/n 1	C2/c	A 1 2/n 1	8
1 0 0 0 1 0 0 0 1 0 0 0
-1 0 0 0 -1 0 0 0 -1 0 0 0
-1 0 0 0 1 0 0 0 -1 12 12 0
1 0 0 0 -1 0 0 0 1 12 12 0
1 0 0 0 1 0 0 0 1 0 12 12
-1 0 0 0 -1 0 0 0 -1 0 12 12
-1 0 0 0 1 0 0 0 -1 12 0 12
1 0 0 0 -1 0 0 0 1 12 0 12
92	15	b3	-I 2ya	I 1 2/a 1	C2/c	I 1 2/a 1	8
1 0 0 0 1 0 0 0 1 0 0 0
-1 0 0 0 -1 0 0 0 -1 0 0 0
-1 0 0 0 1 0 0 0 -1 12 0 0
1 0 0 0 -1 0 0 0 1 12 0 0
1 0 0 0 1 0 0 0 1 12 12 12
-1 0 0 0 -1 0 0 0 -1 12 12 12
-1 0 0 0 1 0 0 0 -1 0 12 12
1 0 0 0 -1 0 0 0 1 0 12 12
93	15	-b1	-A 2ya	A 1 2/a 1	C2/c	A 1 2/a 1	8
1 0 0 0 1 0 0 0 1 0 0 0
-1 0 0 0 -1 0 0 0 -1 0 0 0
-1 0 0 0 1 0 0 0 -1 12 0 0
1 0 0 0 -1 0 0 0 1 12 0 0
1 0 0 0 1 0 0 0 1 0 12 12
-1 0 0 0 -1 0 0 0 -1 0 12 12
-1 0 0 0 1 0 0 0 -1 12 12 12
1 0 0 0 -1 0 0 0 1 12 12 12
94	15	-b2	-C 2yac	C 1 2/n 1	C2/c	C 1 2/n 1	8
1 0 0 0 1 0 0 0 1 0 0 0
-1 0 0 0 -1 0 0 0 -1 0 0 0
-1 0 0 0 1 0 0 0 -1 12 0 12
1 0 0 0 -1 0 0 0 1 12 0 12
1 0 0 0 1 0 0 0 1 12 12 0
-1 0 0 0 -1 0 0 0 -1 12 12 0
-1 0 0 0 1 0 0 0 -1 0 12 12
1 0 0 0 -1 0 0 0 1 0 12 12
95	15	-b3	-I 2yc	I 1 2/c 1	C2/c	I 1 2/c 1	8
1 0 0 0 1 0 0 0 1 0 0 0
-1 0 0 0 -1 0 0 0 -1 0 0 0
-1 0 0 0 1 0 0 0 -1 0 0 12
1 0 0 0 -1 0 0 0 1 0 0 12
1 0 0 0 1 0 0 0 1 12 12 12
-1 0 0 0 -1 0 0 0 -1 12 12 12
-1 0 0 0 1 0 0 0 -1 12 12 0
1 0 0 0 -1 0 0 0 1 12 12 0
96	15	c1	-A 2a	A 1 1 2/a	C2/c	A 1 1 2/a	8
1 0 0 0 1 0 0 0 1 0 0 0
-1 0 0 0 -1 0 0 0 -1 0 0 0
-1 0 0 0 -1 0 0 0 1 12 0 0
1 0 0 0 1 0 0 0 -1 12 0 0
1 0 0 0 1 0 0 0 1 0 12 12
-1 0 0 0 -1 0 0 0 -1 0 12 12
-1 0 0 0 -1 0 0 0 1 12 12 12
1 0 0 0 1 0 0 0 -1 12 12 12
97	15	c2	-B 2ab	B 1 1 2/n	C2/c	B 1 1 2/n	8
1 0 0 0 1 0 0 0 1 0 0 0
-1 0 0 0 -1 0 0 0 -1 0 0 0
-1 0 0 0 -1 0 0 0 1 12 12 0
1 0 0 0 1 0 0 0 -1 12 12 0
1 0 0 0 1 0 0 0 1 12 0 12
-1 0 0 0 -1 0 0 0 -1 12 0 12
-1 0 0 0 -1 0 0 0 1 0 12 12
1 0 0 0 1 0 0 0 -1 0 12 12
98	15	c3	-I 2b	I 1 1 2/b	C2/c	I 1 1 2/b	8
1 0 0 0 1 0 0 0 1 0 0 0
-1 0 0 0 -1 0 0 0 -1 0 0 0
-1 0 0 0 -1 0 0 0 1 0 12 0
1 0 0 0 1 0 0 0 -1 0 12 0
1 0 0 0 1 0 0 0 1 12 12 12
-1 0 0 0 -1 0 0 0 -1 12 12 12
-1 0 0 0 -1 0 0 0 1 12 0 12
1 0 0 0 1 0 0 0 -1 12 0 12
99	15	-c1	-B 2b	B 2/b	C2/c	B 1 1 2/b	8
1 0 0 0 1 0 0 0 1 0 0 0
-1 0 0 0 -1 0 0 0 -1 0 0 0
-1 0 0 0 -1 0 0 0 1 0 12 0
1 0 0 0 1 0 0 0 -1 0 12 0
1 0 0 0 1 0 0 0 1 12 0 12
-1 0 0 0 -1 0 0 0 -1 12 0 12
-1 0 0 0 -1 0 0 0 1 12 12 12
1 0 0 0 1 0 0 0 -1 12 12 12
100	15	-c2	-A 2ab	A 1 1 2/n	C2/c	A 1 1 2/n	8
1 0 0 0 1 0 0 0 1 0 0 0
-1 0 0 0 -1 0 0 0 -1 0 0 0
-1 0 0 0 -1 0 0 0 1 12 12 0
1 0 0 0 1 0 0 0 -1 12 12 0
1 0 0 0 1 0 0 0 1 0 12 12
-1 0 0 0 -1 0 0 0 -1 0 12 12
-1 0 0 0 -1 0 0 0 1 12 0 12
1 0 0 0 1 0 0 0 -1 12 0 12
101	15	-c3	-I 2a	I 1 1 2/a	C2/c	I 1 1 2/a	8
1 0 0 0 1 0 0 0 1 0 0 0
-1 0 0 0 -1 0 0 0 -1 0 0 0
-1 0 0 0 -1 0 0 0 1 12 0 0
1 0 0 0 1 0 0 0 -1 12 0 0
1 0 0 0 1 0 0 0 1 12 12 12
-1 0 0 0 -1 0 0 0 -1 12 12 12
-1 0 0 0 -1 0 0 0 1 0 12 12
1 0 0 0 1 0 0 0 -1 0 12 12
102	15	a1	-B 2xb	B 2/b 1 1	C2/c	B 2/b 1 1	8
1 0 0 0 1 0 0 0 1 0 0 0
-1 0 0 0 -1 0 0 0 -1 0 0 0
1 0 0 0 -1 0 0 0 -1 0 12 0
-1 0 0 0 1 0 0 0 1 0 12 0
1 0 0 0 1 0 0 0 1 12 0 12
-1 0 0 0 -1 0 0 0 -1 12 0 12
1 0 0 0 -1 0 0 0 -1 12 12 12
-1 0 0 0 1 0 0 0 1 12 12 12
103	15	a2	-C 2xac	C 2/n 1 1	C2/c	C 2/n 1 1	8
1 0 0 0 1 0 0 0 1 0 0 0
-1 0 0 0 -1 0 0 0 -1 0 0 0
1 0 0 0 -1 0 0 0 -1 12 0 12
-1 0 0 0 1 0 0 0 1 12 0 12
1 0 0 0 1 0 0 0 1 12 12 0
-1 0 0 0 -1 0 0 0 -1 12 12 0
1 0 0 0 -1 0 0 0 -1 0 12 12
-1 0 0 0 1 0 0 0 1 0 12 12
104	15	a3	-I 2xc	I 2/c 1 1	C2/c	I 2/c 1 1	8
1 0 0 0 1 0 0 0 1 0 0 0
-1 0 0 0 -1 0 0 0 -1 0 0 0
1 0 0 0 -1 0 0 0 -1 0 0 12
-1 0 0 0 1 0 0 0 1 0 0 12
1 0 0 0 1 0 0 0 1 12 12 12
-1 0 0 0 -1 0 0 0 -1 12 12 12
1 0 0 0 -1 0 0 0 -1 12 12 0
-1 0 0 0 1 0 0 0 1 12 12 0
105	15	-a1	-C 2xc	C 2/c 1 1	C2/c	C 2/c 1 1	8
1 0 0 0 1 0 0 0 1 0 0 0
-1 0 0 0 -1 0 0 0 -1 0 0 0
1 0 0 0 -1 0 0 0 -1 0 0 12
-1 0 0 0 1 0 0 0 1 0 0 12
1 0 0 0 1 0 0 0 1 12 12 0
-1 0 0 0 -1 0 0 0 -1 12 12 0
1 0 0 0 -1 0 0 0 -1 12 12 12
-1 0 0 0 1 0 0 0 1 12 12 12
106	15	-a2	-B 2xab	B 2/n 1 1	C2/c	B 2/n 1 1	8
1 0 0 0 1 0 0 0 1 0 0 0
-1 0 0 0 -1 0 0 0 -1 0 0 0
1 0 0 0 -1 0 0 0 -1 12 12 0
-1 0 0 0 1 0 0 0 1 12 12 0
1 0 0 0 1 0 0 0 1 12 0 12
-1 0 0 0 -1 0 0 0 -1 12 0 12
1 0 0 0 -1 0 0 0 -1 0 12 12
-1 0 0 0 1 0 0 0 1 0 12 12
107	15	-a3	-I 2xb	I 2/b 1 1	C2/c	I 2/b 1 1	8
1 0 0 0 1 0 0 0 1 0 0 0
-1 0 0 0 -1 0 0 0 -1 0 0 0
1 0 0 0 -1 0 0 0 -1 0 12 0
-1 0 0 0 1 0 0 0 1 0 12 0
1 0 0 0 1 0 0 0 1 12 12 12
-1 0 0 0 -1 0 0 0 -1 12 12 12
1 0 0 0 -1 0 0 0 -1 12 0 12
-1 0 0 0 1 0 0 0 1 12 0 12
108	16	-	P 2 2	P 2 2 2	P222	P 2 2 2	4
1 0 0 0 1 0 0 0 1 0 0 0
-1 0 0 0 -1 0 0 0 1 0 0 0
1 0 0 0 -1 0 0 0 -1 0 0 0
-1 0 0 0 1 0 0 0 -1 0 0 0
109	17	-	P 2c 2	P 2 2 2_1	P222_1	P 2 2 2_1	4
1 0 0 0 1 0 0 0 1 0 0 0
-1 0 0 0 -1 0 0 0 1 0 0 12
1 0 0 0 -1 0 0 0 -1 0 0 0
-1 0 0 0 1 0 0 0 -1 0 0 12
110	17	cab	P 2a 2a	P 2_1 2 2	P2_122	P 2_1 2 2	4
1 0 0 0 1 0 0 0 1 0 0 0
-1 0 0 0 -1 0 0 0 1 12 0 0
1 0 0 0 -1 0 0 0 -1 12 0 0
-1 0 0 0 1 0 0 0 -1 0 0 0
111	17	bca	P 2 2b	P 2 2_1 2	P22_12	P 2 2_1 2	4
1 0 0 0 1 0 0 0 1 0 0 0
-1 0 0 0 -1 0 0 0 1 0 0 0
1 0 0 0 -1 0 0 0 -1 0 12 0
-1 0 0 0 1 0 0 0 -1 0 12 0
112	18	-	P 2 2ab	P 2_1 2_1 2	P2_12_12	P 2_1 2_1 2	4
1 0 0 0 1 0 0 0 1 0 0 0
-1 0 0 0 -1 0 0 0 1 0 0 0
1 0 0 0 -1 0 0 0 -1 12 12 0
-1 0 0 0 1 0 0 0 -1 12 12 0
113	18	cab	P 2bc 2	P 2 2_1 2_1	P22_12_1	P 2 2_1 2_1	4
1 0 0 0 1 0 0 0 1 0 0 0
-1 0 0 0 -1 0 0 0 1 0 12 12
1 0 0 0 -1 0 0 0 -1 0 0 0
-1 0 0 0 1 0 0 0 -1 0 12 12
114	18	bca	P 2ac 2ac	P 2_1 2 2_1	P2_122_1	P 2_1 2 2_1	4
1 0 0 0 1 0 0 0 1 0 0 0
-1 0 0 0 -1 0 0 0 1 12 0 12
1 0 0 0 -1 0 0 0 -1 12 0 12
-1 0 0 0 1 0 0 0 -1 0 0 0
115	19	-	P 2ac 2ab	P 2_1 2_1 2_1	P2_12_12_1	P 2_1 2_1 2_1	4
1 0 0 0 1 0 0 0 1 0 0 0
-1 0 0 0 -1 0 0 0 1 12 0 12
1 0 0 0 -1 0 0 0 -1 12 12 0
-1 0 0 0 1 0 0 0 -1 0 12 12
116	20	-	C 2c 2	C 2 2 2_1	C222_1	C 2 2 2_1	8
1 0 0 0 1 0 0 0 1 0 0 0
-1 0 0 0 -1 0 0 0 1 0 0 12
1 0 0 0 -1 0 0 0 -1 0 0 0
-1 0 0 0 1 0 0 0 -1 0 0 12
1 0 0 0 1 0 0 0 1 12 12 0
-1 0 0 0 -1 0 0 0 1 12 12 12
1 0 0 0 -1 0 0 0 -1 12 12 0
-1 0 0 0 1 0 0 0 -1 12 12 12
117	20	cab	A 2a 2a	A 2_1 2 2	A2_122	A 2_1 2 2	8
1 0 0 0 1 0 0 0 1 0 0 0
-1 0 0 0 -1 0 0 0 1 12 0 0
1 0 0 0 -1 0 0 0 -1 12 0 0
-1 0 0 0 1 0 0 0 -1 0 0 0
1 0 0 0 1 0 0 0 1 0 12 12
-1 0 0 0 -1 0 0 0 1 12 12 12
1 0 0 0 -1 0 0 0 -1 12 12 12
-1 0 0 0 1 0 0 0 -1 0 12 12
118	20	bca	B 2 2b	B 2 2_1 2	B22_12	B 2 2_1 2	8
1 0 0 0 1 0 0 0 1 0 0 0
-1 0 0 0 -1 0 0 0 1 0 0 0
1 0 0 0 -1 0 0 0 -1 0 12 0
-1 0 0 0 1 0 0 0 -1 0 12 0
1 0 0 0 1 0 0 0 1 12 0 12
-1 0 0 0 -1 0 0 0 1 12 0 12
1 0 0 0 -1 0 0 0 -1 12 12 12
-1 0 0 0 1 0 0 0 -1 12 12 12
119	21	-	C 2 2	C 2 2 2	C222	C 2 2 2	8
1 0 0 0 1 0 0 0 1 0 0 0
-1 0 0 0 -1 0 0 0 1 0 0 0
1 0 0 0 -1 0 0 0 -1 0 0 0
-1 0 0 0 1 0 0 0 -1 0 0 0
1 0 0 0 1 0 0 0 1 12 12 0
-1 0 0 0 -1 0 0 0 1 12 12 0
1 0 0 0 -1 0 0 0 -1 12 12 0
-1 0 0 0 1 0 0 0 -1 12 12 0
120	21	cab	A 2 2	A 2 2 2	A222	A 2 2 2	8
1 0 0 0 1 0 0 0 1 0 0 0
-1 0 0 0 -1 0 0 0 1 0 0 0
1 0 0 0 -1 0 0 0 -1 0 0 0
-1 0 0 0 1 0 0 0 -1 0 0 0
1 0 0 0 1 0 0 0 1 0 12 12
-1 0 0 0 -1 0 0 0 1 0 12 12
1 0 0 0 -1 0 0 0 -1 0 12 12
-1 0 0 0 1 0 0 0 -1 0 12 12
121	21	bca	B 2 2	B 2 2 2	B222	B 2 2 2	8
1 0 0 0 1 0 0 0 1 0 0 0
-1 0 0 0 -1 0 0 0 1 0 0 0
1 0 0 0 -1 0 0 0 -1 0 0 0
-1 0 0 0 1 0 0 0 -1 0 0 0
1 0 0 0 1 0 0 0 1 12 0 12
-1 0 0 0 -1 0 0 0 1 12 0 12
1 0 0 0 -1 0 0 0 -1 12 0 12
-1 0 0 0 1 0 0 0 -1 12 0 12
122	22	-	F 2 2	F 2 2 2	F222	F 2 2 2	16
1 0 0 0 1 0 0 0 1 0 0 0
-1 0 0 0 -1 0 0 0 1 0 0 0
1 0 0 0 -1 0 0 0 -1 0 0 0
-1 0 0 0 1 0 0 0 -1 0 0 0
1 0 0 0 1 0 0 0 1 0 12 12
-1 0 0 0 -1 0 0 0 1 0 12 12
1 0 0 0 -1 0 0 0 -1 0 12 12
-1 0 0 0 1 0 0 0 -1 0 12 12
1 0 0 0 1 0 0 0 1 12 0 12
-1 0 0 0 -1 0 0 0 1 12 0 12
1 0 0 0 -1 0 0 0 -1 12 0 12
-1 0 0 0 1 0 0 0 -1 12 0 12
1 0 0 0 1 0 0 0 1 12 12 0
-1 0 0 0 -1 0 0 0 1 12 12 0
1 0 0 0 -1 0 0 0 -1 12 12 0
-1 0 0 0 1 0 0 0 -1 12 12 0
123	23	-	I 2 2	I 2 2 2	I222	I 2 2 2	8
1 0 0 0 1 0 0 0 1 0 0 0
-1 0 0 0 -1 0 0 0 1 0 0 0
1 0 0 0 -1 0 0 0 -1 0 0 0
-1 0 0 0 1 0 0 0 -1 0 0 0
1 0 0 0 1 0 0 0 1 12 12 12
-1 0 0 0 -1 0 0 0 1 12 12 12
1 0 0 0 -1 0 0 0 -1 12 12 12
-1 0 0 0 1 0 0 0 -1 12 12 12
124	24	-	I 2b 2c	I 2_1 2_1 2_1	I2_12_12_1	I 2_1 2_1 2_1	8
1 0 0 0 1 0 0 0 1 0 0 0
-1 0 0 0 -1 0 0 0 1 0 12 0
1 0 0 0 -1 0 0 0 -1 0 0 12
-1 0 0 0 1 0 0 0 -1 0 12 12
1 0 0 0 1 0 0 0 1 12 12 12
-1 0 0 0 -1 0 0 0 1 12 0 12
1 0 0 0 -1 0 0 0 -1 12 12 0
-1 0 0 0 1 0 0 0 -1 12 0 0
125	25	-	P 2 -2	P m m 2	Pmm2	P m m 2	4
1 0 0 0 1 0 0 0 1 0 0 0
-1 0 0 0 -1 0 0 0 1 0 0 0
-1 0 0 0 1 0 0 0 1 0 0 0
1 0 0 0 -1 0 0 0 1 0 0 0
126	25	cab	P -2 2	P 2 m m	P2mm	P 2 m m	4
1 0 0 0 1 0 0 0 1 0 0 0
1 0 0 0 1 0 0 0 -1 0 0 0
1 0 0 0 -1 0 0 0 -1 0 0 0
1 0 0 0 -1 0 0 0 1 0 0 0
127	25	bca	P -2 -2	P m 2 m	Pm2m	P m 2 m	4
1 0 0 0 1 0 0 0 1 0 0 0
1 0 0 0 1 0 0 0 -1 0 0 0
-1 0 0 0 1 0 0 0 1 0 0 0
-1 0 0 0 1 0 0 0 -1 0 0 0
128	26	-	P 2c -2	P m c 2_1	Pmc2_1	P m c 2_1	4
1 0 0 0 1 0 0 0 1 0 0 0
-1 0 0 0 -1 0 0 0 1 0 0 12
-1 0 0 0 1 0 0 0 1 0 0 0
1 0 0 0 -1 0 0 0 1 0 0 12
129	26	ba-c	P 2c -2c	P c m 2_1	Pcm2_1	P c m 2_1	4
1 0 0 0 1 0 0 0 1 0 0 0
-1 0 0 0 -1 0 0 0 1 0 0 12
-1 0 0 0 1 0 0 0 1 0 0 12
1 0 0 0 -1 0 0 0 1 0 0 0
130	26	cab	P -2a 2a	P 2_1 m a	P2_1ma	P 2_1 m a	4
1 0 0 0 1 0 0 0 1 0 0 0
1 0 0 0 1 0 0 0 -1 12 0 0
1 0 0 0 -1 0 0 0 -1 12 0 0
1 0 0 0 -1 0 0 0 1 0 0 0
131	26	-cba	P -2 2a	P 2_1 a m	P2_1am	P 2_1 a m	4
1 0 0 0 1 0 0 0 1 0 0 0
1 0 0 0 1 0 0 0 -1 0 0 0
1 0 0 0 -1 0 0 0 -1 12 0 0
1 0 0 0 -1 0 0 0 1 12 0 0
132	26	bca	P -2 -2b	P b 2_1 m	Pb2_1m	P b 2_1 m	4
1 0 0 0 1 0 0 0 1 0 0 0
1 0 0 0 1 0 0 0 -1 0 0 0
-1 0 0 0 1 0 0 0 1 0 12 0
-1 0 0 0 1 0 0 0 -1 0 12 0
133	26	a-cb	P -2b -2	P m 2_1 b	Pm2_1b	P m 2_1 b	4
1 0 0 0 1 0 0 0 1 0 0 0
1 0 0 0 1 0 0 0 -1 0 12 0
-1 0 0 0 1 0 0 0 1 0 0 0
-1 0 0 0 1 0 0 0 -1 0 12 0
134	27	-	P 2 -2c	P c c 2	Pcc2	P c c 2	4
1 0 0 0 1 0 0 0 1 0 0 0
-1 0 0 0 -1 0 0 0 1 0 0 0
-1 0 0 0 1 0 0 0 1 0 0 12
1 0 0 0 -1 0 0 0 1 0 0 12
135	27	cab	P -2a 2	P 2 a a	P2aa	P 2 a a	4
1 0 0 0 1 0 0 0 1 0 0 0
1 0 0 0 1 0 0 0 -1 12 0 0
1 0 0 0 -1 0 0 0 -1 0 0 0
1 0 0 0 -1 0 0 0 1 12 0 0
136	27	bca	P -2b -2b	P b 2 b	Pb2b	P b 2 b	4
1 0 0 0 1 0 0 0 1 0 0 0
1 0 0 0 1 0 0 0 -1 0 12 0
-1 0 0 0 1 0 0 0 1 0 12 0
-1 0 0 0 1 0 0 0 -1 0 0 0
137	28	-	P 2 -2a	P m a 2	Pma2	P m a 2	4
1 0 0 0 1 0 0 0 1 0 0 0
-1 0 0 0 -1 0 0 0 1 0 0 0
-1 0 0 0 1 0 0 0 1 12 0 0
1 0 0 0 -1 0 0 0 1 12 0 0
138	28	ba-c	P 2 -2b	P b m 2	Pbm2	P b m 2	4
1 0 0 0 1 0 0 0 1 0 0 0
-1 0 0 0 -1 0 0 0 1 0 0 0
-1 0 0 0 1 0 0 0 1 0 12 0
1 0 0 0 -1 0 0 0 1 0 12 0
139	28	cab	P -2b 2	P 2 m b	P2mb	P 2 m b	4
1 0 0 0 1 0 0 0 1 0 0 0
1 0 0 0 1 0 0 0 -1 0 12 0
1 0 0 0 -1 0 0 0 -1 0 0 0
1 0 0 0 -1 0 0 0 1 0 12 0
140	28	-cba	P -2c 2	P 2 c m	P2cm	P 2 c m	4
1 0 0 0 1 0 0 0 1 0 0 0
1 0 0 0 1 0 0 0 -1 0 0 12
1 0 0 0 -1 0 0 0 -1 0 0 0
1 0 0 0 -1 0 0 0 1 0 0 12
141	28	bca	P -2c -2c	P c 2 m	Pc2m	P c 2 m	4
1 0 0 0 1 0 0 0 1 0 0 0
1 0 0 0 1 0 0 0 -1 0 0 12
-1 0 0 0 1 0 0 0 1 0 0 12
-1 0 0 0 1 0 0 0 -1 0 0 0
142	28	a-cb	P -2a -2a	P m 2 a	Pm2a	P m 2 a	4
1 0 0 0 1 0 0 0 1 0 0 0
1 0 0 0 1 0 0 0 -1 12 0 0
-1 0 0 0 1 0 0 0 1 12 0 0
-1 0 0 0 1 0 0 0 -1 0 0 0
143	29	-	P 2c -2ac	P c a 2_1	Pca2_1	P c a 2_1	4
1 0 0 0 1 0 0 0 1 0 0 0
-1 0 0 0 -1 0 0 0 1 0 0 12
-1 0 0 0 1 0 0 0 1 12 0 12
1 0 0 0 -1 0 0 0 1 12 0 0
144	29	ba-c	P 2c -2b	P b c 2_1	Pbc2_1	P b c 2_1	4
1 0 0 0 1 0 0 0 1 0 0 0
-1 0 0 0 -1 0 0 0 1 0 0 12
-1 0 0 0 1 0 0 0 1 0 12 0
1 0 0 0 -1 0 0 0 1 0 12 12
145	29	cab	P -2b 2a	P 2_1 a b	P2_1ab	P 2_1 a b	4
1 0 0 0 1 0 0 0 1 0 0 0
1 0 0 0 1 0 0 0 -1 0 12 0
1 0 0 0 -1 0 0 0 -1 12 0 0
1 0 0 0 -1 0 0 0 1 12 12 0
146	29	-cba	P -2ac 2a	P 2_1 c a	P2_1ca	P 2_1 c a	4
1 0 0 0 1 0 0 0 1 0 0 0
1 0 0 0 1 0 0 0 -1 12 0 12
1 0 0 0 -1 0 0 0 -1 12 0 0
1 0 0 0 -1 0 0 0 1 0 0 12
147	29	bca	P -2bc -2c	P c 2_1 b	Pc2_1b	P c 2_1 b	4
1 0 0 0 1 0 0 0 1 0 0 0
1 0 0 0 1 0 0 0 -1 0 12 12
-1 0 0 0 1 0 0 0 1 0 0 12
-1 0 0 0 1 0 0 0 -1 0 12 0
148	29	a-cb	P -2a -2ab	P b 2_1 a	Pb2_1a	P b 2_1 a	4
1 0 0 0 1 0 0 0 1 0 0 0
1 0 0 0 1 0 0 0 -1 12 0 0
-1 0 0 0 1 0 0 0 1 12 12 0
-1 0 0 0 1 0 0 0 -1 0 12 0
149	30	-	P 2 -2bc	P n c 2	Pnc2	P n c 2	4
1 0 0 0 1 0 0 0 1 0 0 0
-1 0 0 0 -1 0 0 0 1 0 0 0
-1 0 0 0 1 0 0 0 1 0 12 12
1 0 0 0 -1 0 0 0 1 0 12 12
150	30	ba-c	P 2 -2ac	P c n 2	Pcn2	P c n 2	4
1 0 0 0 1 0 0 0 1 0 0 0
-1 0 0 0 -1 0 0 0 1 0 0 0
-1 0 0 0 1 0 0 0 1 12 0 12
1 0 0 0 -1 0 0 0 1 12 0 12
151	30	cab	P -2ac 2	P 2 n a	P2na	P 2 n a	4
1 0 0 0 1 0 0 0 1 0 0 0
1 0 0 0 1 0 0 0 -1 12 0 12
1 0 0 0 -1 0 0 0 -1 0 0 0
1 0 0 0 -1 0 0 0 1 12 0 12
152	30	-cba	P -2ab 2	P 2 a n	P2an	P 2 a n	4
1 0 0 0 1 0 0 0 1 0 0 0
1 0 0 0 1 0 0 0 -1 12 12 0
1 0 0 0 -1 0 0 0 -1 0 0 0
1 0 0 0 -1 0 0 0 1 12 12 0
153	30	bca	P -2ab -2ab	P b 2 n	Pb2n	P b 2 n	4
1 0 0 0 1 0 0 0 1 0 0 0
1 0 0 0 1 0 0 0 -1 12 12 0
-1 0 0 0 1 0 0 0 1 12 12 0
-1 0 0 0 1 0 0 0 -1 0 0 0
154	30	a-cb	P -2bc -2bc	P n 2 b	Pn2b	P n 2 b	4
1 0 0 0 1 0 0 0 1 0 0 0
1 0 0 0 1 0 0 0 -1 0 12 12
-1 0 0 0 1 0 0 0 1 0 12 12
-1 0 0 0 1 0 0 0 -1 0 0 0
155	31	-	P 2ac -2	P m n 2_1	Pmn2_1	P m n 2_1	4
1 0 0 0 1 0 0 0 1 0 0 0
-1 0 0 0 -1 0 0 0 1 12 0 12
-1 0 0 0 1 0 0 0 1 0 0 0
1 0 0 0 -1 0 0 0 1 12 0 12
156	31	ba-c	P 2bc -2bc	P n m 2_1	Pnm2_1	P n m 2_1	4
1 0 0 0 1 0 0 0 1 0 0 0
-1 0 0 0 -1 0 0 0 1 0 12 12
-1 0 0 0 1 0 0 0 1 0 12 12
1 0 0 0 -1 0 0 0 1 0 0 0
157	31	cab	P -2ab 2ab	P 2_1 m n	P2_1mn	P 2_1 m n	4
1 0 0 0 1 0 0 0 1 0 0 0
1 0 0 0 1 0 0 0 -1 12 12 0
1 0 0 0 -1 0 0 0 -1 12 12 0
1 0 0 0 -1 0 0 0 1 0 0 0
158	31	-cba	P -2 2ac	P 2_1 n m	P2_1nm	P 2_1 n m	4
1 0 0 0 1 0 0 0 1 0 0 0
1 0 0 0 1 0 0 0 -1 0 0 0
1 0 0 0 -1 0 0 0 -1 12 0 12
1 0 0 0 -1 0 0 0 1 12 0 12
159	31	bca	P -2 -2bc	P n 2_1 m	Pn2_1m	P n 2_1 m	4
1 0 0 0 1 0 0 0 1 0 0 0
1 0 0 0 1 0 0 0 -1 0 0 0
-1 0 0 0 1 0 0 0 1 0 12 12
-1 0 0 0 1 0 0 0 -1 0 12 12
160	31	a-cb	P -2ab -2	P m 2_1 n	Pm2_1n	P m 2_1 n	4
1 0 0 0 1 0 0 0 1 0 0 0
1 0 0 0 1 0 0 0 -1 12 12 0
-1 0 0 0 1 0 0 0 1 0 0 0
-1 0 0 0 1 0 0 0 -1 12 12 0
161	32	-	P 2 -2ab	P b a 2	Pba2	P b a 2	4
1 0 0 0 1 0 0 0 1 0 0 0
-1 0 0 0 -1 0 0 0 1 0 0 0
-1 0 0 0 1 0 0 0 1 12 12 0
1 0 0 0 -1 0 0 0 1 12 12 0
162	32	cab	P -2bc 2	P 2 c b	P2cb	P 2 c b	4
1 0 0 0 1 0 0 0 1 0 0 0
1 0 0 0 1 0 0 0 -1 0 12 12
1 0 0 0 -1 0 0 0 -1 0 0 0
1 0 0 0 -1 0 0 0 1 0 12 12
163	32	bca	P -2ac -2ac	P c 2 a	Pc2a	P c 2 a	4
1 0 0 0 1 0 0 0 1 0 0 0
1 0 0 0 1 0 0 0 -1 12 0 12
-1 0 0 0 1 0 0 0 1 12 0 12
-1 0 0 0 1 0 0 0 -1 0 0 0
164	33	-	P 2c -2n	P n a 2_1	Pna2_1	P n a 2_1	4
1 0 0 0 1 0 0 0 1 0 0 0
-1 0 0 0 -1 0 0 0 1 0 0 12
-1 0 0 0 1 0 0 0 1 12 12 12
1 0 0 0 -1 0 0 0 1 12 12 0
165	33	ba-c	P 2c -2ab	P b n 2_1	Pbn2_1	P b n 2_1	4
1 0 0 0 1 0 0 0 1 0 0 0
-1 0 0 0 -1 0 0 0 1 0 0 12
-1 0 0 0 1 0 0 0 1 12 12 0
1 0 0 0 -1 0 0 0 1 12 12 12
166	33	cab	P -2bc 2a	P 2_1 n b	P2_1nb	P 2_1 n b	4
1 0 0 0 1 0 0 0 1 0 0 0
1 0 0 0 1 0 0 0 -1 0 12 12
1 0 0 0 -1 0 0 0 -1 12 0 0
1 0 0 0 -1 0 0 0 1 12 12 12
167	33	-cba	P -2n 2a	P 2_1 c n	P2_1cn	P 2_1 c n	4
1 0 0 0 1 0 0 0 1 0 0 0
1 0 0 0 1 0 0 0 -1 12 12 12
1 0 0 0 -1 0 0 0 -1 12 0 0
1 0 0 0 -1 0 0 0 1 0 12 12
168	33	bca	P -2n -2ac	P c 2_1 n	Pc2_1n	P c 2_1 n	4
1 0 0 0 1 0 0 0 1 0 0 0
1 0 0 0 1 0 0 0 -1 12 12 12
-1 0 0 0 1 0 0 0 1 12 0 12
-1 0 0 0 1 0 0 0 -1 0 12 0
169	33	a-cb	P -2ac -2n	P n 2_1 a	Pn2_1a	P n 2_1 a	4
1 0 0 0 1 0 0 0 1 0 0 0
1 0 0 0 1 0 0 0 -1 12 0 12
-1 0 0 0 1 0 0 0 1 12 12 12
-1 0 0 0 1 0 0 0 -1 0 12 0
170	34	-	P 2 -2n	P n n 2	Pnn2	P n n 2	4
1 0 0 0 1 0 0 0 1 0 0 0
-1 0 0 0 -1 0 0 0 1 0 0 0
-1 0 0 0 1 0 0 0 1 12 12 12
1 0 0 0 -1 0 0 0 1 12 12 12
171	34	cab	P -2n 2	P 2 n n	P2nn	P 2 n n	4
1 0 0 0 1 0 0 0 1 0 0 0
1 0 0 0 1 0 0 0 -1 12 12 12
1 0 0 0 -1 0 0 0 -1 0 0 0
1 0 0 0 -1 0 0 0 1 12 12 12
172	34	bca	P -2n -2n	P n 2 n	Pn2n	P n 2 n	4
1 0 0 0 1 0 0 0 1 0 0 0
1 0 0 0 1 0 0 0 -1 12 12 12
-1 0 0 0 1 0 0 0 1 12 12 12
-1 0 0 0 1 0 0 0 -1 0 0 0
173	35	-	C 2 -2	C m m 2	Cmm2	C m m 2	8
1 0 0 0 1 0 0 0 1 0 0 0
-1 0 0 0 -1 0 0 0 1 0 0 0
-1 0 0 0 1 0 0 0 1 0 0 0
1 0 0 0 -1 0 0 0 1 0 0 0
1 0 0 0 1 0 0 0 1 12 12 0
-1 0 0 0 -1 0 0 0 1 12 12 0
-1 0 0 0 1 0 0 0 1 12 12 0
1 0 0 0 -1 0 0 0 1 12 12 0
174	35	cab	A -2 2	A 2 m m	A2mm	A 2 m m	8
1 0 0 0 1 0 0 0 1 0 0 0
1 0 0 0 1 0 0 0 -1 0 0 0
1 0 0 0 -1 0 0 0 -1 0 0 0
1 0 0 0 -1 0 0 0 1 0 0 0
1 0 0 0 1 0 0 0 1 0 12 12
1 0 0 0 1 0 0 0 -1 0 12 12
1 0 0 0 -1 0 0 0 -1 0 12 12
1 0 0 0 -1 0 0 0 1 0 12 12
175	35	bca	B -2 -2	B m 2 m	Bm2m	B m 2 m	8
1 0 0 0 1 0 0 0 1 0 0 0
1 0 0 0 1 0 0 0 -1 0 0 0
-1 0 0 0 1 0 0 0 1 0 0 0
-1 0 0 0 1 0 0 0 -1 0 0 0
1 0 0 0 1 0 0 0 1 12 0 12
1 0 0 0 1 0 0 0 -1 12 0 12
-1 0 0 0 1 0 0 0 1 12 0 12
-1 0 0 0 1 0 0 0 -1 12 0 12
176	36	-	C 2c -2	C m c 2_1	Cmc2_1	C m c 2_1	8
1 0 0 0 1 0 0 0 1 0 0 0
-1 0 0 0 -1 0 0 0 1 0 0 12
-1 0 0 0 1 0 0 0 1 0 0 0
1 0 0 0 -1 0 0 0 1 0 0 12
1 0 0 0 1 0 0 0 1 12 12 0
-1 0 0 0 -1 0 0 0 1 12 12 12
-1 0 0 0 1 0 0 0 1 12 12 0
1 0 0 0 -1 0 0 0 1 12 12 12
177	36	ba-c	C 2c -2c	C c m 2_1	Ccm2_1	C c m 2_1	8
1 0 0 0 1 0 0 0 1 0 0 0
-1 0 0 0 -1 0 0 0 1 0 0 12
-1 0 0 0 1 0 0 0 1 0 0 12
1 0 0 0 -1 0 0 0 1 0 0 0
1 0 0 0 1 0 0 0 1 12 12 0
-1 0 0 0 -1 0 0 0 1 12 12 12
-1 0 0 0 1 0 0 0 1 12 12 12
1 0 0 0 -1 0 0 0 1 12 12 0
178	36	cab	A -2a 2a	A 2_1 m a	A2_1ma	A 2_1 m a	8
1 0 0 0 1 0 0 0 1 0 0 0
1 0 0 0 1 0 0 0 -1 12 0 0
1 0 0 0 -1 0 0 0 -1 12 0 0
1 0 0 0 -1 0 0 0 1 0 0 0
1 0 0 0 1 0 0 0 1 0 12 12
1 0 0 0 1 0 0 0 -1 12 12 12
1 0 0 0 -1 0 0 0 -1 12 12 12
1 0 0 0 -1 0 0 0 1 0 12 12
179	36	-cba	A -2 2a	A 2_1 a m	A2_1am	A 2_1 a m	8
1 0 0 0 1 0 0 0 1 0 0 0
1 0 0 0 1 0 0 0 -1 0 0 0
1 0 0 0 -1 0 0 0 -1 12 0 0
1 0 0 0 -1 0 0 0 1 12 0 0
1 0 0 0 1 0 0 0 1 0 12 12
1 0 0 0 1 0 0 0 -1 0 12 12
1 0 0 0 -1 0 0 0 -1 12 12 12
1 0 0 0 -1 0 0 0 1 12 12 12
180	36	bca	B -2 -2b	B b 2_1 m	Bb2_1m	B b 2_1 m	8
1 0 0 0 1 0 0 0 1 0 0 0
1 0 0 0 1 0 0 0 -1 0 0 0
-1 0 0 0 1 0 0 0 1 0 12 0
-1 0 0 0 1 0 0 0 -1 0 12 0
1 0 0 0 1 0 0 0 1 12 0 12
1 0 0 0 1 0 0 0 -1 12 0 12
-1 0 0 0 1 0 0 0 1 12 12 12
-1 0 0 0 1 0 0 0 -1 12 12 12
181	36	a-cb	B -2b -2	B m 2_1 b	Bm2_1b	B m 2_1 b	8
1 0 0 0 1 0 0 0 1 0 0 0
1 0 0 0 1 0 0 0 -1 0 12 0
-1 0 0 0 1 0 0 0 1 0 0 0
-1 0 0 0 1 0 0 0 -1 0 12 0
1 0 0 0 1 0 0 0 1 12 0 12
1 0 0 0 1 0 0 0 -1 12 12 12
-1 0 0 0 1 0 0 0 1 12 0 12
-1 0 0 0 1 0 0 0 -1 12 12 12
182	37	-	C 2 -2c	C c c 2	Ccc2	C c c 2	8
1 0 0 0 1 0 0 0 1 0 0 0
-1 0 0 0 -1 0 0 0 1 0 0 0
-1 0 0 0 1 0 0 0 1 0 0 12
1 0 0 0 -1 0 0 0 1 0 0 12
1 0 0 0 1 0 0 0 1 12 12 0
-1 0 0 0 -1 0 0 0 1 12 12 0
-1 0 0 0 1 0 0 0 1 12 12 12
1 0 0 0 -1 0 0 0 1 12 12 12
183	37	cab	A -2a 2	A 2 a a	A2aa	A 2 a a	8
1 0 0 0 1 0 0 0 1 0 0 0
1 0 0 0 1 0 0 0 -1 12 0 0
1 0 0 0 -1 0 0 0 -1 0 0 0
1 0 0 0 -1 0 0 0 1 12 0 0
1 0 0 0 1 0 0 0 1 0 12 12
1 0 0 0 1 0 0 0 -1 12 12 12
1 0 0 0 -1 0 0 0 -1 0 12 12
1 0 0 0 -1 0 0 0 1 12 12 12
184	37	bca	B -2b -2b	B b 2 b	Bb2b	B b 2 b	8
1 0 0 0 1 0 0 0 1 0 0 0
1 0 0 0 1 0 0 0 -1 0 12 0
-1 0 0 0 1 0 0 0 1 0 12 0
-1 0 0 0 1 0 0 0 -1 0 0 0
1 0 0 0 1 0 0 0 1 12 0 12
1 0 0 0 1 0 0 0 -1 12 12 12
-1 0 0 0 1 0 0 0 1 12 12 12
-1 0 0 0 1 0 0 0 -1 12 0 12
185	38	-	A 2 -2	A m m 2	Amm2	A m m 2	8
1 0 0 0 1 0 0 0 1 0 0 0
-1 0 0 0 -1 0 0 0 1 0 0 0
-1 0 0 0 1 0 0 0 1 0 0 0
1 0 0 0 -1 0 0 0 1 0 0 0
1 0 0 0 1 0 0 0 1 0 12 12
-1 0 0 0 -1 0 0 0 1 0 12 12
-1 0 0 0 1 0 0 0 1 0 12 12
1 0 0 0 -1 0 0 0 1 0 12 12
186	38	ba-c	B 2 -2	B m m 2	Bmm2	B m m 2	8
1 0 0 0 1 0 0 0 1 0 0 0
-1 0 0 0 -1 0 0 0 1 0 0 0
-1 0 0 0 1 0 0 0 1 0 0 0
1 0 0 0 -1 0 0 0 1 0 0 0
1 0 0 0 1 0 0 0 1 12 0 12
-1 0 0 0 -1 0 0 0 1 12 0 12
-1 0 0 0 1 0 0 0 1 12 0 12
1 0 0 0 -1 0 0 0 1 12 0 12
187	38	cab	B -2 2	B 2 m m	B2mm	B 2 m m	8
1 0 0 0 1 0 0 0 1 0 0 0
1 0 0 0 1 0 0 0 -1 0 0 0
1 0 0 0 -1 0 0 0 -1 0 0 0
1 0 0 0 -1 0 0 0 1 0 0 0
1 0 0 0 1 0 0 0 1 12 0 12
1 0 0 0 1 0 0 0 -1 12 0 12
1 0 0 0 -1 0 0 0 -1 12 0 12
1 0 0 0 -1 0 0 0 1 12 0 12
188	38	-cba	C -2 2	C 2 m m	C2mm	C 2 m m	8
1 0 0 0 1 0 0 0 1 0 0 0
1 0 0 0 1 0 0 0 -1 0 0 0
1 0 0 0 -1 0 0 0 -1 0 0 0
1 0 0 0 -1 0 0 0 1 0 0 0
1 0 0 0 1 0 0 0 1 12 12 0
1 0 0 0 1 0 0 0 -1 12 12 0
1 0 0 0 -1 0 0 0 -1 12 12 0
1 0 0 0 -1 0 0 0 1 12 12 0
189	38	bca	C -2 -2	C m 2 m	Cm2m	C m 2 m	8
1 0 0 0 1 0 0 0 1 0 0 0
1 0 0 0 1 0 0 0 -1 0 0 0
-1 0 0 0 1 0 0 0 1 0 0 0
-1 0 0 0 1 0 0 0 -1 0 0 0
1 0 0 0 1 0 0 0 1 12 12 0
1 0 0 0 1 0 0 0 -1 12 12 0
-1 0 0 0 1 0 0 0 1 12 12 0
-1 0 0 0 1 0 0 0 -1 12 12 0
190	38	a-cb	A -2 -2	A m 2 m	Am2m	A m 2 m	8
1 0 0 0 1 0 0 0 1 0 0 0
1 0 0 0 1 0 0 0 -1 0 0 0
-1 0 0 0 1 0 0 0 1 0 0 0
-1 0 0 0 1 0 0 0 -1 0 0 0
1 0 0 0 1 0 0 0 1 0 12 12
1 0 0 0 1 0 0 0 -1 0 12 12
-1 0 0 0 1 0 0 0 1 0 12 12
-1 0 0 0 1 0 0 0 -1 0 12 12
191	39	-	A 2 -2b	A e m 2	Aem2	A e m 2	8
1 0 0 0 1 0 0 0 1 0 0 0
-1 0 0 0 -1 0 0 0 1 0 0 0
-1 0 0 0 1 0 0 0 1 0 12 0
1 0 0 0 -1 0 0 0 1 0 12 0
1 0 0 0 1 0 0 0 1 0 12 12
-1 0 0 0 -1 0 0 0 1 0 12 12
-1 0 0 0 1 0 0 0 1 0 0 12
1 0 0 0 -1 0 0 0 1 0 0 12
192	39	ba-c	B 2 -2a	B m e 2	Bme2	B m e 2	8
1 0 0 0 1 0 0 0 1 0 0 0
-1 0 0 0 -1 0 0 0 1 0 0 0
-1 0 0 0 1 0 0 0 1 12 0 0
1 0 0 0 -1 0 0 0 1 12 0 0
1 0 0 0 1 0 0 0 1 12 0 12
-1 0 0 0 -1 0 0 0 1 12 0 12
-1 0 0 0 1 0 0 0 1 0 0 12
1 0 0 0 -1 0 0 0 1 0 0 12
193	39	cab	B -2a 2	B 2 e m	B2em	B 2 e m	8
1 0 0 0 1 0 0 0 1 0 0 0
1 0 0 0 1 0 0 0 -1 12 0 0
1 0 0 0 -1 0 0 0 -1 0 0 0
1 0 0 0 -1 0 0 0 1 12 0 0
1 0 0 0 1 0 0 0 1 12 0 12
1 0 0 0 1 0 0 0 -1 0 0 12
1 0 0 0 -1 0 0 0 -1 12 0 12
1 0 0 0 -1 0 0 0 1 0 0 12
194	39	-cba	C -2a 2	C 2 m e	C2me	C 2 m e	8
1 0 0 0 1 0 0 0 1 0 0 0
1 0 0 0 1 0 0 0 -1 12 0 0
1 0 0 0 -1 0 0 0 -1 0 0 0
1 0 0 0 -1 0 0 0 1 12 0 0
1 0 0 0 1 0 0 0 1 12 12 0
1 0 0 0 1 0 0 0 -1 0 12 0
1 0 0 0 -1 0 0 0 -1 12 12 0
1 0 0 0 -1 0 0 0 1 0 12 0
195	39	bca	C -2a -2a	C m 2 e	Cm2e	C m 2 e	8
1 0 0 0 1 0 0 0 1 0 0 0
1 0 0 0 1 0 0 0 -1 12 0 0
-1 0 0 0 1 0 0 0 1 12 0 0
-1 0 0 0 1 0 0 0 -1 0 0 0
1 0 0 0 1 0 0 0 1 12 12 0
1 0 0 0 1 0 0 0 -1 0 12 0
-1 0 0 0 1 0 0 0 1 0 12 0
-1 0 0 0 1 0 0 0 -1 12 12 0
196	39	a-cb	A -2b -2b	A e 2 m	Ae2m	A e 2 m	8
1 0 0 0 1 0 0 0 1 0 0 0
1 0 0 0 1 0 0 0 -1 0 12 0
-1 0 0 0 1 0 0 0 1 0 12 0
-1 0 0 0 1 0 0 0 -1 0 0 0
1 0 0 0 1 0 0 0 1 0 12 12
1 0 0 0 1 0 0 0 -1 0 0 12
-1 0 0 0 1 0 0 0 1 0 0 12
-1 0 0 0 1 0 0 0 -1 0 12 12
197	40	-	A 2 -2a	A m a 2	Ama2	A m a 2	8
1 0 0 0 1 0 0 0 1 0 0 0
-1 0 0 0 -1 0 0 0 1 0 0 0
-1 0 0 0 1 0 0 0 1 12 0 0
1 0 0 0 -1 0 0 0 1 12 0 0
1 0 0 0 1 0 0 0 1 0 12 12
-1 0 0 0 -1 0 0 0 1 0 12 12
-1 0 0 0 1 0 0 0 1 12 12 12
1 0 0 0 -1 0 0 0 1 12 12 12
198	40	ba-c	B 2 -2b	B b m 2	Bbm2	B b m 2	8
1 0 0 0 1 0 0 0 1 0 0 0
-1 0 0 0 -1 0 0 0 1 0 0 0
-1 0 0 0 1 0 0 0 1 0 12 0
1 0 0 0 -1 0 0 0 1 0 12 0
1 0 0 0 1 0 0 0 1 12 0 12
-1 0 0 0 -1 0 0 0 1 12 0 12
-1 0 0 0 1 0 0 0 1 12 12 12
1 0 0 0 -1 0 0 0 1 12 12 12
199	40	cab	B -2b 2	B 2 m b	B2mb	B 2 m b	8
1 0 0 0 1 0 0 0 1 0 0 0
1 0 0 0 1 0 0 0 -1 0 12 0
1 0 0 0 -1 0 0 0 -1 0 0 0
1 0 0 0 -1 0 0 0 1 0 12 0
1 0 0 0 1 0 0 0 1 12 0 12
1 0 0 0 1 0 0 0 -1 12 12 12
1 0 0 0 -1 0 0 0 -1 12 0 12
1 0 0 0 -1 0 0 0 1 12 12 12
200	40	-cba	C -2c 2	C 2 c m	C2cm	C 2 c m	8
1 0 0 0 1 0 0 0 1 0 0 0
1 0 0 0 1 0 0 0 -1 0 0 12
1 0 0 0 -1 0 0 0 -1 0 0 0
1 0 0 0 -1 0 0 0 1 0 0 12
1 0 0 0 1 0 0 0 1 12 12 0
1 0 0 0 1 0 0 0 -1 12 12 12
1 0 0 0 -1 0 0 0 -1 12 12 0
1 0 0 0 -1 0 0 0 1 12 12 12
201	40	bca	C -2c -2c	C c 2 m	Cc2m	C c 2 m	8
1 0 0 0 1 0 0 0 1 0 0 0
1 0 0 0 1 0 0 0 -1 0 0 12
-1 0 0 0 1 0 0 0 1 0 0 12
-1 0 0 0 1 0 0 0 -1 0 0 0
1 0 0 0 1 0 0 0 1 12 12 0
1 0 0 0 1 0 0 0 -1 12 12 12
-1 0 0 0 1 0 0 0 1 12 12 12
-1 0 0 0 1 0 0 0 -1 12 12 0
202	40	a-cb	A -2a -2a	A m 2 a	Am2a	A m 2 a	8
1 0 0 0 1 0 0 0 1 0 0 0
1 0 0 0 1 0 0 0 -1 12 0 0
-1 0 0 0 1 0 0 0 1 12 0 0
-1 0 0 0 1 0 0 0 -1 0 0 0
1 0 0 0 1 0 0 0 1 0 12 12
1 0 0 0 1 0 0 0 -1 12 12 12
-1 0 0 0 1 0 0 0 1 12 12 12
-1 0 0 0 1 0 0 0 -1 0 12 12
203	41	-	A 2 -2ab	A e a 2	Aea2	A e a 2	8
1 0 0 0 1 0 0 0 1 0 0 0
-1 0 0 0 -1 0 0 0 1 0 0 0
-1 0 0 0 1 0 0 0 1 12 12 0
1 0 0 0 -1 0 0 0 1 12 12 0
1 0 0 0 1 0 0 0 1 0 12 12
-1 0 0 0 -1 0 0 0 1 0 12 12
-1 0 0 0 1 0 0 0 1 12 0 12
1 0 0 0 -1 0 0 0 1 12 0 12
204	41	ba-c	B 2 -2ab	B b e 2	Bbe2	B b e 2	8
1 0 0 0 1 0 0 0 1 0 0 0
-1 0 0 0 -1 0 0 0 1 0 0 0
-1 0 0 0 1 0 0 0 1 12 12 0
1 0 0 0 -1 0 0 0 1 12 12 0
1 0 0 0 1 0 0 0 1 12 0 12
-1 0 0 0 -1 0 0 0 1 12 0 12
-1 0 0 0 1 0 0 0 1 0 12 12
1 0 0 0 -1 0 0 0 1 0 12 12
205	41	cab	B -2ab 2	B 2 e b	B2eb	B 2 e b	8
1 0 0 0 1 0 0 0 1 0 0 0
1 0 0 0 1 0 0 0 -1 12 12 0
1 0 0 0 -1 0 0 0 -1 0 0 0
1 0 0 0 -1 0 0 0 1 12 12 0
1 0 0 0 1 0 0 0 1 12 0 12
1 0 0 0 1 0 0 0 -1 0 12 12
1 0 0 0 -1 0 0 0 -1 12 0 12
1 0 0 0 -1 0 0 0 1 0 12 12
206	41	-cba	C -2ac 2	C 2 c e	C2ce	C 2 c e	8
1 0 0 0 1 0 0 0 1 0 0 0
1 0 0 0 1 0 0 0 -1 12 0 12
1 0 0 0 -1 0 0 0 -1 0 0 0
1 0 0 0 -1 0 0 0 1 12 0 12
1 0 0 0 1 0 0 0 1 12 12 0
1 0 0 0 1 0 0 0 -1 0 12 12
1 0 0 0 -1 0 0 0 -1 12 12 0
1 0 0 0 -1 0 0 0 1 0 12 12
207	41	bca	C -2ac -2ac	C c 2 e	Cc2e	C c 2 e	8
1 0 0 0 1 0 0 0 1 0 0 0
1 0 0 0 1 0 0 0 -1 12 0 12
-1 0 0 0 1 0 0 0 1 12 0 12
-1 0 0 0 1 0 0 0 -1 0 0 0
1 0 0 0 1 0 0 0 1 12 12 0
1 0 0 0 1 0 0 0 -1 0 12 12
-1 0 0 0 1 0 0 0 1 0 12 12
-1 0 0 0 1 0 0 0 -1 12 12 0
208	41	a-cb	A -2ab -2ab	A e 2 a	Ae2a	A e 2 a	8
1 0 0 0 1 0 0 0 1 0 0 0
1 0 0 0 1 0 0 0 -1 12 12 0
-1 0 0 0 1 0 0 0 1 12 12 0
-1 0 0 0 1 0 0 0 -1 0 0 0
1 0 0 0 1 0 0 0 1 0 12 12
1 0 0 0 1 0 0 0 -1 12 0 12
-1 0 0 0 1 0 0 0 1 12 0 12
-1 0 0 0 1 0 0 0 -1 0 12 12
209	42	-	F 2 -2	F m m 2	Fmm2	F m m 2	16
1 0 0 0 1 0 0 0 1 0 0 0
-1 0 0 0 -1 0 0 0 1 0 0 0
-1 0 0 0 1 0 0 0 1 0 0 0
1 0 0 0 -1 0 0 0 1 0 0 0
1 0 0 0 1 0 0 0 1 0 12 12
-1 0 0 0 -1 0 0 0 1 0 12 12
-1 0 0 0 1 0 0 0 1 0 12 12
1 0 0 0 -1 0 0 0 1 0 12 12
1 0 0 0 1 0 0 0 1 12 0 12
-1 0 0 0 -1 0 0 0 1 12 0 12
-1 0 0 0 1 0 0 0 1 12 0 12
1 0 0 0 -1 0 0 0 1 12 0 12
1 0 0 0 1 0 0 0 1 12 12 0
-1 0 0 0 -1 0 0 0 1 12 12 0
-1 0 0 0 1 0 0 0 1 12 12 0
1 0 0 0 -1 0 0 0 1 12 12 0
210	42	cab	F -2 2	F 2 m m	F2mm	F 2 m m	16
1 0 0 0 1 0 0 0 1 0 0 0
1 0 0 0 1 0 0 0 -1 0 0 0
1 0 0 0 -1 0 0 0 -1 0 0 0
1 0 0 0 -1 0 0 0 1 0 0 0
1 0 0 0 1 0 0 0 1 0 12 12
1 0 0 0 1 0 0 0 -1 0 12 12
1 0 0 0 -1 0 0 0 -1 0 12 12
1 0 0 0 -1 0 0 0 1 0 12 12
1 0 0 0 1 0 0 0 1 12 0 12
1 0 0 0 1 0 0 0 -1 12 0 12
1 0 0 0 -1 0 0 0 -1 12 0 12
1 0 0 0 -1 0 0 0 1 12 0 12
1 0 0 0 1 0 0 0 1 12 12 0
1 0 0 0 1 0 0 0 -1 12 12 0
1 0 0 0 -1 0 0 0 -1 12 12 0
1 0 0 0 -1 0 0 0 1 12 12 0
211	42	bca	F -2 -2	F m 2 m	Fm2m	F m 2 m	16
1 0 0 0 1 0 0 0 1 0 0 0
1 0 0 0 1 0 0 0 -1 0 0 0
-1 0 0 0 1 0 0 0 1 0 0 0
-1 0 0 0 1 0 0 0 -1 0 0 0
1 0 0 0 1 0 0 0 1 0 12 12
1 0 0 0 1 0 0 0 -1 0 12 12
-1 0 0 0 1 0 0 0 1 0 12 12
-1 0 0 0 1 0 0 0 -1 0 12 12
1 0 0 0 1 0 0 0 1 12 0 12
1 0 0 0 1 0 0 0 -1 12 0 12
-1 0 0 0 1 0 0 0 1 12 0 12
-1 0 0 0 1 0 0 0 -1 12 0 12
1 0 0 0 1 0 0 0 1 12 12 0
1 0 0 0 1 0 0 0 -1 12 12 0
-1 0 0 0 1 0 0 0 1 12 12 0
-1 0 0 0 1 0 0 0 -1 12 12 0
212	43	-	F 2 -2d	F d d 2	Fdd2	F d d 2	16
1 0 0 0 1 0 0 0 1 0 0 0
-1 0 0 0 -1 0 0 0 1 0 0 0
-1 0 0 0 1 0 0 0 1 6 18 18
1 0 0 0 -1 0 0 0 1 6 18 18
1 0 0 0 1 0 0 0 1 0 12 12
-1 0 0 0 -1 0 0 0 1 0 12 12
-1 0 0 0 1 0 0 0 1 6 6 6
1 0 0 0 -1 0 0 0 1 6 6 6
1 0 0 0 1 0 0 0 1 12 0 12
-1 0 0 0 -1 0 0 0 1 12 0 12
-1 0 0 0 1 0 0 0 1 18 18 6
1 0 0 0 -1 0 0 0 1 18 18 6
1 0 0 0 1 0 0 0 1 12 12 0
-1 0 0 0 -1 0 0 0 1 12 12 0
-1 0 0 0 1 0 0 0 1 18 6 18
1 0 0 0 -1 0 0 0 1 18 6 18
213	43	cab	F -2d 2	F 2 d d	F2dd	F 2 d d	16
1 0 0 0 1 0 0 0 1 0 0 0
1 0 0 0 1 0 0 0 -1 18 18 6
1 0 0 0 -1 0 0 0 -1 0 0 0
1 0 0 0 -1 0 0 0 1 18 6 18
1 0 0 0 1 0 0 0 1 0 12 12
1 0 0 0 1 0 0 0 -1 18 6 18
1 0 0 0 -1 0 0 0 -1 0 12 12
1 0 0 0 -1 0 0 0 1 18 18 6
1 0 0 0 1 0 0 0 1 12 0 12
1 0 0 0 1 0 0 0 -1 6 18 18
1 0 0 0 -1 0 0 0 -1 12 0 12
1 0 0 0 -1 0 0 0 1 6 6 6
1 0 0 0 1 0 0 0 1 12 12 0
1 0 0 0 1 0 0 0 -1 6 6 6
1 0 0 0 -1 0 0 0 -1 12 12 0
1 0 0 0 -1 0 0 0 1 6 18 18
214	43	bca	F -2d -2d	F d 2 d	Fd2d	F d 2 d	16
1 0 0 0 1 0 0 0 1 0 0 0
1 0 0 0 1 0 0 0 -1 18 18 6
-1 0 0 0 1 0 0 0 1 6 18 18
-1 0 0 0 1 0 0 0 -1 12 12 0
1 0 0 0 1 0 0 0 1 0 12 12
1 0 0 0 1 0 0 0 -1 18 6 18
-1 0 0 0 1 0 0 0 1 6 6 6
-1 0 0 0 1 0 0 0 -1 12 0 12
1 0 0 0 1 0 0 0 1 12 0 12
1 0 0 0 1 0 0 0 -1 6 18 18
-1 0 0 0 1 0 0 0 1 18 18 6
-1 0 0 0 1 0 0 0 -1 0 12 12
1 0 0 0 1 0 0 0 1 12 12 0
1 0 0 0 1 0 0 0 -1 6 6 6
-1 0 0 0 1 0 0 0 1 18 6 18
-1 0 0 0 1 0 0 0 -1 0 0 0
215	44	-	I 2 -2	I m m 2	Imm2	I m m 2	8
1 0 0 0 1 0 0 0 1 0 0 0
-1 0 0 0 -1 0 0 0 1 0 0 0
-1 0 0 0 1 0 0 0 1 0 0 0
1 0 0 0 -1 0 0 0 1 0 0 0
1 0 0 0 1 0 0 0 1 12 12 12
-1 0 0 0 -1 0 0 0 1 12 12 12
-1 0 0 0 1 0 0 0 1 12 12 12
1 0 0 0 -1 0 0 0 1 12 12 12
216	44	cab	I -2 2	I 2 m m	I2mm	I 2 m m	8
1 0 0 0 1 0 0 0 1 0 0 0
1 0 0 0 1 0 0 0 -1 0 0 0
1 0 0 0 -1 0 0 0 -1 0 0 0
1 0 0 0 -1 0 0 0 1 0 0 0
1 0 0 0 1 0 0 0 1 12 12 12
1 0 0 0 1 0 0 0 -1 12 12 12
1 0 0 0 -1 0 0 0 -1 12 12 12
1 0 0 0 -1 0 0 0 1 12 12 12
217	44	bca	I -2 -2	I m 2 m	Im2m	I m 2 m	8
1 0 0 0 1 0 0 0 1 0 0 0
1 0 0 0 1 0 0 0 -1 0 0 0
-1 0 0 0 1 0 0 0 1 0 0 0
-1 0 0 0 1 0 0 0 -1 0 0 0
1 0 0 0 1 0 0 0 1 12 12 12
1 0 0 0 1 0 0 0 -1 12 12 12
-1 0 0 0 1 0 0 0 1 12 12 12
-1 0 0 0 1 0 0 0 -1 12 12 12
218	45	-	I 2 -2c	I b a 2	Iba2	I b a 2	8
1 0 0 0 1 0 0 0 1 0 0 0
-1 0 0 0 -1 0 0 0 1 0 0 0
-1 0 0 0 1 0 0 0 1 0 0 12
1 0 0 0 -1 0 0 0 1 0 0 12
1 0 0 0 1 0 0 0 1 12 12 12
-1 0 0 0 -1 0 0 0 1 12 12 12
-1 0 0 0 1 0 0 0 1 12 12 0
1 0 0 0 -1 0 0 0 1 12 12 0
219	45	cab	I -2a 2	I 2 c b	I2cb	I 2 c b	8
1 0 0 0 1 0 0 0 1 0 0 0
1 0 0 0 1 0 0 0 -1 12 0 0
1 0 0 0 -1 0 0 0 -1 0 0 0
1 0 0 0 -1 0 0 0 1 12 0 0
1 0 0 0 1 0 0 0 1 12 12 12
1 0 0 0 1 0 0 0 -1 0 12 12
1 0 0 0 -1 0 0 0 -1 12 12 12
1 0 0 0 -1 0 0 0 1 0 12 12
220	45	bca	I -2b -2b	I c 2 a	Ic2a	I c 2 a	8
1 0 0 0 1 0 0 0 1 0 0 0
1 0 0 0 1 0 0 0 -1 0 12 0
-1 0 0 0 1 0 0 0 1 0 12 0
-1 0 0 0 1 0 0 0 -1 0 0 0
1 0 0 0 1 0 0 0 1 12 12 12
1 0 0 0 1 0 0 0 -1 12 0 12
-1 0 0 0 1 0 0 0 1 12 0 12
-1 0 0 0 1 0 0 0 -1 12 12 12
221	46	-	I 2 -2a	I m a 2	Ima2	I m a 2	8
1 0 0 0 1 0 0 0 1 0 0 0
-1 0 0 0 -1 0 0 0 1 0 0 0
-1 0 0 0 1 0 0 0 1 12 0 0
1 0 0 0 -1 0 0 0 1 12 0 0
1 0 0 0 1 0 0 0 1 12 12 12
-1 0 0 0 -1 0 0 0 1 12 12 12
-1 0 0 0 1 0 0 0 1 0 12 12
1 0 0 0 -1 0 0 0 1 0 12 12
222	46	ba-c	I 2 -2b	I b m 2	Ibm2	I b m 2	8
1 0 0 0 1 0 0 0 1 0 0 0
-1 0 0 0 -1 0 0 0 1 0 0 0
-1 0 0 0 1 0 0 0 1 0 12 0
1 0 0 0 -1 0 0 0 1 0 12 0
1 0 0 0 1 0 0 0 1 12 12 12
-1 0 0 0 -1 0 0 0 1 12 12 12
-1 0 0 0 1 0 0 0 1 12 0 12
1 0 0 0 -1 0 0 0 1 12 0 12
223	46	cab	I -2b 2	I 2 m b	I2mb	I 2 m b	8
1 0 0 0 1 0 0 0 1 0 0 0
1 0 0 0 1 0 0 0 -1 0 12 0
1 0 0 0 -1 0 0 0 -1 0 0 0
1 0 0 0 -1 0 0 0 1 0 12 0
1 0 0 0 1 0 0 0 1 12 12 12
1 0 0 0 1 0 0 0 -1 12 0 12
1 0 0 0 -1 0 0 0 -1 12 12 12
1 0 0 0 -1 0 0 0 1 12 0 12
224	46	-cba	I -2c 2	I 2 c m	I2cm	I 2 c m	8
1 0 0 0 1 0 0 0 1 0 0 0
1 0 0 0 1 0 0 0 -1 0 0 12
1 0 0 0 -1 0 0 0 -1 0 0 0
1 0 0 0 -1 0 0 0 1 0 0 12
1 0 0 0 1 0 0 0 1 12 12 12
1 0 0 0 1 0 0 0 -1 12 12 0
1 0 0 0 -1 0 0 0 -1 12 12 12
1 0 0 0 -1 0 0 0 1 12 12 0
225	46	bca	I -2c -2c	I c 2 m	Ic2m	I c 2 m	8
1 0 0 0 1 0 0 0 1 0 0 0
1 0 0 0 1 0 0 0 -1 0 0 12
-1 0 0 0 1 0 0 0 1 0 0 12
-1 0 0 0 1 0 0 0 -1 0 0 0
1 0 0 0 1 0 0 0 1 12 12 12
1 0 0 0 1 0 0 0 -1 12 12 0
-1 0 0 0 1 0 0 0 1 12 12 0
-1 0 0 0 1 0 0 0 -1 12 12 12
226	46	a-cb	I -2a -2a	I m 2 a	Im2a	I m 2 a	8
1 0 0 0 1 0 0 0 1 0 0 0
1 0 0 0 1 0 0 0 -1 12 0 0
-1 0 0 0 1 0 0 0 1 12 0 0
-1 0 0 0 1 0 0 0 -1 0 0 0
1 0 0 0 1 0 0 0 1 12 12 12
1 0 0 0 1 0 0 0 -1 0 12 12
-1 0 0 0 1 0 0 0 1 0 12 12
-1 0 0 0 1 0 0 0 -1 12 12 12
227	47	-	-P 2 2	P m m m	Pmmm	P 2/m 2/m 2/m	8
1 0 0 0 1 0 0 0 1 0 0 0
-1 0 0 0 -1 0 0 0 -1 0 0 0
-1 0 0 0 -1 0 0 0 1 0 0 0
1 0 0 0 1 0 0 0 -1 0 0 0
1 0 0 0 -1 0 0 0 -1 0 0 0
-1 0 0 0 1 0 0 0 1 0 0 0
-1 0 0 0 1 0 0 0 -1 0 0 0
1 0 0 0 -1 0 0 0 1 0 0 0
228	48	1	P 2 2 -1n	P n n n	Pnnn	P 2/n 2/n 2/n	8
1 0 0 0 1 0 0 0 1 0 0 0
-1 0 0 0 -1 0 0 0 1 0 0 0
1 0 0 0 -1 0 0 0 -1 0 0 0
-1 0 0 0 1 0 0 0 -1 0 0 0
-1 0 0 0 -1 0 0 0 -1 12 12 12
1 0 0 0 1 0 0 0 -1 12 12 12
-1 0 0 0 1 0 0 0 1 12 12 12
1 0 0 0 -1 0 0 0 1 12 12 12
229	48	2	-P 2ab 2bc	P n n n	Pnnn	P 2/n 2/n 2/n	8
1 0 0 0 1 0 0 0 1 0 0 0
-1 0 0 0 -1 0 0 0 -1 0 0 0
-1 0 0 0 -1 0 0 0 1 12 12 0
1 0 0 0 1 0 0 0 -1 12 12 0
1 0 0 0 -1 0 0 0 -1 0 12 12
-1 0 0 0 1 0 0 0 1 0 12 12
-1 0 0 0 1 0 0 0 -1 12 0 12
1 0 0 0 -1 0 0 0 1 12 0 12
230	49	-	-P 2 2c	P c c m	Pccm	P 2/c 2/c 2/m	8
1 0 0 0 1 0 0 0 1 0 0 0
-1 0 0 0 -1 0 0 0 -1 0 0 0
-1 0 0 0 -1 0 0 0 1 0 0 0
1 0 0 0 1 0 0 0 -1 0 0 0
1 0 0 0 -1 0 0 0 -1 0 0 12
-1 0 0 0 1 0 0 0 1 0 0 12
-1 0 0 0 1 0 0 0 -1 0 0 12
1 0 0 0 -1 0 0 0 1 0 0 12
231	49	cab	-P 2a 2	P m a a	Pmaa	P 2/m 2/a 2/a	8
1 0 0 0 1 0 0 0 1 0 0 0
-1 0 0 0 -1 0 0 0 -1 0 0 0
-1 0 0 0 -1 0 0 0 1 12 0 0
1 0 0 0 1 0 0 0 -1 12 0 0
1 0 0 0 -1 0 0 0 -1 0 0 0
-1 0 0 0 1 0 0 0 1 0 0 0
-1 0 0 0 1 0 0 0 -1 12 0 0
1 0 0 0 -1 0 0 0 1 12 0 0
232	49	bca	-P 2b 2b	P b m b	Pbmb	P 2/b 2/m 2/b	8
1 0 0 0 1 0 0 0 1 0 0 0
-1 0 0 0 -1 0 0 0 -1 0 0 0
-1 0 0 0 -1 0 0 0 1 0 12 0
1 0 0 0 1 0 0 0 -1 0 12 0
1 0 0 0 -1 0 0 0 -1 0 12 0
-1 0 0 0 1 0 0 0 1 0 12 0
-1 0 0 0 1 0 0 0 -1 0 0 0
1 0 0 0 -1 0 0 0 1 0 0 0
233	50	1	P 2 2 -1ab	P b a n	Pban	P 2/b 2/a 2/n	8
1 0 0 0 1 0 0 0 1 0 0 0
-1 0 0 0 -1 0 0 0 1 0 0 0
1 0 0 0 -1 0 0 0 -1 0 0 0
-1 0 0 0 1 0 0 0 -1 0 0 0
-1 0 0 0 -1 0 0 0 -1 12 12 0
1 0 0 0 1 0 0 0 -1 12 12 0
-1 0 0 0 1 0 0 0 1 12 12 0
1 0 0 0 -1 0 0 0 1 12 12 0
234	50	2	-P 2ab 2b	P b a n	Pban	P 2/b 2/a 2/n	8
1 0 0 0 1 0 0 0 1 0 0 0
-1 0 0 0 -1 0 0 0 -1 0 0 0
-1 0 0 0 -1 0 0 0 1 12 12 0
1 0 0 0 1 0 0 0 -1 12 12 0
1 0 0 0 -1 0 0 0 -1 0 12 0
-1 0 0 0 1 0 0 0 1 0 12 0
-1 0 0 0 1 0 0 0 -1 12 0 0
1 0 0 0 -1 0 0 0 1 12 0 0
235	50	1cab	P 2 2 -1bc	P n c b	Pncb	P 2/n 2/c 2/b	8
1 0 0 0 1 0 0 0 1 0 0 0
-1 0 0 0 -1 0 0 0 1 0 0 0
1 0 0 0 -1 0 0 0 -1 0 0 0
-1 0 0 0 1 0 0 0 -1 0 0 0
-1 0 0 0 -1 0 0 0 -1 0 12 12
1 0 0 0 1 0 0 0 -1 0 12 12
-1 0 0 0 1 0 0 0 1 0 12 12
1 0 0 0 -1 0 0 0 1 0 12 12
236	50	2cab	-P 2b 2bc	P n c b	Pncb	P 2/n 2/c 2/b	8
1 0 0 0 1 0 0 0 1 0 0 0
-1 0 0 0 -1 0 0 0 -1 0 0 0
-1 0 0 0 -1 0 0 0 1 0 12 0
1 0 0 0 1 0 0 0 -1 0 12 0
1 0 0 0 -1 0 0 0 -1 0 12 12
-1 0 0 0 1 0 0 0 1 0 12 12
-1 0 0 0 1 0 0 0 -1 0 0 12
1 0 0 0 -1 0 0 0 1 0 0 12
237	50	1bca	P 2 2 -1ac	P c n a	Pcna	P 2/c 2/n 2/a	8
1 0 0 0 1 0 0 0 1 0 0 0
-1 0 0 0 -1 0 0 0 1 0 0 0
1 0 0 0 -1 0 0 0 -1 0 0 0
-1 0 0 0 1 0 0 0 -1 0 0 0
-1 0 0 0 -1 0 0 0 -1 12 0 12
1 0 0 0 1 0 0 0 -1 12 0 12
-1 0 0 0 1 0 0 0 1 12 0 12
1 0 0 0 -1 0 0 0 1 12 0 12
238	50	2bca	-P 2a 2c	P c n a	Pcna	P 2/c 2/n 2/a	8
1 0 0 0 1 0 0 0 1 0 0 0
-1 0 0 0 -1 0 0 0 -1 0 0 0
-1 0 0 0 -1 0 0 0 1 12 0 0
1 0 0 0 1 0 0 0 -1 12 0 0
1 0 0 0 -1 0 0 0 -1 0 0 12
-1 0 0 0 1 0 0 0 1 0 0 12
-1 0 0 0 1 0 0 0 -1 12 0 12
1 0 0 0 -1 0 0 0 1 12 0 12
239	51	-	-P 2a 2a	P m m a	Pmma	P 2_1/m 2/m 2/a	8
1 0 0 0 1 0 0 0 1 0 0 0
-1 0 0 0 -1 0 0 0 -1 0 0 0
-1 0 0 0 -1 0 0 0 1 12 0 0
1 0 0 0 1 0 0 0 -1 12 0 0
1 0 0 0 -1 0 0 0 -1 12 0 0
-1 0 0 0 1 0 0 0 1 12 0 0
-1 0 0 0 1 0 0 0 -1 0 0 0
1 0 0 0 -1 0 0 0 1 0 0 0
240	51	ba-c	-P 2b 2	P m m b	Pmmb	P 2/m 2_1/m 2/b	8
1 0 0 0 1 0 0 0 1 0 0 0
-1 0 0 0 -1 0 0 0 -1 0 0 0
-1 0 0 0 -1 0 0 0 1 0 12 0
1 0 0 0 1 0 0 0 -1 0 12 0
1 0 0 0 -1 0 0 0 -1 0 0 0
-1 0 0 0 1 0 0 0 1 0 0 0
-1 0 0 0 1 0 0 0 -1 0 12 0
1 0 0 0 -1 0 0 0 1 0 12 0
241	51	cab	-P 2 2b	P b m m	Pbmm	P 2/b 2_1/m 2/m	8
1 0 0 0 1 0 0 0 1 0 0 0
-1 0 0 0 -1 0 0 0 -1 0 0 0
-1 0 0 0 -1 0 0 0 1 0 0 0
1 0 0 0 1 0 0 0 -1 0 0 0
1 0 0 0 -1 0 0 0 -1 0 12 0
-1 0 0 0 1 0 0 0 1 0 12 0
-1 0 0 0 1 0 0 0 -1 0 12 0
1 0 0 0 -1 0 0 0 1 0 12 0
242	51	-cba	-P 2c 2c	P c m m	Pcmm	P 2/c 2/m 2_1/m	8
1 0 0 0 1 0 0 0 1 0 0 0
-1 0 0 0 -1 0 0 0 -1 0 0 0
-1 0 0 0 -1 0 0 0 1 0 0 12
1 0 0 0 1 0 0 0 -1 0 0 12
1 0 0 0 -1 0 0 0 -1 0 0 12
-1 0 0 0 1 0 0 0 1 0 0 12
-1 0 0 0 1 0 0 0 -1 0 0 0
1 0 0 0 -1 0 0 0 1 0 0 0
243	51	bca	-P 2c 2	P m c m	Pmcm	P 2/m 2/c 2_1/m	8
1 0 0 0 1 0 0 0 1 0 0 0
-1 0 0 0 -1 0 0 0 -1 0 0 0
-1 0 0 0 -1 0 0 0 1 0 0 12
1 0 0 0 1 0 0 0 -1 0 0 12
1 0 0 0 -1 0 0 0 -1 0 0 0
-1 0 0 0 1 0 0 0 1 0 0 0
-1 0 0 0 1 0 0 0 -1 0 0 12
1 0 0 0 -1 0 0 0 1 0 0 12
244	51	a-cb	-P 2 2a	P m a m	Pmam	P 2_1/m 2/a 2/m	8
1 0 0 0 1 0 0 0 1 0 0 0
-1 0 0 0 -1 0 0 0 -1 0 0 0
-1 0 0 0 -1 0 0 0 1 0 0 0
1 0 0 0 1 0 0 0 -1 0 0 0
1 0 0 0 -1 0 0 0 -1 12 0 0
-1 0 0 0 1 0 0 0 1 12 0 0
-1 0 0 0 1 0 0 0 -1 12 0 0
1 0 0 0 -1 0 0 0 1 12 0 0
245	52	-	-P 2a 2bc	P n n a	Pnna	P 2/n 2_1/n 2/a	8
1 0 0 0 1 0 0 0 1 0 0 0
-1 0 0 0 -1 0 0 0 -1 0 0 0
-1 0 0 0 -1 0 0 0 1 12 0 0
1 0 0 0 1 0 0 0 -1 12 0 0
1 0 0 0 -1 0 0 0 -1 0 12 12
-1 0 0 0 1 0 0 0 1 0 12 12
-1 0 0 0 1 0 0 0 -1 12 12 12
1 0 0 0 -1 0 0 0 1 12 12 12
246	52	ba-c	-P 2b 2n	P n n b	Pnnb	P 2_1/n 2/n 2/b	8
1 0 0 0 1 0 0 0 1 0 0 0
-1 0 0 0 -1 0 0 0 -1 0 0 0
-1 0 0 0 -1 0 0 0 1 0 12 0
1 0 0 0 1 0 0 0 -1 0 12 0
1 0 0 0 -1 0 0 0 -1 12 12 12
-1 0 0 0 1 0 0 0 1 12 12 12
-1 0 0 0 1 0 0 0 -1 12 0 12
1 0 0 0 -1 0 0 0 1 12 0 12
247	52	cab	-P 2n 2b	P b n n	Pbnn	P 2/b 2/n 2_1/n	8
1 0 0 0 1 0 0 0 1 0 0 0
-1 0 0 0 -1 0 0 0 -1 0 0 0
-1 0 0 0 -1 0 0 0 1 12 12 12
1 0 0 0 1 0 0 0 -1 12 12 12
1 0 0 0 -1 0 0 0 -1 0 12 0
-1 0 0 0 1 0 0 0 1 0 12 0
-1 0 0 0 1 0 0 0 -1 12 0 12
1 0 0 0 -1 0 0 0 1 12 0 12
248	52	-cba	-P 2ab 2c	P c n n	Pcnn	P 2/c 2_1/n 2/n	8
1 0 0 0 1 0 0 0 1 0 0 0
-1 0 0 0 -1 0 0 0 -1 0 0 0
-1 0 0 0 -1 0 0 0 1 12 12 0
1 0 0 0 1 0 0 0 -1 12 12 0
1 0 0 0 -1 0 0 0 -1 0 0 12
-1 0 0 0 1 0 0 0 1 0 0 12
-1 0 0 0 1 0 0 0 -1 12 12 12
1 0 0 0 -1 0 0 0 1 12 12 12
249	52	bca	-P 2ab 2n	P n c n	Pncn	P 2_1/n 2/c 2/n	8
1 0 0 0 1 0 0 0 1 0 0 0
-1 0 0 0 -1 0 0 0 -1 0 0 0
-1 0 0 0 -1 0 0 0 1 12 12 0
1 0 0 0 1 0 0 0 -1 12 12 0
1 0 0 0 -1 0 0 0 -1 12 12 12
-1 0 0 0 1 0 0 0 1 12 12 12
-1 0 0 0 1 0 0 0 -1 0 0 12
1 0 0 0 -1 0 0 0 1 0 0 12
250	52	a-cb	-P 2n 2bc	P n a n	Pnan	P 2/n 2/a 2_1/n	8
1 0 0 0 1 0 0 0 1 0 0 0
-1 0 0 0 -1 0 0 0 -1 0 0 0
-1 0 0 0 -1 0 0 0 1 12 12 12
1 0 0 0 1 0 0 0 -1 12 12 12
1 0 0 0 -1 0 0 0 -1 0 12 12
-1 0 0 0 1 0 0 0 1 0 12 12
-1 0 0 0 1 0 0 0 -1 12 0 0
1 0 0 0 -1 0 0 0 1 12 0 0
251	53	-	-P 2ac 2	P m n a	Pmna	P 2/m 2/n 2_1/a	8
1 0 0 0 1 0 0 0 1 0 0 0
-1 0 0 0 -1 0 0 0 -1 0 0 0
-1 0 0 0 -1 0 0 0 1 12 0 12
1 0 0 0 1 0 0 0 -1 12 0 12
1 0 0 0 -1 0 0 0 -1 0 0 0
-1 0 0 0 1 0 0 0 1 0 0 0
-1 0 0 0 1 0 0 0 -1 12 0 12
1 0 0 0 -1 0 0 0 1 12 0 12
252	53	ba-c	-P 2bc 2bc	P n m b	Pnmb	P 2/n 2/m 2_1/b	8
1 0 0 0 1 0 0 0 1 0 0 0
-1 0 0 0 -1 0 0 0 -1 0 0 0
-1 0 0 0 -1 0 0 0 1 0 12 12
1 0 0 0 1 0 0 0 -1 0 12 12
1 0 0 0 -1 0 0 0 -1 0 12 12
-1 0 0 0 1 0 0 0 1 0 12 12
-1 0 0 0 1 0 0 0 -1 0 0 0
1 0 0 0 -1 0 0 0 1 0 0 0
253	53	cab	-P 2ab 2ab	P b m n	Pbmn	P 2_1/b 2/m 2/n	8
1 0 0 0 1 0 0 0 1 0 0 0
-1 0 0 0 -1 0 0 0 -1 0 0 0
-1 0 0 0 -1 0 0 0 1 12 12 0
1 0 0 0 1 0 0 0 -1 12 12 0
1 0 0 0 -1 0 0 0 -1 12 12 0
-1 0 0 0 1 0 0 0 1 12 12 0
-1 0 0 0 1 0 0 0 -1 0 0 0
1 0 0 0 -1 0 0 0 1 0 0 0
254	53	-cba	-P 2 2ac	P c n m	Pcnm	P 2_1/c 2/n 2/m	8
1 0 0 0 1 0 0 0 1 0 0 0
-1 0 0 0 -1 0 0 0 -1 0 0 0
-1 0 0 0 -1 0 0 0 1 0 0 0
1 0 0 0 1 0 0 0 -1 0 0 0
1 0 0 0 -1 0 0 0 -1 12 0 12
-1 0 0 0 1 0 0 0 1 12 0 12
-1 0 0 0 1 0 0 0 -1 12 0 12
1 0 0 0 -1 0 0 0 1 12 0 12
255	53	bca	-P 2 2bc	P n c m	Pncm	P 2/n 2_1/c 2/m	8
1 0 0 0 1 0 0 0 1 0 0 0
-1 0 0 0 -1 0 0 0 -1 0 0 0
-1 0 0 0 -1 0 0 0 1 0 0 0
1 0 0 0 1 0 0 0 -1 0 0 0
1 0 0 0 -1 0 0 0 -1 0 12 12
-1 0 0 0 1 0 0 0 1 0 12 12
-1 0 0 0 1 0 0 0 -1 0 12 12
1 0 0 0 -1 0 0 0 1 0 12 12
256	53	a-cb	-P 2ab 2	P m a n	Pman	P 2/m 2_1/a 2/n	8
1 0 0 0 1 0 0 0 1 0 0 0
-1 0 0 0 -1 0 0 0 -1 0 0 0
-1 0 0 0 -1 0 0 0 1 12 12 0
1 0 0 0 1 0 0 0 -1 12 12 0
1 0 0 0 -1 0 0 0 -1 0 0 0
-1 0 0 0 1 0 0 0 1 0 0 0
-1 0 0 0 1 0 0 0 -1 12 12 0
1 0 0 0 -1 0 0 0 1 12 12 0
257	54	-	-P 2a 2ac	P c c a	Pcca	P 2_1/c 2/c 2/a	8
1 0 0 0 1 0 0 0 1 0 0 0
-1 0 0 0 -1 0 0 0 -1 0 0 0
-1 0 0 0 -1 0 0 0 1 12 0 0
1 0 0 0 1 0 0 0 -1 12 0 0
1 0 0 0 -1 0 0 0 -1 12 0 12
-1 0 0 0 1 0 0 0 1 12 0 12
-1 0 0 0 1 0 0 0 -1 0 0 12
1 0 0 0 -1 0 0 0 1 0 0 12
258	54	ba-c	-P 2b 2c	P c c b	Pccb	P 2/c 2_1/c 2/b	8
1 0 0 0 1 0 0 0 1 0 0 0
-1 0 0 0 -1 0 0 0 -1 0 0 0
-1 0 0 0 -1 0 0 0 1 0 12 0
1 0 0 0 1 0 0 0 -1 0 12 0
1 0 0 0 -1 0 0 0 -1 0 0 12
-1 0 0 0 1 0 0 0 1 0 0 12
-1 0 0 0 1 0 0 0 -1 0 12 12
1 0 0 0 -1 0 0 0 1 0 12 12
259	54	cab	-P 2a 2b	P b a a	Pbaa	P 2/b 2_1/a 2/a	8
1 0 0 0 1 0 0 0 1 0 0 0
-1 0 0 0 -1 0 0 0 -1 0 0 0
-1 0 0 0 -1 0 0 0 1 12 0 0
1 0 0 0 1 0 0 0 -1 12 0 0
1 0 0 0 -1 0 0 0 -1 0 12 0
-1 0 0 0 1 0 0 0 1 0 12 0
-1 0 0 0 1 0 0 0 -1 12 12 0
1 0 0 0 -1 0 0 0 1 12 12 0
260	54	-cba	-P 2ac 2c	P c a a	Pcaa	P 2/c 2/a 2_1/a	8
1 0 0 0 1 0 0 0 1 0 0 0
-1 0 0 0 -1 0 0 0 -1 0 0 0
-1 0 0 0 -1 0 0 0 1 12 0 12
1 0 0 0 1 0 0 0 -1 12 0 12
1 0 0 0 -1 0 0 0 -1 0 0 12
-1 0 0 0 1 0 0 0 1 0 0 12
-1 0 0 0 1 0 0 0 -1 12 0 0
1 0 0 0 -1 0 0 0 1 12 0 0
261	54	bca	-P 2bc 2b	P b c b	Pbcb	P 2/b 2/c 2_1/b	8
1 0 0 0 1 0 0 0 1 0 0 0
-1 0 0 0 -1 0 0 0 -1 0 0 0
-1 0 0 0 -1 0 0 0 1 0 12 12
1 0 0 0 1 0 0 0 -1 0 12 12
1 0 0 0 -1 0 0 0 -1 0 12 0
-1 0 0 0 1 0 0 0 1 0 12 0
-1 0 0 0 1 0 0 0 -1 0 0 12
1 0 0 0 -1 0 0 0 1 0 0 12
262	54	a-cb	-P 2b 2ab	P b a b	Pbab	P 2_1/b 2/a 2/b	8
1 0 0 0 1 0 0 0 1 0 0 0
-1 0 0 0 -1 0 0 0 -1 0 0 0
-1 0 0 0 -1 0 0 0 1 0 12 0
1 0 0 0 1 0 0 0 -1 0 12 0
1 0 0 0 -1 0 0 0 -1 12 12 0
-1 0 0 0 1 0 0 0 1 12 12 0
-1 0 0 0 1 0 0 0 -1 12 0 0
1 0 0 0 -1 0 0 0 1 12 0 0
263	55	-	-P 2 2ab	P b a m	Pbam	P 2_1/b 2_1/a 2/m	8
1 0 0 0 1 0 0 0 1 0 0 0
-1 0 0 0 -1 0 0 0 -1 0 0 0
-1 0 0 0 -1 0 0 0 1 0 0 0
1 0 0 0 1 0 0 0 -1 0 0 0
1 0 0 0 -1 0 0 0 -1 12 12 0
-1 0 0 0 1 0 0 0 1 12 12 0
-1 0 0 0 1 0 0 0 -1 12 12 0
1 0 0 0 -1 0 0 0 1 12 12 0
264	55	cab	-P 2bc 2	P m c b	Pmcb	P 2/m 2_1/c 2_1/b	8
1 0 0 0 1 0 0 0 1 0 0 0
-1 0 0 0 -1 0 0 0 -1 0 0 0
-1 0 0 0 -1 0 0 0 1 0 12 12
1 0 0 0 1 0 0 0 -1 0 12 12
1 0 0 0 -1 0 0 0 -1 0 0 0
-1 0 0 0 1 0 0 0 1 0 0 0
-1 0 0 0 1 0 0 0 -1 0 12 12
1 0 0 0 -1 0 0 0 1 0 12 12
265	55	bca	-P 2ac 2ac	P c m a	Pcma	P 2_1/c 2/m 2_1/a	8
1 0 0 0 1 0 0 0 1 0 0 0
-1 0 0 0 -1 0 0 0 -1 0 0 0
-1 0 0 0 -1 0 0 0 1 12 0 12
1 0 0 0 1 0 0 0 -1 12 0 12
1 0 0 0 -1 0 0 0 -1 12 0 12
-1 0 0 0 1 0 0 0 1 12 0 12
-1 0 0 0 1 0 0 0 -1 0 0 0
1 0 0 0 -1 0 0 0 1 0 0 0
266	56	-	-P 2ab 2ac	P c c n	Pccn	P 2_1/c 2_1/c 2/n	8
1 0 0 0 1 0 0 0 1 0 0 0
-1 0 0 0 -1 0 0 0 -1 0 0 0
-1 0 0 0 -1 0 0 0 1 12 12 0
1 0 0 0 1 0 0 0 -1 12 12 0
1 0 0 0 -1 0 0 0 -1 12 0 12
-1 0 0 0 1 0 0 0 1 12 0 12
-1 0 0 0 1 0 0 0 -1 0 12 12
1 0 0 0 -1 0 0 0 1 0 12 12
267	56	cab	-P 2ac 2bc	P n a a	Pnaa	P 2/n 2_1/a 2_1/a	8
1 0 0 0 1 0 0 0 1 0 0 0
-1 0 0 0 -1 0 0 0 -1 0 0 0
-1 0 0 0 -1 0 0 0 1 12 0 12
1 0 0 0 1 0 0 0 -1 12 0 12
1 0 0 0 -1 0 0 0 -1 0 12 12
-1 0 0 0 1 0 0 0 1 0 12 12
-1 0 0 0 1 0 0 0 -1 12 12 0
1 0 0 0 -1 0 0 0 1 12 12 0
268	56	bca	-P 2bc 2ab	P b n b	Pbnb	P 2_1/b 2/n 2_1/b	8
1 0 0 0 1 0 0 0 1 0 0 0
-1 0 0 0 -1 0 0 0 -1 0 0 0
-1 0 0 0 -1 0 0 0 1 0 12 12
1 0 0 0 1 0 0 0 -1 0 12 12
1 0 0 0 -1 0 0 0 -1 12 12 0
-1 0 0 0 1 0 0 0 1 12 12 0
-1 0 0 0 1 0 0 0 -1 12 0 12
1 0 0 0 -1 0 0 0 1 12 0 12
269	57	-	-P 2c 2b	P b c m	Pbcm	P 2/b 2_1/c 2_1/m	8
1 0 0 0 1 0 0 0 1 0 0 0
-1 0 0 0 -1 0 0 0 -1 0 0 0
-1 0 0 0 -1 0 0 0 1 0 0 12
1 0 0 0 1 0 0 0 -1 0 0 12
1 0 0 0 -1 0 0 0 -1 0 12 0
-1 0 0 0 1 0 0 0 1 0 12 0
-1 0 0 0 1 0 0 0 -1 0 12 12
1 0 0 0 -1 0 0 0 1 0 12 12
270	57	ba-c	-P 2c 2ac	P c a m	Pcam	P 2_1/c 2/a 2_1/m	8
1 0 0 0 1 0 0 0 1 0 0 0
-1 0 0 0 -1 0 0 0 -1 0 0 0
-1 0 0 0 -1 0 0 0 1 0 0 12
1 0 0 0 1 0 0 0 -1 0 0 12
1 0 0 0 -1 0 0 0 -1 12 0 12
-1 0 0 0 1 0 0 0 1 12 0 12
-1 0 0 0 1 0 0 0 -1 12 0 0
1 0 0 0 -1 0 0 0 1 12 0 0
271	57	cab	-P 2ac 2a	P m c a	Pmca	P 2_1/m 2/c 2_1/a	8
1 0 0 0 1 0 0 0 1 0 0 0
-1 0 0 0 -1 0 0 0 -1 0 0 0
-1 0 0 0 -1 0 0 0 1 12 0 12
1 0 0 0 1 0 0 0 -1 12 0 12
1 0 0 0 -1 0 0 0 -1 12 0 0
-1 0 0 0 1 0 0 0 1 12 0 0
-1 0 0 0 1 0 0 0 -1 0 0 12
1 0 0 0 -1 0 0 0 1 0 0 12
272	57	-cba	-P 2b 2a	P m a b	Pmab	P 2_1/m 2_1/a 2/b	8
1 0 0 0 1 0 0 0 1 0 0 0
-1 0 0 0 -1 0 0 0 -1 0 0 0
-1 0 0 0 -1 0 0 0 1 0 12 0
1 0 0 0 1 0 0 0 -1 0 12 0
1 0 0 0 -1 0 0 0 -1 12 0 0
-1 0 0 0 1 0 0 0 1 12 0 0
-1 0 0 0 1 0 0 0 -1 12 12 0
1 0 0 0 -1 0 0 0 1 12 12 0
273	57	bca	-P 2a 2ab	P b m a	Pbma	P 2_1/b 2_1/m 2/a	8
1 0 0 0 1 0 0 0 1 0 0 0
-1 0 0 0 -1 0 0 0 -1 0 0 0
-1 0 0 0 -1 0 0 0 1 12 0 0
1 0 0 0 1 0 0 0 -1 12 0 0
1 0 0 0 -1 0 0 0 -1 12 12 0
-1 0 0 0 1 0 0 0 1 12 12 0
-1 0 0 0 1 0 0 0 -1 0 12 0
1 0 0 0 -1 0 0 0 1 0 12 0
274	57	a-cb	-P 2bc 2c	P c m b	Pcmb	P 2/c 2_1/m 2_1/b	8
1 0 0 0 1 0 0 0 1 0 0 0
-1 0 0 0 -1 0 0 0 -1 0 0 0
-1 0 0 0 -1 0 0 0 1 0 12 12
1 0 0 0 1 0 0 0 -1 0 12 12
1 0 0 0 -1 0 0 0 -1 0 0 12
-1 0 0 0 1 0 0 0 1 0 0 12
-1 0 0 0 1 0 0 0 -1 0 12 0
1 0 0 0 -1 0 0 0 1 0 12 0
275	58	-	-P 2 2n	P n n m	Pnnm	P 2_1/n 2_1/n 2/m	8
1 0 0 0 1 0 0 0 1 0 0 0
-1 0 0 0 -1 0 0 0 -1 0 0 0
-1 0 0 0 -1 0 0 0 1 0 0 0
1 0 0 0 1 0 0 0 -1 0 0 0
1 0 0 0 -1 0 0 0 -1 12 12 12
-1 0 0 0 1 0 0 0 1 12 12 12
-1 0 0 0 1 0 0 0 -1 12 12 12
1 0 0 0 -1 0 0 0 1 12 12 12
276	58	cab	-P 2n 2	P m n n	Pmnn	P 2/m 2_1/n 2_1/n	8
1 0 0 0 1 0 0 0 1 0 0 0
-1 0 0 0 -1 0 0 0 -1 0 0 0
-1 0 0 0 -1 0 0 0 1 12 12 12
1 0 0 0 1 0 0 0 -1 12 12 12
1 0 0 0 -1 0 0 0 -1 0 0 0
-1 0 0 0 1 0 0 0 1 0 0 0
-1 0 0 0 1 0 0 0 -1 12 12 12
1 0 0 0 -1 0 0 0 1 12 12 12
277	58	bca	-P 2n 2n	P n m n	Pnmn	P 2_1/n 2/m 2_1/n	8
1 0 0 0 1 0 0 0 1 0 0 0
-1 0 0 0 -1 0 0 0 -1 0 0 0
-1 0 0 0 -1 0 0 0 1 12 12 12
1 0 0 0 1 0 0 0 -1 12 12 12
1 0 0 0 -1 0 0 0 -1 12 12 12
-1 0 0 0 1 0 0 0 1 12 12 12
-1 0 0 0 1 0 0 0 -1 0 0 0
1 0 0 0 -1 0 0 0 1 0 0 0
278	59	1	P 2 2ab -1ab	P m m n	Pmmn	P 2_1/m 2_1/m 2/n	8
1 0 0 0 1 0 0 0 1 0 0 0
-1 0 0 0 -1 0 0 0 1 0 0 0
1 0 0 0 -1 0 0 0 -1 12 12 0
-1 0 0 0 1 0 0 0 -1 12 12 0
-1 0 0 0 -1 0 0 0 -1 12 12 0
1 0 0 0 1 0 0 0 -1 12 12 0
-1 0 0 0 1 0 0 0 1 0 0 0
1 0 0 0 -1 0 0 0 1 0 0 0
279	59	2	-P 2ab 2a	P m m n	Pmmn	P 2_1/m 2_1/m 2/n	8
1 0 0 0 1 0 0 0 1 0 0 0
-1 0 0 0 -1 0 0 0 -1 0 0 0
-1 0 0 0 -1 0 0 0 1 12 12 0
1 0 0 0 1 0 0 0 -1 12 12 0
1 0 0 0 -1 0 0 0 -1 12 0 0
-1 0 0 0 1 0 0 0 1 12 0 0
-1 0 0 0 1 0 0 0 -1 0 12 0
1 0 0 0 -1 0 0 0 1 0 12 0
280	59	1cab	P 2bc 2 -1bc	P n m m	Pnmm	P 2/n 2_1/m 2_1/m	8
1 0 0 0 1 0 0 0 1 0 0 0
-1 0 0 0 -1 0 0 0 1 0 12 12
1 0 0 0 -1 0 0 0 -1 0 0 0
-1 0 0 0 1 0 0 0 -1 0 12 12
-1 0 0 0 -1 0 0 0 -1 0 12 12
1 0 0 0 1 0 0 0 -1 0 0 0
-1 0 0 0 1 0 0 0 1 0 12 12
1 0 0 0 -1 0 0 0 1 0 0 0
281	59	2cab	-P 2c 2bc	P n m m	Pnmm	P 2/n 2_1/m 2_1/m	8
1 0 0 0 1 0 0 0 1 0 0 0
-1 0 0 0 -1 0 0 0 -1 0 0 0
-1 0 0 0 -1 0 0 0 1 0 0 12
1 0 0 0 1 0 0 0 -1 0 0 12
1 0 0 0 -1 0 0 0 -1 0 12 12
-1 0 0 0 1 0 0 0 1 0 12 12
-1 0 0 0 1 0 0 0 -1 0 12 0
1 0 0 0 -1 0 0 0 1 0 12 0
282	59	1bca	P 2ac 2ac -1ac	P m n m	Pmnm	P 2_1/m 2/n 2_1/m	8
1 0 0 0 1 0 0 0 1 0 0 0
-1 0 0 0 -1 0 0 0 1 12 0 12
1 0 0 0 -1 0 0 0 -1 12 0 12
-1 0 0 0 1 0 0 0 -1 0 0 0
-1 0 0 0 -1 0 0 0 -1 12 0 12
1 0 0 0 1 0 0 0 -1 0 0 0
-1 0 0 0 1 0 0 0 1 0 0 0
1 0 0 0 -1 0 0 0 1 12 0 12
283	59	2bca	-P 2c 2a	P m n m	Pmnm	P 2_1/m 2/n 2_1/m	8
1 0 0 0 1 0 0 0 1 0 0 0
-1 0 0 0 -1 0 0 0 -1 0 0 0
-1 0 0 0 -1 0 0 0 1 0 0 12
1 0 0 0 1 0 0 0 -1 0 0 12
1 0 0 0 -1 0 0 0 -1 12 0 0
-1 0 0 0 1 0 0 0 1 12 0 0
-1 0 0 0 1 0 0 0 -1 12 0 12
1 0 0 0 -1 0 0 0 1 12 0 12
284	60	-	-P 2n 2ab	P b c n	Pbcn	P 2_1/b 2/c 2_1/n	8
1 0 0 0 1 0 0 0 1 0 0 0
-1 0 0 0 -1 0 0 0 -1 0 0 0
-1 0 0 0 -1 0 0 0 1 12 12 12
1 0 0 0 1 0 0 0 -1 12 12 12
1 0 0 0 -1 0 0 0 -1 12 12 0
-1 0 0 0 1 0 0 0 1 12 12 0
-1 0 0 0 1 0 0 0 -1 0 0 12
1 0 0 0 -1 0 0 0 1 0 0 12
285	60	ba-c	-P 2n 2c	P c a n	Pcan	P 2/c 2_1/a 2_1/n	8
1 0 0 0 1 0 0 0 1 0 0 0
-1 0 0 0 -1 0 0 0 -1 0 0 0
-1 0 0 0 -1 0 0 0 1 12 12 12
1 0 0 0 1 0 0 0 -1 12 12 12
1 0 0 0 -1 0 0 0 -1 0 0 12
-1 0 0 0 1 0 0 0 1 0 0 12
-1 0 0 0 1 0 0 0 -1 12 12 0
1 0 0 0 -1 0 0 0 1 12 12 0
286	60	cab	-P 2a 2n	P n c a	Pnca	P 2_1/n 2_1/c 2/a	8
1 0 0 0 1 0 0 0 1 0 0 0
-1 0 0 0 -1 0 0 0 -1 0 0 0
-1 0 0 0 -1 0 0 0 1 12 0 0
1 0 0 0 1 0 0 0 -1 12 0 0
1 0 0 0 -1 0 0 0 -1 12 12 12
-1 0 0 0 1 0 0 0 1 12 12 12
-1 0 0 0 1 0 0 0 -1 0 12 12
1 0 0 0 -1 0 0 0 1 0 12 12
287	60	-cba	-P 2bc 2n	P n a b	Pnab	P 2_1/n 2/a 2_1/b	8
1 0 0 0 1 0 0 0 1 0 0 0
-1 0 0 0 -1 0 0 0 -1 0 0 0
-1 0 0 0 -1 0 0 0 1 0 12 12
1 0 0 0 1 0 0 0 -1 0 12 12
1 0 0 0 -1 0 0 0 -1 12 12 12
-1 0 0 0 1 0 0 0 1 12 12 12
-1 0 0 0 1 0 0 0 -1 12 0 0
1 0 0 0 -1 0 0 0 1 12 0 0
288	60	bca	-P 2ac 2b	P b n a	Pbna	P 2/b 2_1/n 2_1/a	8
1 0 0 0 1 0 0 0 1 0 0 0
-1 0 0 0 -1 0 0 0 -1 0 0 0
-1 0 0 0 -1 0 0 0 1 12 0 12
1 0 0 0 1 0 0 0 -1 12 0 12
1 0 0 0 -1 0 0 0 -1 0 12 0
-1 0 0 0 1 0 0 0 1 0 12 0
-1 0 0 0 1 0 0 0 -1 12 12 12
1 0 0 0 -1 0 0 0 1 12 12 12
289	60	a-cb	-P 2b 2ac	P c n b	Pcnb	P 2_1/c 2_1/n 2/b	8
1 0 0 0 1 0 0 0 1 0 0 0
-1 0 0 0 -1 0 0 0 -1 0 0 0
-1 0 0 0 -1 0 0 0 1 0 12 0
1 0 0 0 1 0 0 0 -1 0 12 0
1 0 0 0 -1 0 0 0 -1 12 0 12
-1 0 0 0 1 0 0 0 1 12 0 12
-1 0 0 0 1 0 0 0 -1 12 12 12
1 0 0 0 -1 0 0 0 1 12 12 12
290	61	-	-P 2ac 2ab	P b c a	Pbca	P 2_1/b 2_1/c 2_1/a	8
1 0 0 0 1 0 0 0 1 0 0 0
-1 0 0 0 -1 0 0 0 -1 0 0 0
-1 0 0 0 -1 0 0 0 1 12 0 12
1 0 0 0 1 0 0 0 -1 12 0 12
1 0 0 0 -1 0 0 0 -1 12 12 0
-1 0 0 0 1 0 0 0 1 12 12 0
-1 0 0 0 1 0 0 0 -1 0 12 12
1 0 0 0 -1 0 0 0 1 0 12 12
291	61	ba-c	-P 2bc 2ac	P c a b	Pcab	P 2_1/c 2_1/a 2_1/b	8
1 0 0 0 1 0 0 0 1 0 0 0
-1 0 0 0 -1 0 0 0 -1 0 0 0
-1 0 0 0 -1 0 0 0 1 0 12 12
1 0 0 0 1 0 0 0 -1 0 12 12
1 0 0 0 -1 0 0 0 -1 12 0 12
-1 0 0 0 1 0 0 0 1 12 0 12
-1 0 0 0 1 0 0 0 -1 12 12 0
1 0 0 0 -1 0 0 0 1 12 12 0
292	62	-	-P 2ac 2n	P n m a	Pnma	P 2_1/n 2_1/m 2_1/a	8
1 0 0 0 1 0 0 0 1 0 0 0
-1 0 0 0 -1 0 0 0 -1 0 0 0
-1 0 0 0 -1 0 0 0 1 12 0 12
1 0 0 0 1 0 0 0 -1 12 0 12
1 0 0 0 -1 0 0 0 -1 12 12 12
-1 0 0 0 1 0 0 0 1 12 12 12
-1 0 0 0 1 0 0 0 -1 0 12 0
1 0 0 0 -1 0 0 0 1 0 12 0
293	62	ba-c	-P 2bc 2a	P m n b	Pmnb	P 2_1/m 2_1/n 2_1/b	8
1 0 0 0 1 0 0 0 1 0 0 0
-1 0 0 0 -1 0 0 0 -1 0 0 0
-1 0 0 0 -1 0 0 0 1 0 12 12
1 0 0 0 1 0 0 0 -1 0 12 12
1 0 0 0 -1 0 0 0 -1 12 0 0
-1 0 0 0 1 0 0 0 1 12 0 0
-1 0 0 0 1 0 0 0 -1 12 12 12
1 0 0 0 -1 0 0 0 1 12 12 12
294	62	cab	-P 2c 2ab	P b n m	Pbnm	P 2_1/b 2_1/n 2_1/m	8
1 0 0 0 1 0 0 0 1 0 0 0
-1 0 0 0 -1 0 0 0 -1 0 0 0
-1 0 0 0 -1 0 0 0 1 0 0 12
1 0 0 0 1 0 0 0 -1 0 0 12
1 0 0 0 -1 0 0 0 -1 12 12 0
-1 0 0 0 1 0 0 0 1 12 12 0
-1 0 0 0 1 0 0 0 -1 12 12 12
1 0 0 0 -1 0 0 0 1 12 12 12
295	62	-cba	-P 2n 2ac	P c m n	Pcmn	P 2_1/c 2_1/m 2_1/n	8
1 0 0 0 1 0 0 0 1 0 0 0
-1 0 0 0 -1 0 0 0 -1 0 0 0
-1 0 0 0 -1 0 0 0 1 12 12 12
1 0 0 0 1 0 0 0 -1 12 12 12
1 0 0 0 -1 0 0 0 -1 12 0 12
-1 0 0 0 1 0 0 0 1 12 0 12
-1 0 0 0 1 0 0 0 -1 0 12 0
1 0 0 0 -1 0 0 0 1 0 12 0
296	62	bca	-P 2n 2a	P m c n	Pmcn	P 2_1/m 2_1/c 2_1/n	8
1 0 0 0 1 0 0 0 1 0 0 0
-1 0 0 0 -1 0 0 0 -1 0 0 0
-1 0 0 0 -1 0 0 0 1 12 12 12
1 0 0 0 1 0 0 0 -1 12 12 12
1 0 0 0 -1 0 0 0 -1 12 0 0
-1 0 0 0 1 0 0 0 1 12 0 0
-1 0 0 0 1 0 0 0 -1 0 12 12
1 0 0 0 -1 0 0 0 1 0 12 12
297	62	a-cb	-P 2c 2n	P n a m	Pnam	P 2_1/n 2_1/a 2_1/m	8
1 0 0 0 1 0 0 0 1 0 0 0
-1 0 0 0 -1 0 0 0 -1 0 0 0
-1 0 0 0 -1 0 0 0 1 0 0 12
1 0 0 0 1 0 0 0 -1 0 0 12
1 0 0 0 -1 0 0 0 -1 12 12 12
-1 0 0 0 1 0 0 0 1 12 12 12
-1 0 0 0 1 0 0 0 -1 12 12 0
1 0 0 0 -1 0 0 0 1 12 12 0
298	63	-	-C 2c 2	C m c m	Cmcm	C 2/m 2/c 2_1/m	16
1 0 0 0 1 0 0 0 1 0 0 0
-1 0 0 0 -1 0 0 0 -1 0 0 0
-1 0 0 0 -1 0 0 0 1 0 0 12
1 0 0 0 1 0 0 0 -1 0 0 12
1 0 0 0 -1 0 0 0 -1 0 0 0
-1 0 0 0 1 0 0 0 1 0 0 0
-1 0 0 0 1 0 0 0 -1 0 0 12
1 0 0 0 -1 0 0 0 1 0 0 12
1 0 0 0 1 0 0 0 1 12 12 0
-1 0 0 0 -1 0 0 0 -1 12 12 0
-1 0 0 0 -1 0 0 0 1 12 12 12
1 0 0 0 1 0 0 0 -1 12 12 12
1 0 0 0 -1 0 0 0 -1 12 12 0
-1 0 0 0 1 0 0 0 1 12 12 0
-1 0 0 0 1 0 0 0 -1 12 12 12
1 0 0 0 -1 0 0 0 1 12 12 12
299	63	ba-c	-C 2c 2c	C c m m	Ccmm	C 2/c 2/m 2_1/m	16
1 0 0 0 1 0 0 0 1 0 0 0
-1 0 0 0 -1 0 0 0 -1 0 0 0
-1 0 0 0 -1 0 0 0 1 0 0 12
1 0 0 0 1 0 0 0 -1 0 0 12
1 0 0 0 -1 0 0 0 -1 0 0 12
-1 0 0 0 1 0 0 0 1 0 0 12
-1 0 0 0 1 0 0 0 -1 0 0 0
1 0 0 0 -1 0 0 0 1 0 0 0
1 0 0 0 1 0 0 0 1 12 12 0
-1 0 0 0 -1 0 0 0 -1 12 12 0
-1 0 0 0 -1 0 0 0 1 12 12 12
1 0 0 0 1 0 0 0 -1 12 12 12
1 0 0 0 -1 0 0 0 -1 12 12 12
-1 0 0 0 1 0 0 0 1 12 12 12
-1 0 0 0 1 0 0 0 -1 12 12 0
1 0 0 0 -1 0 0 0 1 12 12 0
300	63	cab	-A 2a 2a	A m m a	Amma	A 2_1/m 2/m 2/a	16
1 0 0 0 1 0 0 0 1 0 0 0
-1 0 0 0 -1 0 0 0 -1 0 0 0
-1 0 0 0 -1 0 0 0 1 12 0 0
1 0 0 0 1 0 0 0 -1 12 0 0
1 0 0 0 -1 0 0 0 -1 12 0 0
-1 0 0 0 1 0 0 0 1 12 0 0
-1 0 0 0 1 0 0 0 -1 0 0 0
1 0 0 0 -1 0 0 0 1 0 0 0
1 0 0 0 1 0 0 0 1 0 12 12
-1 0 0 0 -1 0 0 0 -1 0 12 12
-1 0 0 0 -1 0 0 0 1 12 12 12
1 0 0 0 1 0 0 0 -1 12 12 12
1 0 0 0 -1 0 0 0 -1 12 12 12
-1 0 0 0 1 0 0 0 1 12 12 12
-1 0 0 0 1 0 0 0 -1 0 12 12
1 0 0 0 -1 0 0 0 1 0 12 12
301	63	-cba	-A 2 2a	A m a m	Amam	A 2_1/m 2/a 2/m	16
1 0 0 0 1 0 0 0 1 0 0 0
-1 0 0 0 -1 0 0 0 -1 0 0 0
-1 0 0 0 -1 0 0 0 1 0 0 0
1 0 0 0 1 0 0 0 -1 0 0 0
1 0 0 0 -1 0 0 0 -1 12 0 0
-1 0 0 0 1 0 0 0 1 12 0 0
-1 0 0 0 1 0 0 0 -1 12 0 0
1 0 0 0 -1 0 0 0 1 12 0 0
1 0 0 0 1 0 0 0 1 0 12 12
-1 0 0 0 -1 0 0 0 -1 0 12 12
-1 0 0 0 -1 0 0 0 1 0 12 12
1 0 0 0 1 0 0 0 -1 0 12 12
1 0 0 0 -1 0 0 0 -1 12 12 12
-1 0 0 0 1 0 0 0 1 12 12 12
-1 0 0 0 1 0 0 0 -1 12 12 12
1 0 0 0 -1 0 0 0 1 12 12 12
302	63	bca	-B 2 2b	B b m m	Bbmm	B 2/b 2_1/m 2/m	16
1 0 0 0 1 0 0 0 1 0 0 0
-1 0 0 0 -1 0 0 0 -1 0 0 0
-1 0 0 0 -1 0 0 0 1 0 0 0
1 0 0 0 1 0 0 0 -1 0 0 0
1 0 0 0 -1 0 0 0 -1 0 12 0
-1 0 0 0 1 0 0 0 1 0 12 0
-1 0 0 0 1 0 0 0 -1 0 12 0
1 0 0 0 -1 0 0 0 1 0 12 0
1 0 0 0 1 0 0 0 1 12 0 12
-1 0 0 0 -1 0 0 0 -1 12 0 12
-1 0 0 0 -1 0 0 0 1 12 0 12
1 0 0 0 1 0 0 0 -1 12 0 12
1 0 0 0 -1 0 0 0 -1 12 12 12
-1 0 0 0 1 0 0 0 1 12 12 12
-1 0 0 0 1 0 0 0 -1 12 12 12
1 0 0 0 -1 0 0 0 1 12 12 12
303	63	a-cb	-B 2b 2	B m m b	Bmmb	B 2/m 2_1/m 2/b	16
1 0 0 0 1 0 0 0 1 0 0 0
-1 0 0 0 -1 0 0 0 -1 0 0 0
-1 0 0 0 -1 0 0 0 1 0 12 0
1 0 0 0 1 0 0 0 -1 0 12 0
1 0 0 0 -1 0 0 0 -1 0 0 0
-1 0 0 0 1 0 0 0 1 0 0 0
-1 0 0 0 1 0 0 0 -1 0 12 0
1 0 0 0 -1 0 0 0 1 0 12 0
1 0 0 0 1 0 0 0 1 12 0 12
-1 0 0 0 -1 0 0 0 -1 12 0 12
-1 0 0 0 -1 0 0 0 1 12 12 12
1 0 0 0 1 0 0 0 -1 12 12 12
1 0 0 0 -1 0 0 0 -1 12 0 12
-1 0 0 0 1 0 0 0 1 12 0 12
-1 0 0 0 1 0 0 0 -1 12 12 12
1 0 0 0 -1 0 0 0 1 12 12 12
304	64	-	-C 2ac 2	C m c e	Cmce	C 2/m 2/c 2_1/e	16
1 0 0 0 1 0 0 0 1 0 0 0
-1 0 0 0 -1 0 0 0 -1 0 0 0
-1 0 0 0 -1 0 0 0 1 12 0 12
1 0 0 0 1 0 0 0 -1 12 0 12
1 0 0 0 -1 0 0 0 -1 0 0 0
-1 0 0 0 1 0 0 0 1 0 0 0
-1 0 0 0 1 0 0 0 -1 12 0 12
1 0 0 0 -1 0 0 0 1 12 0 12
1 0 0 0 1 0 0 0 1 12 12 0
-1 0 0 0 -1 0 0 0 -1 12 12 0
-1 0 0 0 -1 0 0 0 1 0 12 12
1 0 0 0 1 0 0 0 -1 0 12 12
1 0 0 0 -1 0 0 0 -1 12 12 0
-1 0 0 0 1 0 0 0 1 12 12 0
-1 0 0 0 1 0 0 0 -1 0 12 12
1 0 0 0 -1 0 0 0 1 0 12 12
305	64	ba-c	-C 2ac 2ac	C c m e	Ccme	C 2/c 2/m 2_1/e	16
1 0 0 0 1 0 0 0 1 0 0 0
-1 0 0 0 -1 0 0 0 -1 0 0 0
-1 0 0 0 -1 0 0 0 1 12 0 12
1 0 0 0 1 0 0 0 -1 12 0 12
1 0 0 0 -1 0 0 0 -1 12 0 12
-1 0 0 0 1 0 0 0 1 12 0 12
-1 0 0 0 1 0 0 0 -1 0 0 0
1 0 0 0 -1 0 0 0 1 0 0 0
1 0 0 0 1 0 0 0 1 12 12 0
-1 0 0 0 -1 0 0 0 -1 12 12 0
-1 0 0 0 -1 0 0 0 1 0 12 12
1 0 0 0 1 0 0 0 -1 0 12 12
1 0 0 0 -1 0 0 0 -1 0 12 12
-1 0 0 0 1 0 0 0 1 0 12 12
-1 0 0 0 1 0 0 0 -1 12 12 0
1 0 0 0 -1 0 0 0 1 12 12 0
306	64	cab	-A 2ab 2ab	A e m a	Aema	A 2_1/e 2/m 2/a	16
1 0 0 0 1 0 0 0 1 0 0 0
-1 0 0 0 -1 0 0 0 -1 0 0 0
-1 0 0 0 -1 0 0 0 1 12 12 0
1 0 0 0 1 0 0 0 -1 12 12 0
1 0 0 0 -1 0 0 0 -1 12 12 0
-1 0 0 0 1 0 0 0 1 12 12 0
-1 0 0 0 1 0 0 0 -1 0 0 0
1 0 0 0 -1 0 0 0 1 0 0 0
1 0 0 0 1 0 0 0 1 0 12 12
-1 0 0 0 -1 0 0 0 -1 0 12 12
-1 0 0 0 -1 0 0 0 1 12 0 12
1 0 0 0 1 0 0 0 -1 12 0 12
1 0 0 0 -1 0 0 0 -1 12 0 12
-1 0 0 0 1 0 0 0 1 12 0 12
-1 0 0 0 1 0 0 0 -1 0 12 12
1 0 0 0 -1 0 0 0 1 0 12 12
307	64	-cba	-A 2 2ab	A e a m	Aeam	A 2_1/e 2/a 2/m	16
1 0 0 0 1 0 0 0 1 0 0 0
-1 0 0 0 -1 0 0 0 -1 0 0 0
-1 0 0 0 -1 0 0 0 1 0 0 0
1 0 0 0 1 0 0 0 -1 0 0 0
1 0 0 0 -1 0 0 0 -1 12 12 0
-1 0 0 0 1 0 0 0 1 12 12 0
-1 0 0 0 1 0 0 0 -1 12 12 0
1 0 0 0 -1 0 0 0 1 12 12 0
1 0 0 0 1 0 0 0 1 0 12 12
-1 0 0 0 -1 0 0 0 -1 0 12 12
-1 0 0 0 -1 0 0 0 1 0 12 12
1 0 0 0 1 0 0 0 -1 0 12 12
1 0 0 0 -1 0 0 0 -1 12 0 12
-1 0 0 0 1 0 0 0 1 12 0 12
-1 0 0 0 1 0 0 0 -1 12 0 12
1 0 0 0 -1 0 0 0 1 12 0 12
308	64	bca	-B 2 2ab	B b e m	Bbem	B 2/b 2_1/e 2/m	16
1 0 0 0 1 0 0 0 1 0 0 0
-1 0 0 0 -1 0 0 0 -1 0 0 0
-1 0 0 0 -1 0 0 0 1 0 0 0
1 0 0 0 1 0 0 0 -1 0 0 0
1 0 0 0 -1 0 0 0 -1 12 12 0
-1 0 0 0 1 0 0 0 1 12 12 0
-1 0 0 0 1 0 0 0 -1 12 12 0
1 0 0 0 -1 0 0 0 1 12 12 0
1 0 0 0 1 0 0 0 1 12 0 12
-1 0 0 0 -1 0 0 0 -1 12 0 12
-1 0 0 0 -1 0 0 0 1 12 0 12
1 0 0 0 1 0 0 0 -1 12 0 12
1 0 0 0 -1 0 0 0 -1 0 12 12
-1 0 0 0 1 0 0 0 1 0 12 12
-1 0 0 0 1 0 0 0 -1 0 12 12
1 0 0 0 -1 0 0 0 1 0 12 12
309	64	a-cb	-B 2ab 2	B m e b	Bmeb	B 2/m 2_1/e 2/b	16
1 0 0 0 1 0 0 0 1 0 0 0
-1 0 0 0 -1 0 0 0 -1 0 0 0
-1 0 0 0 -1 0 0 0 1 12 12 0
1 0 0 0 1 0 0 0 -1 12 12 0
1 0 0 0 -1 0 0 0 -1 0 0 0
-1 0 0 0 1 0 0 0 1 0 0 0
-1 0 0 0 1 0 0 0 -1 12 12 0
1 0 0 0 -1 0 0 0 1 12 12 0
1 0 0 0 1 0 0 0 1 12 0 12
-1 0 0 0 -1 0 0 0 -1 12 0 12
-1 0 0 0 -1 0 0 0 1 0 12 12
1 0 0 0 1 0 0 0 -1 0 12 12
1 0 0 0 -1 0 0 0 -1 12 0 12
-1 0 0 0 1 0 0 0 1 12 0 12
-1 0 0 0 1 0 0 0 -1 0 12 12
1 0 0 0 -1 0 0 0 1 0 12 12
310	65	-	-C 2 2	C m m m	Cmmm	C 2/m 2/m 2/m	16
1 0 0 0 1 0 0 0 1 0 0 0
-1 0 0 0 -1 0 0 0 -1 0 0 0
-1 0 0 0 -1 0 0 0 1 0 0 0
1 0 0 0 1 0 0 0 -1 0 0 0
1 0 0 0 -1 0 0 0 -1 0 0 0
-1 0 0 0 1 0 0 0 1 0 0 0
-1 0 0 0 1 0 0 0 -1 0 0 0
1 0 0 0 -1 0 0 0 1 0 0 0
1 0 0 0 1 0 0 0 1 12 12 0
-1 0 0 0 -1 0 0 0 -1 12 12 0
-1 0 0 0 -1 0 0 0 1 12 12 0
1 0 0 0 1 0 0 0 -1 12 12 0
1 0 0 0 -1 0 0 0 -1 12 12 0
-1 0 0 0 1 0 0 0 1 12 12 0
-1 0 0 0 1 0 0 0 -1 12 12 0
1 0 0 0 -1 0 0 0 1 12 12 0
311	65	cab	-A 2 2	A m m m	Ammm	A 2/m 2/m 2/m	16
1 0 0 0 1 0 0 0 1 0 0 0
-1 0 0 0 -1 0 0 0 -1 0 0 0
-1 0 0 0 -1 0 0 0 1 0 0 0
1 0 0 0 1 0 0 0 -1 0 0 0
1 0 0 0 -1 0 0 0 -1 0 0 0
-1 0 0 0 1 0 0 0 1 0 0 0
-1 0 0 0 1 0 0 0 -1 0 0 0
1 0 0 0 -1 0 0 0 1 0 0 0
1 0 0 0 1 0 0 0 1 0 12 12
-1 0 0 0 -1 0 0 0 -1 0 12 12
-1 0 0 0 -1 0 0 0 1 0 12 12
1 0 0 0 1 0 0 0 -1 0 12 12
1 0 0 0 -1 0 0 0 -1 0 12 12
-1 0 0 0 1 0 0 0 1 0 12 12
-1 0 0 0 1 0 0 0 -1 0 12 12
1 0 0 0 -1 0 0 0 1 0 12 12
312	65	bca	-B 2 2	B m m m	Bmmm	B 2/m 2/m 2/m	16
1 0 0 0 1 0 0 0 1 0 0 0
-1 0 0 0 -1 0 0 0 -1 0 0 0
-1 0 0 0 -1 0 0 0 1 0 0 0
1 0 0 0 1 0 0 0 -1 0 0 0
1 0 0 0 -1 0 0 0 -1 0 0 0
-1 0 0 0 1 0 0 0 1 0 0 0
-1 0 0 0 1 0 0 0 -1 0 0 0
1 0 0 0 -1 0 0 0 1 0 0 0
1 0 0 0 1 0 0 0 1 12 0 12
-1 0 0 0 -1 0 0 0 -1 12 0 12
-1 0 0 0 -1 0 0 0 1 12 0 12
1 0 0 0 1 0 0 0 -1 12 0 12
1 0 0 0 -1 0 0 0 -1 12 0 12
-1 0 0 0 1 0 0 0 1 12 0 12
-1 0 0 0 1 0 0 0 -1 12 0 12
1 0 0 0 -1 0 0 0 1 12 0 12
313	66	-	-C 2 2c	C c c m	Cccm	C 2/c 2/c 2/m	16
1 0 0 0 1 0 0 0 1 0 0 0
-1 0 0 0 -1 0 0 0 -1 0 0 0
-1 0 0 0 -1 0 0 0 1 0 0 0
1 0 0 0 1 0 0 0 -1 0 0 0
1 0 0 0 -1 0 0 0 -1 0 0 12
-1 0 0 0 1 0 0 0 1 0 0 12
-1 0 0 0 1 0 0 0 -1 0 0 12
1 0 0 0 -1 0 0 0 1 0 0 12
1 0 0 0 1 0 0 0 1 12 12 0
-1 0 0 0 -1 0 0 0 -1 12 12 0
-1 0 0 0 -1 0 0 0 1 12 12 0
1 0 0 0 1 0 0 0 -1 12 12 0
1 0 0 0 -1 0 0 0 -1 12 12 12
-1 0 0 0 1 0 0 0 1 12 12 12
-1 0 0 0 1 0 0 0 -1 12 12 12
1 0 0 0 -1 0 0 0 1 12 12 12
314	66	cab	-A 2a 2	A m a a	Amaa	A 2/m 2/a 2/a	16
1 0 0 0 1 0 0 0 1 0 0 0
-1 0 0 0 -1 0 0 0 -1 0 0 0
-1 0 0 0 -1 0 0 0 1 12 0 0
1 0 0 0 1 0 0 0 -1 12 0 0
1 0 0 0 -1 0 0 0 -1 0 0 0
-1 0 0 0 1 0 0 0 1 0 0 0
-1 0 0 0 1 0 0 0 -1 12 0 0
1 0 0 0 -1 0 0 0 1 12 0 0
1 0 0 0 1 0 0 0 1 0 12 12
-1 0 0 0 -1 0 0 0 -1 0 12 12
-1 0 0 0 -1 0 0 0 1 12 12 12
1 0 0 0 1 0 0 0 -1 12 12 12
1 0 0 0 -1 0 0 0 -1 0 12 12
-1 0 0 0 1 0 0 0 1 0 12 12
-1 0 0 0 1 0 0 0 -1 12 12 12
1 0 0 0 -1 0 0 0 1 12 12 12
315	66	bca	-B 2b 2b	B b m b	Bbmb	B 2/b 2/m 2/b	16
1 0 0 0 1 0 0 0 1 0 0 0
-1 0 0 0 -1 0 0 0 -1 0 0 0
-1 0 0 0 -1 0 0 0 1 0 12 0
1 0 0 0 1 0 0 0 -1 0 12 0
1 0 0 0 -1 0 0 0 -1 0 12 0
-1 0 0 0 1 0 0 0 1 0 12 0
-1 0 0 0 1 0 0 0 -1 0 0 0
1 0 0 0 -1 0 0 0 1 0 0 0
1 0 0 0 1 0 0 0 1 12 0 12
-1 0 0 0 -1 0 0 0 -1 12 0 12
-1 0 0 0 -1 0 0 0 1 12 12 12
1 0 0 0 1 0 0 0 -1 12 12 12
1 0 0 0 -1 0 0 0 -1 12 12 12
-1 0 0 0 1 0 0 0 1 12 12 12
-1 0 0 0 1 0 0 0 -1 12 0 12
1 0 0 0 -1 0 0 0 1 12 0 12
316	67	-	-C 2a 2	C m m e	Cmme	C 2/m 2/m 2/e	16
1 0 0 0 1 0 0 0 1 0 0 0
-1 0 0 0 -1 0 0 0 -1 0 0 0
-1 0 0 0 -1 0 0 0 1 12 0 0
1 0 0 0 1 0 0 0 -1 12 0 0
1 0 0 0 -1 0 0 0 -1 0 0 0
-1 0 0 0 1 0 0 0 1 0 0 0
-1 0 0 0 1 0 0 0 -1 12 0 0
1 0 0 0 -1 0 0 0 1 12 0 0
1 0 0 0 1 0 0 0 1 12 12 0
-1 0 0 0 -1 0 0 0 -1 12 12 0
-1 0 0 0 -1 0 0 0 1 0 12 0
1 0 0 0 1 0 0 0 -1 0 12 0
1 0 0 0 -1 0 0 0 -1 12 12 0
-1 0 0 0 1 0 0 0 1 12 12 0
-1 0 0 0 1 0 0 0 -1 0 12 0
1 0 0 0 -1 0 0 0 1 0 12 0
317	67	ba-c	-C 2a 2a	C m m e	Cmme	C 2/m 2/m 2/e	16
1 0 0 0 1 0 0 0 1 0 0 0
-1 0 0 0 -1 0 0 0 -1 0 0 0
-1 0 0 0 -1 0 0 0 1 12 0 0
1 0 0 0 1 0 0 0 -1 12 0 0
1 0 0 0 -1 0 0 0 -1 12 0 0
-1 0 0 0 1 0 0 0 1 12 0 0
-1 0 0 0 1 0 0 0 -1 0 0 0
1 0 0 0 -1 0 0 0 1 0 0 0
1 0 0 0 1 0 0 0 1 12 12 0
-1 0 0 0 -1 0 0 0 -1 12 12 0
-1 0 0 0 -1 0 0 0 1 0 12 0
1 0 0 0 1 0 0 0 -1 0 12 0
1 0 0 0 -1 0 0 0 -1 0 12 0
-1 0 0 0 1 0 0 0 1 0 12 0
-1 0 0 0 1 0 0 0 -1 12 12 0
1 0 0 0 -1 0 0 0 1 12 12 0
318	67	cab	-A 2b 2b	A e m m	Aemm	A 2/e 2/m 2/m	16
1 0 0 0 1 0 0 0 1 0 0 0
-1 0 0 0 -1 0 0 0 -1 0 0 0
-1 0 0 0 -1 0 0 0 1 0 12 0
1 0 0 0 1 0 0 0 -1 0 12 0
1 0 0 0 -1 0 0 0 -1 0 12 0
-1 0 0 0 1 0 0 0 1 0 12 0
-1 0 0 0 1 0 0 0 -1 0 0 0
1 0 0 0 -1 0 0 0 1 0 0 0
1 0 0 0 1 0 0 0 1 0 12 12
-1 0 0 0 -1 0 0 0 -1 0 12 12
-1 0 0 0 -1 0 0 0 1 0 0 12
1 0 0 0 1 0 0 0 -1 0 0 12
1 0 0 0 -1 0 0 0 -1 0 0 12
-1 0 0 0 1 0 0 0 1 0 0 12
-1 0 0 0 1 0 0 0 -1 0 12 12
1 0 0 0 -1 0 0 0 1 0 12 12
319	67	-cba	-A 2 2b	A e m m	Aemm	A 2/e 2/m 2/m	16
1 0 0 0 1 0 0 0 1 0 0 0
-1 0 0 0 -1 0 0 0 -1 0 0 0
-1 0 0 0 -1 0 0 0 1 0 0 0
1 0 0 0 1 0 0 0 -1 0 0 0
1 0 0 0 -1 0 0 0 -1 0 12 0
-1 0 0 0 1 0 0 0 1 0 12 0
-1 0 0 0 1 0 0 0 -1 0 12 0
1 0 0 0 -1 0 0 0 1 0 12 0
1 0 0 0 1 0 0 0 1 0 12 12
-1 0 0 0 -1 0 0 0 -1 0 12 12
-1 0 0 0 -1 0 0 0 1 0 12 12
1 0 0 0 1 0 0 0 -1 0 12 12
1 0 0 0 -1 0 0 0 -1 0 0 12
-1 0 0 0 1 0 0 0 1 0 0 12
-1 0 0 0 1 0 0 0 -1 0 0 12
1 0 0 0 -1 0 0 0 1 0 0 12
320	67	bca	-B 2 2a	B m e m	Bmem	B 2/m 2/e 2/m	16
1 0 0 0 1 0 0 0 1 0 0 0
-1 0 0 0 -1 0 0 0 -1 0 0 0
-1 0 0 0 -1 0 0 0 1 0 0 0
1 0 0 0 1 0 0 0 -1 0 0 0
1 0 0 0 -1 0 0 0 -1 12 0 0
-1 0 0 0 1 0 0 0 1 12 0 0
-1 0 0 0 1 0 0 0 -1 12 0 0
1 0 0 0 -1 0 0 0 1 12 0 0
1 0 0 0 1 0 0 0 1 12 0 12
-1 0 0 0 -1 0 0 0 -1 12 0 12
-1 0 0 0 -1 0 0 0 1 12 0 12
1 0 0 0 1 0 0 0 -1 12 0 12
1 0 0 0 -1 0 0 0 -1 0 0 12
-1 0 0 0 1 0 0 0 1 0 0 12
-1 0 0 0 1 0 0 0 -1 0 0 12
1 0 0 0 -1 0 0 0 1 0 0 12
321	67	a-cb	-B 2a 2	B m e m	Bmem	B 2/m 2/e 2/m	16
1 0 0 0 1 0 0 0 1 0 0 0
-1 0 0 0 -1 0 0 0 -1 0 0 0
-1 0 0 0 -1 0 0 0 1 12 0 0
1 0 0 0 1 0 0 0 -1 12 0 0
1 0 0 0 -1 0 0 0 -1 0 0 0
-1 0 0 0 1 0 0 0 1 0 0 0
-1 0 0 0 1 0 0 0 -1 12 0 0
1 0 0 0 -1 0 0 0 1 12 0 0
1 0 0 0 1 0 0 0 1 12 0 12
-1 0 0 0 -1 0 0 0 -1 12 0 12
-1 0 0 0 -1 0 0 0 1 0 0 12
1 0 0 0 1 0 0 0 -1 0 0 12
1 0 0 0 -1 0 0 0 -1 12 0 12
-1 0 0 0 1 0 0 0 1 12 0 12
-1 0 0 0 1 0 0 0 -1 0 0 12
1 0 0 0 -1 0 0 0 1 0 0 12
322	68	1	C 2 2 -1ac	C c c e	Ccce	C 2/c 2/c 2/e	16
1 0 0 0 1 0 0 0 1 0 0 0
-1 0 0 0 -1 0 0 0 1 0 0 0
1 0 0 0 -1 0 0 0 -1 0 0 0
-1 0 0 0 1 0 0 0 -1 0 0 0
-1 0 0 0 -1 0 0 0 -1 12 0 12
1 0 0 0 1 0 0 0 -1 12 0 12
-1 0 0 0 1 0 0 0 1 12 0 12
1 0 0 0 -1 0 0 0 1 12 0 12
1 0 0 0 1 0 0 0 1 12 12 0
-1 0 0 0 -1 0 0 0 1 12 12 0
1 0 0 0 -1 0 0 0 -1 12 12 0
-1 0 0 0 1 0 0 0 -1 12 12 0
-1 0 0 0 -1 0 0 0 -1 0 12 12
1 0 0 0 1 0 0 0 -1 0 12 12
-1 0 0 0 1 0 0 0 1 0 12 12
1 0 0 0 -1 0 0 0 1 0 12 12
323	68	2	-C 2a 2ac	C c c e	Ccce	C 2/c 2/c 2/e	16
1 0 0 0 1 0 0 0 1 0 0 0
-1 0 0 0 -1 0 0 0 -1 0 0 0
-1 0 0 0 -1 0 0 0 1 12 0 0
1 0 0 0 1 0 0 0 -1 12 0 0
1 0 0 0 -1 0 0 0 -1 12 0 12
-1 0 0 0 1 0 0 0 1 12 0 12
-1 0 0 0 1 0 0 0 -1 0 0 12
1 0 0 0 -1 0 0 0 1 0 0 12
1 0 0 0 1 0 0 0 1 12 12 0
-1 0 0 0 -1 0 0 0 -1 12 12 0
-1 0 0 0 -1 0 0 0 1 0 12 0
1 0 0 0 1 0 0 0 -1 0 12 0
1 0 0 0 -1 0 0 0 -1 0 12 12
-1 0 0 0 1 0 0 0 1 0 12 12
-1 0 0 0 1 0 0 0 -1 12 12 12
1 0 0 0 -1 0 0 0 1 12 12 12
324	68	1ba-c	C 2 2 -1ac	C c c e	Ccce	C 2/c 2/c 2/e	16
1 0 0 0 1 0 0 0 1 0 0 0
-1 0 0 0 -1 0 0 0 1 0 0 0
1 0 0 0 -1 0 0 0 -1 0 0 0
-1 0 0 0 1 0 0 0 -1 0 0 0
-1 0 0 0 -1 0 0 0 -1 12 0 12
1 0 0 0 1 0 0 0 -1 12 0 12
-1 0 0 0 1 0 0 0 1 12 0 12
1 0 0 0 -1 0 0 0 1 12 0 12
1 0 0 0 1 0 0 0 1 12 12 0
-1 0 0 0 -1 0 0 0 1 12 12 0
1 0 0 0 -1 0 0 0 -1 12 12 0
-1 0 0 0 1 0 0 0 -1 12 12 0
-1 0 0 0 -1 0 0 0 -1 0 12 12
1 0 0 0 1 0 0 0 -1 0 12 12
-1 0 0 0 1 0 0 0 1 0 12 12
1 0 0 0 -1 0 0 0 1 0 12 12
325	68	2ba-c	-C 2a 2c	C c c e	Ccce	C 2/c 2/c 2/e	16
1 0 0 0 1 0 0 0 1 0 0 0
-1 0 0 0 -1 0 0 0 -1 0 0 0
-1 0 0 0 -1 0 0 0 1 12 0 0
1 0 0 0 1 0 0 0 -1 12 0 0
1 0 0 0 -1 0 0 0 -1 0 0 12
-1 0 0 0 1 0 0 0 1 0 0 12
-1 0 0 0 1 0 0 0 -1 12 0 12
1 0 0 0 -1 0 0 0 1 12 0 12
1 0 0 0 1 0 0 0 1 12 12 0
-1 0 0 0 -1 0 0 0 -1 12 12 0
-1 0 0 0 -1 0 0 0 1 0 12 0
1 0 0 0 1 0 0 0 -1 0 12 0
1 0 0 0 -1 0 0 0 -1 12 12 12
-1 0 0 0 1 0 0 0 1 12 12 12
-1 0 0 0 1 0 0 0 -1 0 12 12
1 0 0 0 -1 0 0 0 1 0 12 12
326	68	1cab	A 2 2 -1ab	A e a a	Aeaa	A 2/e 2/a 2/a	16
1 0 0 0 1 0 0 0 1 0 0 0
-1 0 0 0 -1 0 0 0 1 0 0 0
1 0 0 0 -1 0 0 0 -1 0 0 0
-1 0 0 0 1 0 0 0 -1 0 0 0
-1 0 0 0 -1 0 0 0 -1 12 12 0
1 0 0 0 1 0 0 0 -1 12 12 0
-1 0 0 0 1 0 0 0 1 12 12 0
1 0 0 0 -1 0 0 0 1 12 12 0
1 0 0 0 1 0 0 0 1 0 12 12
-1 0 0 0 -1 0 0 0 1 0 12 12
1 0 0 0 -1 0 0 0 -1 0 12 12
-1 0 0 0 1 0 0 0 -1 0 12 12
-1 0 0 0 -1 0 0 0 -1 12 0 12
1 0 0 0 1 0 0 0 -1 12 0 12
-1 0 0 0 1 0 0 0 1 12 0 12
1 0 0 0 -1 0 0 0 1 12 0 12
327	68	2cab	-A 2a 2b	A e a a	Aeaa	A 2/e 2/a 2/a	16
1 0 0 0 1 0 0 0 1 0 0 0
-1 0 0 0 -1 0 0 0 -1 0 0 0
-1 0 0 0 -1 0 0 0 1 12 0 0
1 0 0 0 1 0 0 0 -1 12 0 0
1 0 0 0 -1 0 0 0 -1 0 12 0
-1 0 0 0 1 0 0 0 1 0 12 0
-1 0 0 0 1 0 0 0 -1 12 12 0
1 0 0 0 -1 0 0 0 1 12 12 0
1 0 0 0 1 0 0 0 1 0 12 12
-1 0 0 0 -1 0 0 0 -1 0 12 12
-1 0 0 0 -1 0 0 0 1 12 12 12
1 0 0 0 1 0 0 0 -1 12 12 12
1 0 0 0 -1 0 0 0 -1 0 0 12
-1 0 0 0 1 0 0 0 1 0 0 12
-1 0 0 0 1 0 0 0 -1 12 0 12
1 0 0 0 -1 0 0 0 1 12 0 12
328	68	1-cba	A 2 2 -1ab	A e a a	Aeaa	A 2/e 2/a 2/a	16
1 0 0 0 1 0 0 0 1 0 0 0
-1 0 0 0 -1 0 0 0 1 0 0 0
1 0 0 0 -1 0 0 0 -1 0 0 0
-1 0 0 0 1 0 0 0 -1 0 0 0
-1 0 0 0 -1 0 0 0 -1 12 12 0
1 0 0 0 1 0 0 0 -1 12 12 0
-1 0 0 0 1 0 0 0 1 12 12 0
1 0 0 0 -1 0 0 0 1 12 12 0
1 0 0 0 1 0 0 0 1 0 12 12
-1 0 0 0 -1 0 0 0 1 0 12 12
1 0 0 0 -1 0 0 0 -1 0 12 12
-1 0 0 0 1 0 0 0 -1 0 12 12
-1 0 0 0 -1 0 0 0 -1 12 0 12
1 0 0 0 1 0 0 0 -1 12 0 12
-1 0 0 0 1 0 0 0 1 12 0 12
1 0 0 0 -1 0 0 0 1 12 0 12
329	68	2-cba	-A 2ab 2b	A e a a	Aeaa	A 2/e 2/a 2/a	16
1 0 0 0 1 0 0 0 1 0 0 0
-1 0 0 0 -1 0 0 0 -1 0 0 0
-1 0 0 0 -1 0 0 0 1 12 12 0
1 0 0 0 1 0 0 0 -1 12 12 0
1 0 0 0 -1 0 0 0 -1 0 12 0
-1 0 0 0 1 0 0 0 1 0 12 0
-1 0 0 0 1 0 0 0 -1 12 0 0
1 0 0 0 -1 0 0 0 1 12 0 0
1 0 0 0 1 0 0 0 1 0 12 12
-1 0 0 0 -1 0 0 0 -1 0 12 12
-1 0 0 0 -1 0 0 0 1 12 0 12
1 0 0 0 1 0 0 0 -1 12 0 12
1 0 0 0 -1 0 0 0 -1 0 0 12
-1 0 0 0 1 0 0 0 1 0 0 12
-1 0 0 0 1 0 0 0 -1 12 12 12
1 0 0 0 -1 0 0 0 1 12 12 12
330	68	1bca	B 2 2 -1ab	B b e b	Bbeb	B 2/b 2/e 2/b	16
1 0 0 0 1 0 0 0 1 0 0 0
-1 0 0 0 -1 0 0 0 1 0 0 0
1 0 0 0 -1 0 0 0 -1 0 0 0
-1 0 0 0 1 0 0 0 -1 0 0 0
-1 0 0 0 -1 0 0 0 -1 12 12 0
1 0 0 0 1 0 0 0 -1 12 12 0
-1 0 0 0 1 0 0 0 1 12 12 0
1 0 0 0 -1 0 0 0 1 12 12 0
1 0 0 0 1 0 0 0 1 12 0 12
-1 0 0 0 -1 0 0 0 1 12 0 12
1 0 0 0 -1 0 0 0 -1 12 0 12
-1 0 0 0 1 0 0 0 -1 12 0 12
-1 0 0 0 -1 0 0 0 -1 0 12 12
1 0 0 0 1 0 0 0 -1 0 12 12
-1 0 0 0 1 0 0 0 1 0 12 12
1 0 0 0 -1 0 0 0 1 0 12 12
331	68	2bca	-B 2ab 2b	B b e b	Bbcb	B 2/b 2/e 2/b	16
1 0 0 0 1 0 0 0 1 0 0 0
-1 0 0 0 -1 0 0 0 -1 0 0 0
-1 0 0 0 -1 0 0 0 1 12 12 0
1 0 0 0 1 0 0 0 -1 12 12 0
1 0 0 0 -1 0 0 0 -1 0 12 0
-1 0 0 0 1 0 0 0 1 0 12 0
-1 0 0 0 1 0 0 0 -1 12 0 0
1 0 0 0 -1 0 0 0 1 12 0 0
1 0 0 0 1 0 0 0 1 12 0 12
-1 0 0 0 -1 0 0 0 -1 12 0 12
-1 0 0 0 -1 0 0 0 1 0 12 12
1 0 0 0 1 0 0 0 -1 0 12 12
1 0 0 0 -1 0 0 0 -1 12 12 12
-1 0 0 0 1 0 0 0 1 12 12 12
-1 0 0 0 1 0 0 0 -1 0 0 12
1 0 0 0 -1 0 0 0 1 0 0 12
332	68	1a-cb	B 2 2 -1ab	B b e b	Bbeb	B 2/b 2/e 2/b	16
1 0 0 0 1 0 0 0 1 0 0 0
-1 0 0 0 -1 0 0 0 1 0 0 0
1 0 0 0 -1 0 0 0 -1 0 0 0
-1 0 0 0 1 0 0 0 -1 0 0 0
-1 0 0 0 -1 0 0 0 -1 12 12 0
1 0 0 0 1 0 0 0 -1 12 12 0
-1 0 0 0 1 0 0 0 1 12 12 0
1 0 0 0 -1 0 0 0 1 12 12 0
1 0 0 0 1 0 0 0 1 12 0 12
-1 0 0 0 -1 0 0 0 1 12 0 12
1 0 0 0 -1 0 0 0 -1 12 0 12
-1 0 0 0 1 0 0 0 -1 12 0 12
-1 0 0 0 -1 0 0 0 -1 0 12 12
1 0 0 0 1 0 0 0 -1 0 12 12
-1 0 0 0 1 0 0 0 1 0 12 12
1 0 0 0 -1 0 0 0 1 0 12 12
333	68	2a-cb	-B 2b 2ab	B b e b	Bbeb	B 2/b 2/e 2/b	16
1 0 0 0 1 0 0 0 1 0 0 0
-1 0 0 0 -1 0 0 0 -1 0 0 0
-1 0 0 0 -1 0 0 0 1 0 12 0
1 0 0 0 1 0 0 0 -1 0 12 0
1 0 0 0 -1 0 0 0 -1 12 12 0
-1 0 0 0 1 0 0 0 1 12 12 0
-1 0 0 0 1 0 0 0 -1 12 0 0
1 0 0 0 -1 0 0 0 1 12 0 0
1 0 0 0 1 0 0 0 1 12 0 12
-1 0 0 0 -1 0 0 0 -1 12 0 12
-1 0 0 0 -1 0 0 0 1 12 12 12
1 0 0 0 1 0 0 0 -1 12 12 12
1 0 0 0 -1 0 0 0 -1 0 12 12
-1 0 0 0 1 0 0 0 1 0 12 12
-1 0 0 0 1 0 0 0 -1 0 0 12
1 0 0 0 -1 0 0 0 1 0 0 12
334	69	-	-F 2 2	F m m m	Fmmm	F 2/m 2/m 2/m	32
1 0 0 0 1 0 0 0 1 0 0 0
-1 0 0 0 -1 0 0 0 -1 0 0 0
-1 0 0 0 -1 0 0 0 1 0 0 0
1 0 0 0 1 0 0 0 -1 0 0 0
1 0 0 0 -1 0 0 0 -1 0 0 0
-1 0 0 0 1 0 0 0 1 0 0 0
-1 0 0 0 1 0 0 0 -1 0 0 0
1 0 0 0 -1 0 0 0 1 0 0 0
1 0 0 0 1 0 0 0 1 0 12 12
-1 0 0 0 -1 0 0 0 -1 0 12 12
-1 0 0 0 -1 0 0 0 1 0 12 12
1 0 0 0 1 0 0 0 -1 0 12 12
1 0 0 0 -1 0 0 0 -1 0 12 12
-1 0 0 0 1 0 0 0 1 0 12 12
-1 0 0 0 1 0 0 0 -1 0 12 12
1 0 0 0 -1 0 0 0 1 0 12 12
1 0 0 0 1 0 0 0 1 12 0 12
-1 0 0 0 -1 0 0 0 -1 12 0 12
-1 0 0 0 -1 0 0 0 1 12 0 12
1 0 0 0 1 0 0 0 -1 12 0 12
1 0 0 0 -1 0 0 0 -1 12 0 12
-1 0 0 0 1 0 0 0 1 12 0 12
-1 0 0 0 1 0 0 0 -1 12 0 12
1 0 0 0 -1 0 0 0 1 12 0 12
1 0 0 0 1 0 0 0 1 12 12 0
-1 0 0 0 -1 0 0 0 -1 12 12 0
-1 0 0 0 -1 0 0 0 1 12 12 0
1 0 0 0 1 0 0 0 -1 12 12 0
1 0 0 0 -1 0 0 0 -1 12 12 0
-1 0 0 0 1 0 0 0 1 12 12 0
-1 0 0 0 1 0 0 0 -1 12 12 0
1 0 0 0 -1 0 0 0 1 12 12 0
335	70	1	F 2 2 -1d	F d d d	Fddd	F 2/d 2/d 2/d	32
1 0 0 0 1 0 0 0 1 0 0 0
-1 0 0 0 -1 0 0 0 1 0 0 0
1 0 0 0 -1 0 0 0 -1 0 0 0
-1 0 0 0 1 0 0 0 -1 0 0 0
-1 0 0 0 -1 0 0 0 -1 6 6 6
1 0 0 0 1 0 0 0 -1 6 6 6
-1 0 0 0 1 0 0 0 1 6 6 6
1 0 0 0 -1 0 0 0 1 6 6 6
1 0 0 0 1 0 0 0 1 0 12 12
-1 0 0 0 -1 0 0 0 1 0 12 12
1 0 0 0 -1 0 0 0 -1 0 12 12
-1 0 0 0 1 0 0 0 -1 0 12 12
-1 0 0 0 -1 0 0 0 -1 6 18 18
1 0 0 0 1 0 0 0 -1 6 18 18
-1 0 0 0 1 0 0 0 1 6 18 18
1 0 0 0 -1 0 0 0 1 6 18 18
1 0 0 0 1 0 0 0 1 12 0 12
-1 0 0 0 -1 0 0 0 1 12 0 12
1 0 0 0 -1 0 0 0 -1 12 0 12
-1 0 0 0 1 0 0 0 -1 12 0 12
-1 0 0 0 -1 0 0 0 -1 18 6 18
1 0 0 0 1 0 0 0 -1 18 6 18
-1 0 0 0 1 0 0 0 1 18 6 18
1 0 0 0 -1 0 0 0 1 18 6 18
1 0 0 0 1 0 0 0 1 12 12 0
-1 0 0 0 -1 0 0 0 1 12 12 0
1 0 0 0 -1 0 0 0 -1 12 12 0
-1 0 0 0 1 0 0 0 -1 12 12 0
-1 0 0 0 -1 0 0 0 -1 18 18 6
1 0 0 0 1 0 0 0 -1 18 18 6
-1 0 0 0 1 0 0 0 1 18 18 6
1 0 0 0 -1 0 0 0 1 18 18 6
336	70	2	-F 2uv 2vw	F d d d	Fddd	F 2/d 2/d 2/d	32
1 0 0 0 1 0 0 0 1 0 0 0
-1 0 0 0 -1 0 0 0 -1 0 0 0
-1 0 0 0 -1 0 0 0 1 6 6 0
1 0 0 0 1 0 0 0 -1 6 6 0
1 0 0 0 -1 0 0 0 -1 0 6 6
-1 0 0 0 1 0 0 0 1 0 6 6
-1 0 0 0 1 0 0 0 -1 6 0 6
1 0 0 0 -1 0 0 0 1 6 0 6
1 0 0 0 1 0 0 0 1 0 12 12
-1 0 0 0 -1 0 0 0 -1 0 12 12
-1 0 0 0 -1 0 0 0 1 6 18 12
1 0 0 0 1 0 0 0 -1 6 18 12
1 0 0 0 -1 0 0 0 -1 0 18 18
-1 0 0 0 1 0 0 0 1 0 18 18
-1 0 0 0 1 0 0 0 -1 6 12 18
1 0 0 0 -1 0 0 0 1 6 12 18
1 0 0 0 1 0 0 0 1 12 0 12
-1 0 0 0 -1 0 0 0 -1 12 0 12
-1 0 0 0 -1 0 0 0 1 18 6 12
1 0 0 0 1 0 0 0 -1 18 6 12
1 0 0 0 -1 0 0 0 -1 12 6 18
-1 0 0 0 1 0 0 0 1 12 6 18
-1 0 0 0 1 0 0 0 -1 18 0 18
1 0 0 0 -1 0 0 0 1 18 0 18
1 0 0 0 1 0 0 0 1 12 12 0
-1 0 0 0 -1 0 0 0 -1 12 12 0
-1 0 0 0 -1 0 0 0 1 18 18 0
1 0 0 0 1 0 0 0 -1 18 18 0
1 0 0 0 -1 0 0 0 -1 12 18 6
-1 0 0 0 1 0 0 0 1 12 18 6
-1 0 0 0 1 0 0 0 -1 18 12 6
1 0 0 0 -1 0 0 0 1 18 12 6
337	71	-	-I 2 2	I m m m	Immm	I 2/m 2/m 2/m	16
1 0 0 0 1 0 0 0 1 0 0 0
-1 0 0 0 -1 0 0 0 -1 0 0 0
-1 0 0 0 -1 0 0 0 1 0 0 0
1 0 0 0 1 0 0 0 -1 0 0 0
1 0 0 0 -1 0 0 0 -1 0 0 0
-1 0 0 0 1 0 0 0 1 0 0 0
-1 0 0 0 1 0 0 0 -1 0 0 0
1 0 0 0 -1 0 0 0 1 0 0 0
1 0 0 0 1 0 0 0 1 12 12 12
-1 0 0 0 -1 0 0 0 -1 12 12 12
-1 0 0 0 -1 0 0 0 1 12 12 12
1 0 0 0 1 0 0 0 -1 12 12 12
1 0 0 0 -1 0 0 0 -1 12 12 12
-1 0 0 0 1 0 0 0 1 12 12 12
-1 0 0 0 1 0 0 0 -1 12 12 12
1 0 0 0 -1 0 0 0 1 12 12 12
338	72	-	-I 2 2c	I b a m	Ibam	I 2/b 2/a 2/m	16
1 0 0 0 1 0 0 0 1 0 0 0
-1 0 0 0 -1 0 0 0 -1 0 0 0
-1 0 0 0 -1 0 0 0 1 0 0 0
1 0 0 0 1 0 0 0 -1 0 0 0
1 0 0 0 -1 0 0 0 -1 0 0 12
-1 0 0 0 1 0 0 0 1 0 0 12
-1 0 0 0 1 0 0 0 -1 0 0 12
1 0 0 0 -1 0 0 0 1 0 0 12
1 0 0 0 1 0 0 0 1 12 12 12
-1 0 0 0 -1 0 0 0 -1 12 12 12
-1 0 0 0 -1 0 0 0 1 12 12 12
1 0 0 0 1 0 0 0 -1 12 12 12
1 0 0 0 -1 0 0 0 -1 12 12 0
-1 0 0 0 1 0 0 0 1 12 12 0
-1 0 0 0 1 0 0 0 -1 12 12 0
1 0 0 0 -1 0 0 0 1 12 12 0
339	72	cab	-I 2a 2	I m c b	Imcb	I 2/m 2/c 2/b	16
1 0 0 0 1 0 0 0 1 0 0 0
-1 0 0 0 -1 0 0 0 -1 0 0 0
-1 0 0 0 -1 0 0 0 1 12 0 0
1 0 0 0 1 0 0 0 -1 12 0 0
1 0 0 0 -1 0 0 0 -1 0 0 0
-1 0 0 0 1 0 0 0 1 0 0 0
-1 0 0 0 1 0 0 0 -1 12 0 0
1 0 0 0 -1 0 0 0 1 12 0 0
1 0 0 0 1 0 0 0 1 12 12 12
-1 0 0 0 -1 0 0 0 -1 12 12 12
-1 0 0 0 -1 0 0 0 1 0 12 12
1 0 0 0 1 0 0 0 -1 0 12 12
1 0 0 0 -1 0 0 0 -1 12 12 12
-1 0 0 0 1 0 0 0 1 12 12 12
-1 0 0 0 1 0 0 0 -1 0 12 12
1 0 0 0 -1 0 0 0 1 0 12 12
340	72	bca	-I 2b 2b	I c m a	Icma	I 2/c 2/m 2/a	16
1 0 0 0 1 0 0 0 1 0 0 0
-1 0 0 0 -1 0 0 0 -1 0 0 0
-1 0 0 0 -1 0 0 0 1 0 12 0
1 0 0 0 1 0 0 0 -1 0 12 0
1 0 0 0 -1 0 0 0 -1 0 12 0
-1 0 0 0 1 0 0 0 1 0 12 0
-1 0 0 0 1 0 0 0 -1 0 0 0
1 0 0 0 -1 0 0 0 1 0 0 0
1 0 0 0 1 0 0 0 1 12 12 12
-1 0 0 0 -1 0 0 0 -1 12 12 12
-1 0 0 0 -1 0 0 0 1 12 0 12
1 0 0 0 1 0 0 0 -1 12 0 12
1 0 0 0 -1 0 0 0 -1 12 0 12
-1 0 0 0 1 0 0 0 1 12 0 12
-1 0 0 0 1 0 0 0 -1 12 12 12
1 0 0 0 -1 0 0 0 1 12 12 12
341	73	-	-I 2b 2c	I b c a	Ibca	I 2/b 2/c 2/a	16
1 0 0 0 1 0 0 0 1 0 0 0
-1 0 0 0 -1 0 0 0 -1 0 0 0
-1 0 0 0 -1 0 0 0 1 0 12 0
1 0 0 0 1 0 0 0 -1 0 12 0
1 0 0 0 -1 0 0 0 -1 0 0 12
-1 0 0 0 1 0 0 0 1 0 0 12
-1 0 0 0 1 0 0 0 -1 0 12 12
1 0 0 0 -1 0 0 0 1 0 12 12
1 0 0 0 1 0 0 0 1 12 12 12
-1 0 0 0 -1 0 0 0 -1 12 12 12
-1 0 0 0 -1 0 0 0 1 12 0 12
1 0 0 0 1 0 0 0 -1 12 0 12
1 0 0 0 -1 0 0 0 -1 12 12 0
-1 0 0 0 1 0 0 0 1 12 12 0
-1 0 0 0 1 0 0 0 -1 12 0 0
1 0 0 0 -1 0 0 0 1 12 0 0
342	73	ba-c	-I 2a 2b	I c a b	Icab	I 2/c 2/a 2/b	16
1 0 0 0 1 0 0 0 1 0 0 0
-1 0 0 0 -1 0 0 0 -1 0 0 0
-1 0 0 0 -1 0 0 0 1 12 0 0
1 0 0 0 1 0 0 0 -1 12 0 0
1 0 0 0 -1 0 0 0 -1 0 12 0
-1 0 0 0 1 0 0 0 1 0 12 0
-1 0 0 0 1 0 0 0 -1 12 12 0
1 0 0 0 -1 0 0 0 1 12 12 0
1 0 0 0 1 0 0 0 1 12 12 12
-1 0 0 0 -1 0 0 0 -1 12 12 12
-1 0 0 0 -1 0 0 0 1 0 12 12
1 0 0 0 1 0 0 0 -1 0 12 12
1 0 0 0 -1 0 0 0 -1 12 0 12
-1 0 0 0 1 0 0 0 1 12 0 12
-1 0 0 0 1 0 0 0 -1 0 0 12
1 0 0 0 -1 0 0 0 1 0 0 12
343	74	-	-I 2b 2	I m m a	Imma	I 2/m 2/m 2/a	16
1 0 0 0 1 0 0 0 1 0 0 0
-1 0 0 0 -1 0 0 0 -1 0 0 0
-1 0 0 0 -1 0 0 0 1 0 12 0
1 0 0 0 1 0 0 0 -1 0 12 0
1 0 0 0 -1 0 0 0 -1 0 0 0
-1 0 0 0 1 0 0 0 1 0 0 0
-1 0 0 0 1 0 0 0 -1 0 12 0
1 0 0 0 -1 0 0 0 1 0 12 0
1 0 0 0 1 0 0 0 1 12 12 12
-1 0 0 0 -1 0 0 0 -1 12 12 12
-1 0 0 0 -1 0 0 0 1 12 0 12
1 0 0 0 1 0 0 0 -1 12 0 12
1 0 0 0 -1 0 0 0 -1 12 12 12
-1 0 0 0 1 0 0 0 1 12 12 12
-1 0 0 0 1 0 0 0 -1 12 0 12
1 0 0 0 -1 0 0 0 1 12 0 12
344	74	ba-c	-I 2a 2a	I m m b	Immb	I 2/m 2/m 2/b	16
1 0 0 0 1 0 0 0 1 0 0 0
-1 0 0 0 -1 0 0 0 -1 0 0 0
-1 0 0 0 -1 0 0 0 1 12 0 0
1 0 0 0 1 0 0 0 -1 12 0 0
1 0 0 0 -1 0 0 0 -1 12 0 0
-1 0 0 0 1 0 0 0 1 12 0 0
-1 0 0 0 1 0 0 0 -1 0 0 0
1 0 0 0 -1 0 0 0 1 0 0 0
1 0 0 0 1 0 0 0 1 12 12 12
-1 0 0 0 -1 0 0 0 -1 12 12 12
-1 0 0 0 -1 0 0 0 1 0 12 12
1 0 0 0 1 0 0 0 -1 0 12 12
1 0 0 0 -1 0 0 0 -1 0 12 12
-1 0 0 0 1 0 0 0 1 0 12 12
-1 0 0 0 1 0 0 0 -1 12 12 12
1 0 0 0 -1 0 0 0 1 12 12 12
345	74	cab	-I 2c 2c	I b m m	Ibmm	I 2/b 2/m 2/m	16
1 0 0 0 1 0 0 0 1 0 0 0
-1 0 0 0 -1 0 0 0 -1 0 0 0
-1 0 0 0 -1 0 0 0 1 0 0 12
1 0 0 0 1 0 0 0 -1 0 0 12
1 0 0 0 -1 0 0 0 -1 0 0 12
-1 0 0 0 1 0 0 0 1 0 0 12
-1 0 0 0 1 0 0 0 -1 0 0 0
1 0 0 0 -1 0 0 0 1 0 0 0
1 0 0 0 1 0 0 0 1 12 12 12
-1 0 0 0 -1 0 0 0 -1 12 12 12
-1 0 0 0 -1 0 0 0 1 12 12 0
1 0 0 0 1 0 0 0 -1 12 12 0
1 0 0 0 -1 0 0 0 -1 12 12 0
-1 0 0 0 1 0 0 0 1 12 12 0
-1 0 0 0 1 0 0 0 -1 12 12 12
1 0 0 0 -1 0 0 0 1 12 12 12
346	74	-cba	-I 2 2b	I c m m	Icmm	I 2/c 2/m 2/m	16
1 0 0 0 1 0 0 0 1 0 0 0
-1 0 0 0 -1 0 0 0 -1 0 0 0
-1 0 0 0 -1 0 0 0 1 0 0 0
1 0 0 0 1 0 0 0 -1 0 0 0
1 0 0 0 -1 0 0 0 -1 0 12 0
-1 0 0 0 1 0 0 0 1 0 12 0
-1 0 0 0 1 0 0 0 -1 0 12 0
1 0 0 0 -1 0 0 0 1 0 12 0
1 0 0 0 1 0 0 0 1 12 12 12
-1 0 0 0 -1 0 0 0 -1 12 12 12
-1 0 0 0 -1 0 0 0 1 12 12 12
1 0 0 0 1 0 0 0 -1 12 12 12
1 0 0 0 -1 0 0 0 -1 12 0 12
-1 0 0 0 1 0 0 0 1 12 0 12
-1 0 0 0 1 0 0 0 -1 12 0 12
1 0 0 0 -1 0 0 0 1 12 0 12
347	74	bca	-I 2 2a	I m c m	Imcm	I 2/m 2/c 2/m	16
1 0 0 0 1 0 0 0 1 0 0 0
-1 0 0 0 -1 0 0 0 -1 0 0 0
-1 0 0 0 -1 0 0 0 1 0 0 0
1 0 0 0 1 0 0 0 -1 0 0 0
1 0 0 0 -1 0 0 0 -1 12 0 0
-1 0 0 0 1 0 0 0 1 12 0 0
-1 0 0 0 1 0 0 0 -1 12 0 0
1 0 0 0 -1 0 0 0 1 12 0 0
1 0 0 0 1 0 0 0 1 12 12 12
-1 0 0 0 -1 0 0 0 -1 12 12 12
-1 0 0 0 -1 0 0 0 1 12 12 12
1 0 0 0 1 0 0 0 -1 12 12 12
1 0 0 0 -1 0 0 0 -1 0 12 12
-1 0 0 0 1 0 0 0 1 0 12 12
-1 0 0 0 1 0 0 0 -1 0 12 12
1 0 0 0 -1 0 0 0 1 0 12 12
348	74	a-cb	-I 2c 2	I m a m	Imam	I 2/m 2/a 2/m	16
1 0 0 0 1 0 0 0 1 0 0 0
-1 0 0 0 -1 0 0 0 -1 0 0 0
-1 0 0 0 -1 0 0 0 1 0 0 12
1 0 0 0 1 0 0 0 -1 0 0 12
1 0 0 0 -1 0 0 0 -1 0 0 0
-1 0 0 0 1 0 0 0 1 0 0 0
-1 0 0 0 1 0 0 0 -1 0 0 12
1 0 0 0 -1 0 0 0 1 0 0 12
1 0 0 0 1 0 0 0 1 12 12 12
-1 0 0 0 -1 0 0 0 -1 12 12 12
-1 0 0 0 -1 0 0 0 1 12 12 0
1 0 0 0 1 0 0 0 -1 12 12 0
1 0 0 0 -1 0 0 0 -1 12 12 12
-1 0 0 0 1 0 0 0 1 12 12 12
-1 0 0 0 1 0 0 0 -1 12 12 0
1 0 0 0 -1 0 0 0 1 12 12 0
349	75	-	P 4	P 4	P4	P 4	4
1 0 0 0 1 0 0 0 1 0 0 0
0 -1 0 1 0 0 0 0 1 0 0 0
-1 0 0 0 -1 0 0 0 1 0 0 0
0 1 0 -1 0 0 0 0 1 0 0 0
350	76	-	P 4w	P 4_1	P4_1	P 4_1	4
1 0 0 0 1 0 0 0 1 0 0 0
0 -1 0 1 0 0 0 0 1 0 0 6
-1 0 0 0 -1 0 0 0 1 0 0 12
0 1 0 -1 0 0 0 0 1 0 0 18
351	77	-	P 4c	P 4_2	P4_2	P 4_2	4
1 0 0 0 1 0 0 0 1 0 0 0
0 -1 0 1 0 0 0 0 1 0 0 12
-1 0 0 0 -1 0 0 0 1 0 0 0
0 1 0 -1 0 0 0 0 1 0 0 12
352	78	-	P 4cw	P 4_3	P4_3	P 4_3	4
1 0 0 0 1 0 0 0 1 0 0 0
0 -1 0 1 0 0 0 0 1 0 0 18
-1 0 0 0 -1 0 0 0 1 0 0 12
0 1 0 -1 0 0 0 0 1 0 0 6
353	79	-	I 4	I 4	I4	I 4	8
1 0 0 0 1 0 0 0 1 0 0 0
0 -1 0 1 0 0 0 0 1 0 0 0
-1 0 0 0 -1 0 0 0 1 0 0 0
0 1 0 -1 0 0 0 0 1 0 0 0
1 0 0 0 1 0 0 0 1 12 12 12
0 -1 0 1 0 0 0 0 1 12 12 12
-1 0 0 0 -1 0 0 0 1 12 12 12
0 1 0 -1 0 0 0 0 1 12 12 12
354	80	-	I 4bw	I 4_1	I4_1	I 4_1	8
1 0 0 0 1 0 0 0 1 0 0 0
0 -1 0 1 0 0 0 0 1 0 12 6
-1 0 0 0 -1 0 0 0 1 12 12 12
0 1 0 -1 0 0 0 0 1 12 0 18
1 0 0 0 1 0 0 0 1 12 12 12
0 -1 0 1 0 0 0 0 1 12 0 18
-1 0 0 0 -1 0 0 0 1 0 0 0
0 1 0 -1 0 0 0 0 1 0 12 6
355	81	-	P -4	P -4	P-4	P -4	4
1 0 0 0 1 0 0 0 1 0 0 0
0 1 0 -1 0 0 0 0 -1 0 0 0
-1 0 0 0 -1 0 0 0 1 0 0 0
0 -1 0 1 0 0 0 0 -1 0 0 0
356	82	-	I -4	I -4	I-4	I -4	8
1 0 0 0 1 0 0 0 1 0 0 0
0 1 0 -1 0 0 0 0 -1 0 0 0
-1 0 0 0 -1 0 0 0 1 0 0 0
0 -1 0 1 0 0 0 0 -1 0 0 0
1 0 0 0 1 0 0 0 1 12 12 12
0 1 0 -1 0 0 0 0 -1 12 12 12
-1 0 0 0 -1 0 0 0 1 12 12 12
0 -1 0 1 0 0 0 0 -1 12 12 12
357	83	-	-P 4	P 4/m	P4/m	P 4/m	8
1 0 0 0 1 0 0 0 1 0 0 0
-1 0 0 0 -1 0 0 0 -1 0 0 0
0 -1 0 1 0 0 0 0 1 0 0 0
0 1 0 -1 0 0 0 0 -1 0 0 0
-1 0 0 0 -1 0 0 0 1 0 0 0
1 0 0 0 1 0 0 0 -1 0 0 0
0 1 0 -1 0 0 0 0 1 0 0 0
0 -1 0 1 0 0 0 0 -1 0 0 0
358	84	-	-P 4c	P 4_2/m	P4_2/m	P 4_2/m	8
1 0 0 0 1 0 0 0 1 0 0 0
-1 0 0 0 -1 0 0 0 -1 0 0 0
0 -1 0 1 0 0 0 0 1 0 0 12
0 1 0 -1 0 0 0 0 -1 0 0 12
-1 0 0 0 -1 0 0 0 1 0 0 0
1 0 0 0 1 0 0 0 -1 0 0 0
0 1 0 -1 0 0 0 0 1 0 0 12
0 -1 0 1 0 0 0 0 -1 0 0 12
359	85	1	P 4ab -1ab	P 4/n	P4/n	P 4/n	8
1 0 0 0 1 0 0 0 1 0 0 0
0 -1 0 1 0 0 0 0 1 12 12 0
-1 0 0 0 -1 0 0 0 1 0 0 0
0 1 0 -1 0 0 0 0 1 12 12 0
-1 0 0 0 -1 0 0 0 -1 12 12 0
0 1 0 -1 0 0 0 0 -1 0 0 0
1 0 0 0 1 0 0 0 -1 12 12 0
0 -1 0 1 0 0 0 0 -1 0 0 0
360	85	2	-P 4a	P 4/n	P4/n	P 4/n	8
1 0 0 0 1 0 0 0 1 0 0 0
-1 0 0 0 -1 0 0 0 -1 0 0 0
0 -1 0 1 0 0 0 0 1 12 0 0
0 1 0 -1 0 0 0 0 -1 12 0 0
-1 0 0 0 -1 0 0 0 1 12 12 0
1 0 0 0 1 0 0 0 -1 12 12 0
0 1 0 -1 0 0 0 0 1 0 12 0
0 -1 0 1 0 0 0 0 -1 0 12 0
361	86	1	P 4n -1n	P 4_2/n	P4_2/n	P 4_2/n	8
1 0 0 0 1 0 0 0 1 0 0 0
0 -1 0 1 0 0 0 0 1 12 12 12
-1 0 0 0 -1 0 0 0 1 0 0 0
0 1 0 -1 0 0 0 0 1 12 12 12
-1 0 0 0 -1 0 0 0 -1 12 12 12
0 1 0 -1 0 0 0 0 -1 0 0 0
1 0 0 0 1 0 0 0 -1 12 12 12
0 -1 0 1 0 0 0 0 -1 0 0 0
362	86	2	-P 4bc	P 4_2/n	P4_2/n	P 4_2/n	8
1 0 0 0 1 0 0 0 1 0 0 0
-1 0 0 0 -1 0 0 0 -1 0 0 0
0 -1 0 1 0 0 0 0 1 0 12 12
0 1 0 -1 0 0 0 0 -1 0 12 12
-1 0 0 0 -1 0 0 0 1 12 12 0
1 0 0 0 1 0 0 0 -1 12 12 0
0 1 0 -1 0 0 0 0 1 12 0 12
0 -1 0 1 0 0 0 0 -1 12 0 12
363	87	-	-I 4	I 4/m	I4/m	I 4/m	16
1 0 0 0 1 0 0 0 1 0 0 0
-1 0 0 0 -1 0 0 0 -1 0 0 0
0 -1 0 1 0 0 0 0 1 0 0 0
0 1 0 -1 0 0 0 0 -1 0 0 0
-1 0 0 0 -1 0 0 0 1 0 0 0
1 0 0 0 1 0 0 0 -1 0 0 0
0 1 0 -1 0 0 0 0 1 0 0 0
0 -1 0 1 0 0 0 0 -1 0 0 0
1 0 0 0 1 0 0 0 1 12 12 12
-1 0 0 0 -1 0 0 0 -1 12 12 12
0 -1 0 1 0 0 0 0 1 12 12 12
0 1 0 -1 0 0 0 0 -1 12 12 12
-1 0 0 0 -1 0 0 0 1 12 12 12
1 0 0 0 1 0 0 0 -1 12 12 12
0 1 0 -1 0 0 0 0 1 12 12 12
0 -1 0 1 0 0 0 0 -1 12 12 12
364	88	1	I 4bw -1bw	I 4_1/a	I4_1/a	I 4_1/a	16
1 0 0 0 1 0 0 0 1 0 0 0
0 -1 0 1 0 0 0 0 1 0 12 6
-1 0 0 0 -1 0 0 0 1 12 12 12
0 1 0 -1 0 0 0 0 1 12 0 18
-1 0 0 0 -1 0 0 0 -1 0 12 6
0 1 0 -1 0 0 0 0 -1 0 0 0
1 0 0 0 1 0 0 0 -1 12 0 18
0 -1 0 1 0 0 0 0 -1 12 12 12
1 0 0 0 1 0 0 0 1 12 12 12
0 -1 0 1 0 0 0 0 1 12 0 18
-1 0 0 0 -1 0 0 0 1 0 0 0
0 1 0 -1 0 0 0 0 1 0 12 6
-1 0 0 0 -1 0 0 0 -1 12 0 18
0 1 0 -1 0 0 0 0 -1 12 12 12
1 0 0 0 1 0 0 0 -1 0 12 6
0 -1 0 1 0 0 0 0 -1 0 0 0
365	88	2	-I 4ad	I 4_1/a	I4_1/a	I 4_1/a	16
1 0 0 0 1 0 0 0 1 0 0 0
-1 0 0 0 -1 0 0 0 -1 0 0 0
0 -1 0 1 0 0 0 0 1 18 6 6
0 1 0 -1 0 0 0 0 -1 18 6 6
-1 0 0 0 -1 0 0 0 1 12 0 12
1 0 0 0 1 0 0 0 -1 12 0 12
0 1 0 -1 0 0 0 0 1 18 18 18
0 -1 0 1 0 0 0 0 -1 18 18 18
1 0 0 0 1 0 0 0 1 12 12 12
-1 0 0 0 -1 0 0 0 -1 12 12 12
0 -1 0 1 0 0 0 0 1 6 18 18
0 1 0 -1 0 0 0 0 -1 6 18 18
-1 0 0 0 -1 0 0 0 1 0 12 0
1 0 0 0 1 0 0 0 -1 0 12 0
0 1 0 -1 0 0 0 0 1 6 6 6
0 -1 0 1 0 0 0 0 -1 6 6 6
366	89	-	P 4 2	P 4 2 2	P422	P 4 2 2	8
1 0 0 0 1 0 0 0 1 0 0 0
0 -1 0 1 0 0 0 0 1 0 0 0
-1 0 0 0 -1 0 0 0 1 0 0 0
0 1 0 -1 0 0 0 0 1 0 0 0
1 0 0 0 -1 0 0 0 -1 0 0 0
0 -1 0 -1 0 0 0 0 -1 0 0 0
-1 0 0 0 1 0 0 0 -1 0 0 0
0 1 0 1 0 0 0 0 -1 0 0 0
367	90	-	P 4ab 2ab	P 4 2_1 2	P42_12	P 4 2_1 2	8
1 0 0 0 1 0 0 0 1 0 0 0
0 -1 0 1 0 0 0 0 1 12 12 0
-1 0 0 0 -1 0 0 0 1 0 0 0
0 1 0 -1 0 0 0 0 1 12 12 0
1 0 0 0 -1 0 0 0 -1 12 12 0
0 -1 0 -1 0 0 0 0 -1 0 0 0
-1 0 0 0 1 0 0 0 -1 12 12 0
0 1 0 1 0 0 0 0 -1 0 0 0
368	91	-	P 4w 2c	P 4_1 2 2	P4_122	P 4_1 2 2	8
1 0 0 0 1 0 0 0 1 0 0 0
0 -1 0 1 0 0 0 0 1 0 0 6
-1 0 0 0 -1 0 0 0 1 0 0 12
0 1 0 -1 0 0 0 0 1 0 0 18
1 0 0 0 -1 0 0 0 -1 0 0 12
0 -1 0 -1 0 0 0 0 -1 0 0 6
-1 0 0 0 1 0 0 0 -1 0 0 0
0 1 0 1 0 0 0 0 -1 0 0 18
369	92	-	P 4abw 2nw	P 4_1 2_1 2	P4_12_12	P 4_1 2_1 2	8
1 0 0 0 1 0 0 0 1 0 0 0
0 -1 0 1 0 0 0 0 1 12 12 6
-1 0 0 0 -1 0 0 0 1 0 0 12
0 1 0 -1 0 0 0 0 1 12 12 18
1 0 0 0 -1 0 0 0 -1 12 12 18
0 -1 0 -1 0 0 0 0 -1 0 0 12
-1 0 0 0 1 0 0 0 -1 12 12 6
0 1 0 1 0 0 0 0 -1 0 0 0
370	93	-	P 4c 2	P 4_2 2 2	P4_222	P 4_2 2 2	8
1 0 0 0 1 0 0 0 1 0 0 0
0 -1 0 1 0 0 0 0 1 0 0 12
-1 0 0 0 -1 0 0 0 1 0 0 0
0 1 0 -1 0 0 0 0 1 0 0 12
1 0 0 0 -1 0 0 0 -1 0 0 0
0 -1 0 -1 0 0 0 0 -1 0 0 12
-1 0 0 0 1 0 0 0 -1 0 0 0
0 1 0 1 0 0 0 0 -1 0 0 12
371	94	-	P 4n 2n	P 4_2 2_1 2	P4_22_12	P 4_2 2_1 2	8
1 0 0 0 1 0 0 0 1 0 0 0
0 -1 0 1 0 0 0 0 1 12 12 12
-1 0 0 0 -1 0 0 0 1 0 0 0
0 1 0 -1 0 0 0 0 1 12 12 12
1 0 0 0 -1 0 0 0 -1 12 12 12
0 -1 0 -1 0 0 0 0 -1 0 0 0
-1 0 0 0 1 0 0 0 -1 12 12 12
0 1 0 1 0 0 0 0 -1 0 0 0
372	95	-	P 4cw 2c	P 4_3 2 2	P4_322	P 4_3 2 2	8
1 0 0 0 1 0 0 0 1 0 0 0
0 -1 0 1 0 0 0 0 1 0 0 18
-1 0 0 0 -1 0 0 0 1 0 0 12
0 1 0 -1 0 0 0 0 1 0 0 6
1 0 0 0 -1 0 0 0 -1 0 0 12
0 -1 0 -1 0 0 0 0 -1 0 0 18
-1 0 0 0 1 0 0 0 -1 0 0 0
0 1 0 1 0 0 0 0 -1 0 0 6
373	96	-	P 4nw 2abw	P 4_3 2_1 2	P4_32_12	P 4_3 2_1 2	8
1 0 0 0 1 0 0 0 1 0 0 0
0 -1 0 1 0 0 0 0 1 12 12 18
-1 0 0 0 -1 0 0 0 1 0 0 12
0 1 0 -1 0 0 0 0 1 12 12 6
1 0 0 0 -1 0 0 0 -1 12 12 6
0 -1 0 -1 0 0 0 0 -1 0 0 12
-1 0 0 0 1 0 0 0 -1 12 12 18
0 1 0 1 0 0 0 0 -1 0 0 0
374	97	-	I 4 2	I 4 2 2	I422	I 4 2 2	16
1 0 0 0 1 0 0 0 1 0 0 0
0 -1 0 1 0 0 0 0 1 0 0 0
-1 0 0 0 -1 0 0 0 1 0 0 0
0 1 0 -1 0 0 0 0 1 0 0 0
1 0 0 0 -1 0 0 0 -1 0 0 0
0 -1 0 -1 0 0 0 0 -1 0 0 0
-1 0 0 0 1 0 0 0 -1 0 0 0
0 1 0 1 0 0 0 0 -1 0 0 0
1 0 0 0 1 0 0 0 1 12 12 12
0 -1 0 1 0 0 0 0 1 12 12 12
-1 0 0 0 -1 0 0 0 1 12 12 12
0 1 0 -1 0 0 0 0 1 12 12 12
1 0 0 0 -1 0 0 0 -1 12 12 12
0 -1 0 -1 0 0 0 0 -1 12 12 12
-1 0 0 0 1 0 0 0 -1 12 12 12
0 1 0 1 0 0 0 0 -1 12 12 12
375	98	-	I 4bw 2bw	I 4_1 2 2	I4_122	I 4_1 2 2	16
1 0 0 0 1 0 0 0 1 0 0 0
0 -1 0 1 0 0 0 0 1 0 12 6
-1 0 0 0 -1 0 0 0 1 12 12 12
0 1 0 -1 0 0 0 0 1 12 0 18
1 0 0 0 -1 0 0 0 -1 0 12 6
0 -1 0 -1 0 0 0 0 -1 0 0 0
-1 0 0 0 1 0 0 0 -1 12 0 18
0 1 0 1 0 0 0 0 -1 12 12 12
1 0 0 0 1 0 0 0 1 12 12 12
0 -1 0 1 0 0 0 0 1 12 0 18
-1 0 0 0 -1 0 0 0 1 0 0 0
0 1 0 -1 0 0 0 0 1 0 12 6
1 0 0 0 -1 0 0 0 -1 12 0 18
0 -1 0 -1 0 0 0 0 -1 12 12 12
-1 0 0 0 1 0 0 0 -1 0 12 6
0 1 0 1 0 0 0 0 -1 0 0 0
376	99	-	P 4 -2	P 4 m m	P4mm	P 4 m m	8
1 0 0 0 1 0 0 0 1 0 0 0
0 -1 0 1 0 0 0 0 1 0 0 0
-1 0 0 0 -1 0 0 0 1 0 0 0
0 1 0 -1 0 0 0 0 1 0 0 0
-1 0 0 0 1 0 0 0 1 0 0 0
0 1 0 1 0 0 0 0 1 0 0 0
1 0 0 0 -1 0 0 0 1 0 0 0
0 -1 0 -1 0 0 0 0 1 0 0 0
377	100	-	P 4 -2ab	P 4 b m	P4bm	P 4 b m	8
1 0 0 0 1 0 0 0 1 0 0 0
0 -1 0 1 0 0 0 0 1 0 0 0
-1 0 0 0 -1 0 0 0 1 0 0 0
0 1 0 -1 0 0 0 0 1 0 0 0
-1 0 0 0 1 0 0 0 1 12 12 0
0 1 0 1 0 0 0 0 1 12 12 0
1 0 0 0 -1 0 0 0 1 12 12 0
0 -1 0 -1 0 0 0 0 1 12 12 0
378	101	-	P 4c -2c	P 4_2 c m	P4_2cm	P 4_2 c m	8
1 0 0 0 1 0 0 0 1 0 0 0
0 -1 0 1 0 0 0 0 1 0 0 12
-1 0 0 0 -1 0 0 0 1 0 0 0
0 1 0 -1 0 0 0 0 1 0 0 12
-1 0 0 0 1 0 0 0 1 0 0 12
0 1 0 1 0 0 0 0 1 0 0 0
1 0 0 0 -1 0 0 0 1 0 0 12
0 -1 0 -1 0 0 0 0 1 0 0 0
379	102	-	P 4n -2n	P 4_2 n m	P4_2nm	P 4_2 n m	8
1 0 0 0 1 0 0 0 1 0 0 0
0 -1 0 1 0 0 0 0 1 12 12 12
-1 0 0 0 -1 0 0 0 1 0 0 0
0 1 0 -1 0 0 0 0 1 12 12 12
-1 0 0 0 1 0 0 0 1 12 12 12
0 1 0 1 0 0 0 0 1 0 0 0
1 0 0 0 -1 0 0 0 1 12 12 12
0 -1 0 -1 0 0 0 0 1 0 0 0
380	103	-	P 4 -2c	P 4 c c	P4cc	P 4 c c	8
1 0 0 0 1 0 0 0 1 0 0 0
0 -1 0 1 0 0 0 0 1 0 0 0
-1 0 0 0 -1 0 0 0 1 0 0 0
0 1 0 -1 0 0 0 0 1 0 0 0
-1 0 0 0 1 0 0 0 1 0 0 12
0 1 0 1 0 0 0 0 1 0 0 12
1 0 0 0 -1 0 0 0 1 0 0 12
0 -1 0 -1 0 0 0 0 1 0 0 12
381	104	-	P 4 -2n	P 4 n c	P4nc	P 4 n c	8
1 0 0 0 1 0 0 0 1 0 0 0
0 -1 0 1 0 0 0 0 1 0 0 0
-1 0 0 0 -1 0 0 0 1 0 0 0
0 1 0 -1 0 0 0 0 1 0 0 0
-1 0 0 0 1 0 0 0 1 12 12 12
0 1 0 1 0 0 0 0 1 12 12 12
1 0 0 0 -1 0 0 0 1 12 12 12
0 -1 0 -1 0 0 0 0 1 12 12 12
382	105	-	P 4c -2	P 4_2 m c	P4_2mc	P 4_2 m c	8
1 0 0 0 1 0 0 0 1 0 0 0
0 -1 0 1 0 0 0 0 1 0 0 12
-1 0 0 0 -1 0 0 0 1 0 0 0
0 1 0 -1 0 0 0 0 1 0 0 12
-1 0 0 0 1 0 0 0 1 0 0 0
0 1 0 1 0 0 0 0 1 0 0 12
1 0 0 0 -1 0 0 0 1 0 0 0
0 -1 0 -1 0 0 0 0 1 0 0 12
383	106	-	P 4c -2ab	P 4_2 b c	P4_2bc	P 4_2 b c	8
1 0 0 0 1 0 0 0 1 0 0 0
0 -1 0 1 0 0 0 0 1 0 0 12
-1 0 0 0 -1 0 0 0 1 0 0 0
0 1 0 -1 0 0 0 0 1 0 0 12
-1 0 0 0 1 0 0 0 1 12 12 0
0 1 0 1 0 0 0 0 1 12 12 12
1 0 0 0 -1 0 0 0 1 12 12 0
0 -1 0 -1 0 0 0 0 1 12 12 12
384	107	-	I 4 -2	I 4 m m	I4mm	I 4 m m	16
1 0 0 0 1 0 0 0 1 0 0 0
0 -1 0 1 0 0 0 0 1 0 0 0
-1 0 0 0 -1 0 0 0 1 0 0 0
0 1 0 -1 0 0 0 0 1 0 0 0
-1 0 0 0 1 0 0 0 1 0 0 0
0 1 0 1 0 0 0 0 1 0 0 0
1 0 0 0 -1 0 0 0 1 0 0 0
0 -1 0 -1 0 0 0 0 1 0 0 0
1 0 0 0 1 0 0 0 1 12 12 12
0 -1 0 1 0 0 0 0 1 12 12 12
-1 0 0 0 -1 0 0 0 1 12 12 12
0 1 0 -1 0 0 0 0 1 12 12 12
-1 0 0 0 1 0 0 0 1 12 12 12
0 1 0 1 0 0 0 0 1 12 12 12
1 0 0 0 -1 0 0 0 1 12 12 12
0 -1 0 -1 0 0 0 0 1 12 12 12
385	108	-	I 4 -2c	I 4 c m	I4cm	I 4 c m	16
1 0 0 0 1 0 0 0 1 0 0 0
0 -1 0 1 0 0 0 0 1 0 0 0
-1 0 0 0 -1 0 0 0 1 0 0 0
0 1 0 -1 0 0 0 0 1 0 0 0
-1 0 0 0 1 0 0 0 1 0 0 12
0 1 0 1 0 0 0 0 1 0 0 12
1 0 0 0 -1 0 0 0 1 0 0 12
0 -1 0 -1 0 0 0 0 1 0 0 12
1 0 0 0 1 0 0 0 1 12 12 12
0 -1 0 1 0 0 0 0 1 12 12 12
-1 0 0 0 -1 0 0 0 1 12 12 12
0 1 0 -1 0 0 0 0 1 12 12 12
-1 0 0 0 1 0 0 0 1 12 12 0
0 1 0 1 0 0 0 0 1 12 12 0
1 0 0 0 -1 0 0 0 1 12 12 0
0 -1 0 -1 0 0 0 0 1 12 12 0
386	109	-	I 4bw -2	I 4_1 m d	I4_1md	I 4_1 m d	16
1 0 0 0 1 0 0 0 1 0 0 0
0 -1 0 1 0 0 0 0 1 0 12 6
-1 0 0 0 -1 0 0 0 1 12 12 12
0 1 0 -1 0 0 0 0 1 12 0 18
-1 0 0 0 1 0 0 0 1 0 0 0
0 1 0 1 0 0 0 0 1 0 12 6
1 0 0 0 -1 0 0 0 1 12 12 12
0 -1 0 -1 0 0 0 0 1 12 0 18
1 0 0 0 1 0 0 0 1 12 12 12
0 -1 0 1 0 0 0 0 1 12 0 18
-1 0 0 0 -1 0 0 0 1 0 0 0
0 1 0 -1 0 0 0 0 1 0 12 6
-1 0 0 0 1 0 0 0 1 12 12 12
0 1 0 1 0 0 0 0 1 12 0 18
1 0 0 0 -1 0 0 0 1 0 0 0
0 -1 0 -1 0 0 0 0 1 0 12 6
387	110	-	I 4bw -2c	I 4_1 c d	I4_1cd	I 4_1 c d	16
1 0 0 0 1 0 0 0 1 0 0 0
0 -1 0 1 0 0 0 0 1 0 12 6
-1 0 0 0 -1 0 0 0 1 12 12 12
0 1 0 -1 0 0 0 0 1 12 0 18
-1 0 0 0 1 0 0 0 1 0 0 12
0 1 0 1 0 0 0 0 1 0 12 18
1 0 0 0 -1 0 0 0 1 12 12 0
0 -1 0 -1 0 0 0 0 1 12 0 6
1 0 0 0 1 0 0 0 1 12 12 12
0 -1 0 1 0 0 0 0 1 12 0 18
-1 0 0 0 -1 0 0 0 1 0 0 0
0 1 0 -1 0 0 0 0 1 0 12 6
-1 0 0 0 1 0 0 0 1 12 12 0
0 1 0 1 0 0 0 0 1 12 0 6
1 0 0 0 -1 0 0 0 1 0 0 12
0 -1 0 -1 0 0 0 0 1 0 12 18
388	111	-	P -4 2	P -4 2 m	P-42m	P -4 2 m	8
1 0 0 0 1 0 0 0 1 0 0 0
0 1 0 -1 0 0 0 0 -1 0 0 0
-1 0 0 0 -1 0 0 0 1 0 0 0
0 -1 0 1 0 0 0 0 -1 0 0 0
1 0 0 0 -1 0 0 0 -1 0 0 0
0 1 0 1 0 0 0 0 1 0 0 0
-1 0 0 0 1 0 0 0 -1 0 0 0
0 -1 0 -1 0 0 0 0 1 0 0 0
389	112	-	P -4 2c	P -4 2 c	P-42c	P -4 2 c	8
1 0 0 0 1 0 0 0 1 0 0 0
0 1 0 -1 0 0 0 0 -1 0 0 0
-1 0 0 0 -1 0 0 0 1 0 0 0
0 -1 0 1 0 0 0 0 -1 0 0 0
1 0 0 0 -1 0 0 0 -1 0 0 12
0 1 0 1 0 0 0 0 1 0 0 12
-1 0 0 0 1 0 0 0 -1 0 0 12
0 -1 0 -1 0 0 0 0 1 0 0 12
390	113	-	P -4 2ab	P -4 2_1 m	P-42_1m	P -4 2_1 m	8
1 0 0 0 1 0 0 0 1 0 0 0
0 1 0 -1 0 0 0 0 -1 0 0 0
-1 0 0 0 -1 0 0 0 1 0 0 0
0 -1 0 1 0 0 0 0 -1 0 0 0
1 0 0 0 -1 0 0 0 -1 12 12 0
0 1 0 1 0 0 0 0 1 12 12 0
-1 0 0 0 1 0 0 0 -1 12 12 0
0 -1 0 -1 0 0 0 0 1 12 12 0
391	114	-	P -4 2n	P -4 2_1 c	P-42_1c	P -4 2_1 c	8
1 0 0 0 1 0 0 0 1 0 0 0
0 1 0 -1 0 0 0 0 -1 0 0 0
-1 0 0 0 -1 0 0 0 1 0 0 0
0 -1 0 1 0 0 0 0 -1 0 0 0
1 0 0 0 -1 0 0 0 -1 12 12 12
0 1 0 1 0 0 0 0 1 12 12 12
-1 0 0 0 1 0 0 0 -1 12 12 12
0 -1 0 -1 0 0 0 0 1 12 12 12
392	115	-	P -4 -2	P -4 m 2	P-4m2	P -4 m 2	8
1 0 0 0 1 0 0 0 1 0 0 0
0 1 0 -1 0 0 0 0 -1 0 0 0
-1 0 0 0 -1 0 0 0 1 0 0 0
0 -1 0 1 0 0 0 0 -1 0 0 0
-1 0 0 0 1 0 0 0 1 0 0 0
0 -1 0 -1 0 0 0 0 -1 0 0 0
1 0 0 0 -1 0 0 0 1 0 0 0
0 1 0 1 0 0 0 0 -1 0 0 0
393	116	-	P -4 -2c	P -4 c 2	P-4c2	P -4 c 2	8
1 0 0 0 1 0 0 0 1 0 0 0
0 1 0 -1 0 0 0 0 -1 0 0 0
-1 0 0 0 -1 0 0 0 1 0 0 0
0 -1 0 1 0 0 0 0 -1 0 0 0
-1 0 0 0 1 0 0 0 1 0 0 12
0 -1 0 -1 0 0 0 0 -1 0 0 12
1 0 0 0 -1 0 0 0 1 0 0 12
0 1 0 1 0 0 0 0 -1 0 0 12
394	117	-	P -4 -2ab	P -4 b 2	P-4b2	P -4 b 2	8
1 0 0 0 1 0 0 0 1 0 0 0
0 1 0 -1 0 0 0 0 -1 0 0 0
-1 0 0 0 -1 0 0 0 1 0 0 0
0 -1 0 1 0 0 0 0 -1 0 0 0
-1 0 0 0 1 0 0 0 1 12 12 0
0 -1 0 -1 0 0 0 0 -1 12 12 0
1 0 0 0 -1 0 0 0 1 12 12 0
0 1 0 1 0 0 0 0 -1 12 12 0
395	118	-	P -4 -2n	P -4 n 2	P-4n2	P -4 n 2	8
1 0 0 0 1 0 0 0 1 0 0 0
0 1 0 -1 0 0 0 0 -1 0 0 0
-1 0 0 0 -1 0 0 0 1 0 0 0
0 -1 0 1 0 0 0 0 -1 0 0 0
-1 0 0 0 1 0 0 0 1 12 12 12
0 -1 0 -1 0 0 0 0 -1 12 12 12
1 0 0 0 -1 0 0 0 1 12 12 12
0 1 0 1 0 0 0 0 -1 12 12 12
396	119	-	I -4 -2	I -4 m 2	I-4m2	I -4 m 2	16
1 0 0 0 1 0 0 0 1 0 0 0
0 1 0 -1 0 0 0 0 -1 0 0 0
-1 0 0 0 -1 0 0 0 1 0 0 0
0 -1 0 1 0 0 0 0 -1 0 0 0
-1 0 0 0 1 0 0 0 1 0 0 0
0 -1 0 -1 0 0 0 0 -1 0 0 0
1 0 0 0 -1 0 0 0 1 0 0 0
0 1 0 1 0 0 0 0 -1 0 0 0
1 0 0 0 1 0 0 0 1 12 12 12
0 1 0 -1 0 0 0 0 -1 12 12 12
-1 0 0 0 -1 0 0 0 1 12 12 12
0 -1 0 1 0 0 0 0 -1 12 12 12
-1 0 0 0 1 0 0 0 1 12 12 12
0 -1 0 -1 0 0 0 0 -1 12 12 12
1 0 0 0 -1 0 0 0 1 12 12 12
0 1 0 1 0 0 0 0 -1 12 12 12
397	120	-	I -4 -2c	I -4 c 2	I-4c2	I -4 c 2	16
1 0 0 0 1 0 0 0 1 0 0 0
0 1 0 -1 0 0 0 0 -1 0 0 0
-1 0 0 0 -1 0 0 0 1 0 0 0
0 -1 0 1 0 0 0 0 -1 0 0 0
-1 0 0 0 1 0 0 0 1 0 0 12
0 -1 0 -1 0 0 0 0 -1 0 0 12
1 0 0 0 -1 0 0 0 1 0 0 12
0 1 0 1 0 0 0 0 -1 0 0 12
1 0 0 0 1 0 0 0 1 12 12 12
0 1 0 -1 0 0 0 0 -1 12 12 12
-1 0 0 0 -1 0 0 0 1 12 12 12
0 -1 0 1 0 0 0 0 -1 12 12 12
-1 0 0 0 1 0 0 0 1 12 12 0
0 -1 0 -1 0 0 0 0 -1 12 12 0
1 0 0 0 -1 0 0 0 1 12 12 0
0 1 0 1 0 0 0 0 -1 12 12 0
398	121	-	I -4 2	I -4 2 m	I-42m	I -4 2 m	16
1 0 0 0 1 0 0 0 1 0 0 0
0 1 0 -1 0 0 0 0 -1 0 0 0
-1 0 0 0 -1 0 0 0 1 0 0 0
0 -1 0 1 0 0 0 0 -1 0 0 0
1 0 0 0 -1 0 0 0 -1 0 0 0
0 1 0 1 0 0 0 0 1 0 0 0
-1 0 0 0 1 0 0 0 -1 0 0 0
0 -1 0 -1 0 0 0 0 1 0 0 0
1 0 0 0 1 0 0 0 1 12 12 12
0 1 0 -1 0 0 0 0 -1 12 12 12
-1 0 0 0 -1 0 0 0 1 12 12 12
0 -1 0 1 0 0 0 0 -1 12 12 12
1 0 0 0 -1 0 0 0 -1 12 12 12
0 1 0 1 0 0 0 0 1 12 12 12
-1 0 0 0 1 0 0 0 -1 12 12 12
0 -1 0 -1 0 0 0 0 1 12 12 12
399	122	-	I -4 2bw	I -4 2 d	I-42d	I -4 2 d	16
1 0 0 0 1 0 0 0 1 0 0 0
0 1 0 -1 0 0 0 0 -1 0 0 0
-1 0 0 0 -1 0 0 0 1 0 0 0
0 -1 0 1 0 0 0 0 -1 0 0 0
1 0 0 0 -1 0 0 0 -1 0 12 6
0 1 0 1 0 0 0 0 1 0 12 6
-1 0 0 0 1 0 0 0 -1 0 12 6
0 -1 0 -1 0 0 0 0 1 0 12 6
1 0 0 0 1 0 0 0 1 12 12 12
0 1 0 -1 0 0 0 0 -1 12 12 12
-1 0 0 0 -1 0 0 0 1 12 12 12
0 -1 0 1 0 0 0 0 -1 12 12 12
1 0 0 0 -1 0 0 0 -1 12 0 18
0 1 0 1 0 0 0 0 1 12 0 18
-1 0 0 0 1 0 0 0 -1 12 0 18
0 -1 0 -1 0 0 0 0 1 12 0 18
400	123	-	-P 4 2	P 4/m m m	P4/mmm	P 4/m 2/m 2/m	16
1 0 0 0 1 0 0 0 1 0 0 0
-1 0 0 0 -1 0 0 0 -1 0 0 0
0 -1 0 1 0 0 0 0 1 0 0 0
0 1 0 -1 0 0 0 0 -1 0 0 0
-1 0 0 0 -1 0 0 0 1 0 0 0
1 0 0 0 1 0 0 0 -1 0 0 0
0 1 0 -1 0 0 0 0 1 0 0 0
0 -1 0 1 0 0 0 0 -1 0 0 0
1 0 0 0 -1 0 0 0 -1 0 0 0
-1 0 0 0 1 0 0 0 1 0 0 0
0 -1 0 -1 0 0 0 0 -1 0 0 0
0 1 0 1 0 0 0 0 1 0 0 0
-1 0 0 0 1 0 0 0 -1 0 0 0
1 0 0 0 -1 0 0 0 1 0 0 0
0 1 0 1 0 0 0 0 -1 0 0 0
0 -1 0 -1 0 0 0 0 1 0 0 0
401	124	-	-P 4 2c	P 4/m c c	P4/mcc	P 4/m 2/c 2/c	16
1 0 0 0 1 0 0 0 1 0 0 0
-1 0 0 0 -1 0 0 0 -1 0 0 0
0 -1 0 1 0 0 0 0 1 0 0 0
0 1 0 -1 0 0 0 0 -1 0 0 0
-1 0 0 0 -1 0 0 0 1 0 0 0
1 0 0 0 1 0 0 0 -1 0 0 0
0 1 0 -1 0 0 0 0 1 0 0 0
0 -1 0 1 0 0 0 0 -1 0 0 0
1 0 0 0 -1 0 0 0 -1 0 0 12
-1 0 0 0 1 0 0 0 1 0 0 12
0 -1 0 -1 0 0 0 0 -1 0 0 12
0 1 0 1 0 0 0 0 1 0 0 12
-1 0 0 0 1 0 0 0 -1 0 0 12
1 0 0 0 -1 0 0 0 1 0 0 12
0 1 0 1 0 0 0 0 -1 0 0 12
0 -1 0 -1 0 0 0 0 1 0 0 12
402	125	1	P 4 2 -1ab	P 4/n b m	P4/nbm	P 4/n 2/b 2/m	16
1 0 0 0 1 0 0 0 1 0 0 0
0 -1 0 1 0 0 0 0 1 0 0 0
-1 0 0 0 -1 0 0 0 1 0 0 0
0 1 0 -1 0 0 0 0 1 0 0 0
1 0 0 0 -1 0 0 0 -1 0 0 0
0 -1 0 -1 0 0 0 0 -1 0 0 0
-1 0 0 0 1 0 0 0 -1 0 0 0
0 1 0 1 0 0 0 0 -1 0 0 0
-1 0 0 0 -1 0 0 0 -1 12 12 0
0 1 0 -1 0 0 0 0 -1 12 12 0
1 0 0 0 1 0 0 0 -1 12 12 0
0 -1 0 1 0 0 0 0 -1 12 12 0
-1 0 0 0 1 0 0 0 1 12 12 0
0 1 0 1 0 0 0 0 1 12 12 0
1 0 0 0 -1 0 0 0 1 12 12 0
0 -1 0 -1 0 0 0 0 1 12 12 0
403	125	2	-P 4a 2b	P 4/n b m	P4/nbm	P 4/n 2/b 2/m	16
1 0 0 0 1 0 0 0 1 0 0 0
-1 0 0 0 -1 0 0 0 -1 0 0 0
0 -1 0 1 0 0 0 0 1 12 0 0
0 1 0 -1 0 0 0 0 -1 12 0 0
-1 0 0 0 -1 0 0 0 1 12 12 0
1 0 0 0 1 0 0 0 -1 12 12 0
0 1 0 -1 0 0 0 0 1 0 12 0
0 -1 0 1 0 0 0 0 -1 0 12 0
1 0 0 0 -1 0 0 0 -1 0 12 0
-1 0 0 0 1 0 0 0 1 0 12 0
0 -1 0 -1 0 0 0 0 -1 12 12 0
0 1 0 1 0 0 0 0 1 12 12 0
-1 0 0 0 1 0 0 0 -1 12 0 0
1 0 0 0 -1 0 0 0 1 12 0 0
0 1 0 1 0 0 0 0 -1 0 0 0
0 -1 0 -1 0 0 0 0 1 0 0 0
404	126	1	P 4 2 -1n	P 4/n n c	P4/nnc	P 4/n 2/n 2/c	16
1 0 0 0 1 0 0 0 1 0 0 0
0 -1 0 1 0 0 0 0 1 0 0 0
-1 0 0 0 -1 0 0 0 1 0 0 0
0 1 0 -1 0 0 0 0 1 0 0 0
1 0 0 0 -1 0 0 0 -1 0 0 0
0 -1 0 -1 0 0 0 0 -1 0 0 0
-1 0 0 0 1 0 0 0 -1 0 0 0
0 1 0 1 0 0 0 0 -1 0 0 0
-1 0 0 0 -1 0 0 0 -1 12 12 12
0 1 0 -1 0 0 0 0 -1 12 12 12
1 0 0 0 1 0 0 0 -1 12 12 12
0 -1 0 1 0 0 0 0 -1 12 12 12
-1 0 0 0 1 0 0 0 1 12 12 12
0 1 0 1 0 0 0 0 1 12 12 12
1 0 0 0 -1 0 0 0 1 12 12 12
0 -1 0 -1 0 0 0 0 1 12 12 12
405	126	2	-P 4a 2bc	P 4/n n c	P4/nnc	P 4/n 2/n 2/c	16
1 0 0 0 1 0 0 0 1 0 0 0
-1 0 0 0 -1 0 0 0 -1 0 0 0
0 -1 0 1 0 0 0 0 1 12 0 0
0 1 0 -1 0 0 0 0 -1 12 0 0
-1 0 0 0 -1 0 0 0 1 12 12 0
1 0 0 0 1 0 0 0 -1 12 12 0
0 1 0 -1 0 0 0 0 1 0 12 0
0 -1 0 1 0 0 0 0 -1 0 12 0
1 0 0 0 -1 0 0 0 -1 0 12 12
-1 0 0 0 1 0 0 0 1 0 12 12
0 -1 0 -1 0 0 0 0 -1 12 12 12
0 1 0 1 0 0 0 0 1 12 12 12
-1 0 0 0 1 0 0 0 -1 12 0 12
1 0 0 0 -1 0 0 0 1 12 0 12
0 1 0 1 0 0 0 0 -1 0 0 12
0 -1 0 -1 0 0 0 0 1 0 0 12
406	127	-	-P 4 2ab	P 4/m b m	P4/mbm	P 4/m 2_1/b m	16
1 0 0 0 1 0 0 0 1 0 0 0
-1 0 0 0 -1 0 0 0 -1 0 0 0
0 -1 0 1 0 0 0 0 1 0 0 0
0 1 0 -1 0 0 0 0 -1 0 0 0
-1 0 0 0 -1 0 0 0 1 0 0 0
1 0 0 0 1 0 0 0 -1 0 0 0
0 1 0 -1 0 0 0 0 1 0 0 0
0 -1 0 1 0 0 0 0 -1 0 0 0
1 0 0 0 -1 0 0 0 -1 12 12 0
-1 0 0 0 1 0 0 0 1 12 12 0
0 -1 0 -1 0 0 0 0 -1 12 12 0
0 1 0 1 0 0 0 0 1 12 12 0
-1 0 0 0 1 0 0 0 -1 12 12 0
1 0 0 0 -1 0 0 0 1 12 12 0
0 1 0 1 0 0 0 0 -1 12 12 0
0 -1 0 -1 0 0 0 0 1 12 12 0
407	128	-	-P 4 2n	P 4/m n c	P4/mnc	P 4/m 2_1/n c	16
1 0 0 0 1 0 0 0 1 0 0 0
-1 0 0 0 -1 0 0 0 -1 0 0 0
0 -1 0 1 0 0 0 0 1 0 0 0
0 1 0 -1 0 0 0 0 -1 0 0 0
-1 0 0 0 -1 0 0 0 1 0 0 0
1 0 0 0 1 0 0 0 -1 0 0 0
0 1 0 -1 0 0 0 0 1 0 0 0
0 -1 0 1 0 0 0 0 -1 0 0 0
1 0 0 0 -1 0 0 0 -1 12 12 12
-1 0 0 0 1 0 0 0 1 12 12 12
0 -1 0 -1 0 0 0 0 -1 12 12 12
0 1 0 1 0 0 0 0 1 12 12 12
-1 0 0 0 1 0 0 0 -1 12 12 12
1 0 0 0 -1 0 0 0 1 12 12 12
0 1 0 1 0 0 0 0 -1 12 12 12
0 -1 0 -1 0 0 0 0 1 12 12 12
408	129	1	P 4ab 2ab -1ab	P 4/n m m	P4/nmm	P 4/n 2_1/m m	16
1 0 0 0 1 0 0 0 1 0 0 0
0 -1 0 1 0 0 0 0 1 12 12 0
-1 0 0 0 -1 0 0 0 1 0 0 0
0 1 0 -1 0 0 0 0 1 12 12 0
1 0 0 0 -1 0 0 0 -1 12 12 0
0 -1 0 -1 0 0 0 0 -1 0 0 0
-1 0 0 0 1 0 0 0 -1 12 12 0
0 1 0 1 0 0 0 0 -1 0 0 0
-1 0 0 0 -1 0 0 0 -1 12 12 0
0 1 0 -1 0 0 0 0 -1 0 0 0
1 0 0 0 1 0 0 0 -1 12 12 0
0 -1 0 1 0 0 0 0 -1 0 0 0
-1 0 0 0 1 0 0 0 1 0 0 0
0 1 0 1 0 0 0 0 1 12 12 0
1 0 0 0 -1 0 0 0 1 0 0 0
0 -1 0 -1 0 0 0 0 1 12 12 0
409	129	2	-P 4a 2a	P 4/n m m	P4/nmm	P 4/n 2_1/m m	16
1 0 0 0 1 0 0 0 1 0 0 0
-1 0 0 0 -1 0 0 0 -1 0 0 0
0 -1 0 1 0 0 0 0 1 12 0 0
0 1 0 -1 0 0 0 0 -1 12 0 0
-1 0 0 0 -1 0 0 0 1 12 12 0
1 0 0 0 1 0 0 0 -1 12 12 0
0 1 0 -1 0 0 0 0 1 0 12 0
0 -1 0 1 0 0 0 0 -1 0 12 0
1 0 0 0 -1 0 0 0 -1 12 0 0
-1 0 0 0 1 0 0 0 1 12 0 0
0 -1 0 -1 0 0 0 0 -1 0 0 0
0 1 0 1 0 0 0 0 1 0 0 0
-1 0 0 0 1 0 0 0 -1 0 12 0
1 0 0 0 -1 0 0 0 1 0 12 0
0 1 0 1 0 0 0 0 -1 12 12 0
0 -1 0 -1 0 0 0 0 1 12 12 0
410	130	1	P 4ab 2n -1ab	P 4/n c c	P4/ncc	P 4/n 2_1/c c	16
1 0 0 0 1 0 0 0 1 0 0 0
0 -1 0 1 0 0 0 0 1 12 12 0
-1 0 0 0 -1 0 0 0 1 0 0 0
0 1 0 -1 0 0 0 0 1 12 12 0
1 0 0 0 -1 0 0 0 -1 12 12 12
0 -1 0 -1 0 0 0 0 -1 0 0 12
-1 0 0 0 1 0 0 0 -1 12 12 12
0 1 0 1 0 0 0 0 -1 0 0 12
-1 0 0 0 -1 0 0 0 -1 12 12 0
0 1 0 -1 0 0 0 0 -1 0 0 0
1 0 0 0 1 0 0 0 -1 12 12 0
0 -1 0 1 0 0 0 0 -1 0 0 0
-1 0 0 0 1 0 0 0 1 0 0 12
0 1 0 1 0 0 0 0 1 12 12 12
1 0 0 0 -1 0 0 0 1 0 0 12
0 -1 0 -1 0 0 0 0 1 12 12 12
411	130	2	-P 4a 2ac	P 4/n c c	P4/ncc	P 4/n 2_1/c c	16
1 0 0 0 1 0 0 0 1 0 0 0
-1 0 0 0 -1 0 0 0 -1 0 0 0
0 -1 0 1 0 0 0 0 1 12 0 0
0 1 0 -1 0 0 0 0 -1 12 0 0
-1 0 0 0 -1 0 0 0 1 12 12 0
1 0 0 0 1 0 0 0 -1 12 12 0
0 1 0 -1 0 0 0 0 1 0 12 0
0 -1 0 1 0 0 0 0 -1 0 12 0
1 0 0 0 -1 0 0 0 -1 12 0 12
-1 0 0 0 1 0 0 0 1 12 0 12
0 -1 0 -1 0 0 0 0 -1 0 0 12
0 1 0 1 0 0 0 0 1 0 0 12
-1 0 0 0 1 0 0 0 -1 0 12 12
1 0 0 0 -1 0 0 0 1 0 12 12
0 1 0 1 0 0 0 0 -1 12 12 12
0 -1 0 -1 0 0 0 0 1 12 12 12
412	131	-	-P 4c 2	P 4_2/m m c	P4_2/mmc	P 4_2/m 2/m 2/c	16
1 0 0 0 1 0 0 0 1 0 0 0
-1 0 0 0 -1 0 0 0 -1 0 0 0
0 -1 0 1 0 0 0 0 1 0 0 12
0 1 0 -1 0 0 0 0 -1 0 0 12
-1 0 0 0 -1 0 0 0 1 0 0 0
1 0 0 0 1 0 0 0 -1 0 0 0
0 1 0 -1 0 0 0 0 1 0 0 12
0 -1 0 1 0 0 0 0 -1 0 0 12
1 0 0 0 -1 0 0 0 -1 0 0 0
-1 0 0 0 1 0 0 0 1 0 0 0
0 -1 0 -1 0 0 0 0 -1 0 0 12
0 1 0 1 0 0 0 0 1 0 0 12
-1 0 0 0 1 0 0 0 -1 0 0 0
1 0 0 0 -1 0 0 0 1 0 0 0
0 1 0 1 0 0 0 0 -1 0 0 12
0 -1 0 -1 0 0 0 0 1 0 0 12
413	132	-	-P 4c 2c	P 4_2/m c m	P4_2/mcm	P 4_2/m 2/c 2/m	16
1 0 0 0 1 0 0 0 1 0 0 0
-1 0 0 0 -1 0 0 0 -1 0 0 0
0 -1 0 1 0 0 0 0 1 0 0 12
0 1 0 -1 0 0 0 0 -1 0 0 12
-1 0 0 0 -1 0 0 0 1 0 0 0
1 0 0 0 1 0 0 0 -1 0 0 0
0 1 0 -1 0 0 0 0 1 0 0 12
0 -1 0 1 0 0 0 0 -1 0 0 12
1 0 0 0 -1 0 0 0 -1 0 0 12
-1 0 0 0 1 0 0 0 1 0 0 12
0 -1 0 -1 0 0 0 0 -1 0 0 0
0 1 0 1 0 0 0 0 1 0 0 0
-1 0 0 0 1 0 0 0 -1 0 0 12
1 0 0 0 -1 0 0 0 1 0 0 12
0 1 0 1 0 0 0 0 -1 0 0 0
0 -1 0 -1 0 0 0 0 1 0 0 0
414	133	1	P 4n 2c -1n	P 4_2/n b c	P4_2/nbc	P 4_2/n 2/b 2/c	16
1 0 0 0 1 0 0 0 1 0 0 0
0 -1 0 1 0 0 0 0 1 12 12 12
-1 0 0 0 -1 0 0 0 1 0 0 0
0 1 0 -1 0 0 0 0 1 12 12 12
1 0 0 0 -1 0 0 0 -1 0 0 12
0 -1 0 -1 0 0 0 0 -1 12 12 0
-1 0 0 0 1 0 0 0 -1 0 0 12
0 1 0 1 0 0 0 0 -1 12 12 0
-1 0 0 0 -1 0 0 0 -1 12 12 12
0 1 0 -1 0 0 0 0 -1 0 0 0
1 0 0 0 1 0 0 0 -1 12 12 12
0 -1 0 1 0 0 0 0 -1 0 0 0
-1 0 0 0 1 0 0 0 1 12 12 0
0 1 0 1 0 0 0 0 1 0 0 12
1 0 0 0 -1 0 0 0 1 12 12 0
0 -1 0 -1 0 0 0 0 1 0 0 12
415	133	2	-P 4ac 2b	P 4_2/n b c	P4_2/nbc	P 4_2/n 2/b 2/c	16
1 0 0 0 1 0 0 0 1 0 0 0
-1 0 0 0 -1 0 0 0 -1 0 0 0
0 -1 0 1 0 0 0 0 1 12 0 12
0 1 0 -1 0 0 0 0 -1 12 0 12
-1 0 0 0 -1 0 0 0 1 12 12 0
1 0 0 0 1 0 0 0 -1 12 12 0
0 1 0 -1 0 0 0 0 1 0 12 12
0 -1 0 1 0 0 0 0 -1 0 12 12
1 0 0 0 -1 0 0 0 -1 0 12 0
-1 0 0 0 1 0 0 0 1 0 12 0
0 -1 0 -1 0 0 0 0 -1 12 12 12
0 1 0 1 0 0 0 0 1 12 12 12
-1 0 0 0 1 0 0 0 -1 12 0 0
1 0 0 0 -1 0 0 0 1 12 0 0
0 1 0 1 0 0 0 0 -1 0 0 12
0 -1 0 -1 0 0 0 0 1 0 0 12
416	134	1	P 4n 2 -1n	P 4_2/n n m	P4_2/nnm	P 4_2/n 2/n 2/m	16
1 0 0 0 1 0 0 0 1 0 0 0
0 -1 0 1 0 0 0 0 1 12 12 12
-1 0 0 0 -1 0 0 0 1 0 0 0
0 1 0 -1 0 0 0 0 1 12 12 12
1 0 0 0 -1 0 0 0 -1 0 0 0
0 -1 0 -1 0 0 0 0 -1 12 12 12
-1 0 0 0 1 0 0 0 -1 0 0 0
0 1 0 1 0 0 0 0 -1 12 12 12
-1 0 0 0 -1 0 0 0 -1 12 12 12
0 1 0 -1 0 0 0 0 -1 0 0 0
1 0 0 0 1 0 0 0 -1 12 12 12
0 -1 0 1 0 0 0 0 -1 0 0 0
-1 0 0 0 1 0 0 0 1 12 12 12
0 1 0 1 0 0 0 0 1 0 0 0
1 0 0 0 -1 0 0 0 1 12 12 12
0 -1 0 -1 0 0 0 0 1 0 0 0
417	134	2	-P 4ac 2bc	P 4_2/n n m	P4_2/nnm	P 4_2/n 2/n 2/m	16
1 0 0 0 1 0 0 0 1 0 0 0
-1 0 0 0 -1 0 0 0 -1 0 0 0
0 -1 0 1 0 0 0 0 1 12 0 12
0 1 0 -1 0 0 0 0 -1 12 0 12
-1 0 0 0 -1 0 0 0 1 12 12 0
1 0 0 0 1 0 0 0 -1 12 12 0
0 1 0 -1 0 0 0 0 1 0 12 12
0 -1 0 1 0 0 0 0 -1 0 12 12
1 0 0 0 -1 0 0 0 -1 0 12 12
-1 0 0 0 1 0 0 0 1 0 12 12
0 -1 0 -1 0 0 0 0 -1 12 12 0
0 1 0 1 0 0 0 0 1 12 12 0
-1 0 0 0 1 0 0 0 -1 12 0 12
1 0 0 0 -1 0 0 0 1 12 0 12
0 1 0 1 0 0 0 0 -1 0 0 0
0 -1 0 -1 0 0 0 0 1 0 0 0
418	135	-	-P 4c 2ab	P 4_2/m b c	P4_2/mbc	P 4_2/m 2_1/b 2/c	16
1 0 0 0 1 0 0 0 1 0 0 0
-1 0 0 0 -1 0 0 0 -1 0 0 0
0 -1 0 1 0 0 0 0 1 0 0 12
0 1 0 -1 0 0 0 0 -1 0 0 12
-1 0 0 0 -1 0 0 0 1 0 0 0
1 0 0 0 1 0 0 0 -1 0 0 0
0 1 0 -1 0 0 0 0 1 0 0 12
0 -1 0 1 0 0 0 0 -1 0 0 12
1 0 0 0 -1 0 0 0 -1 12 12 0
-1 0 0 0 1 0 0 0 1 12 12 0
0 -1 0 -1 0 0 0 0 -1 12 12 12
0 1 0 1 0 0 0 0 1 12 12 12
-1 0 0 0 1 0 0 0 -1 12 12 0
1 0 0 0 -1 0 0 0 1 12 12 0
0 1 0 1 0 0 0 0 -1 12 12 12
0 -1 0 -1 0 0 0 0 1 12 12 12
419	136	-	-P 4n 2n	P 4_2/m n m	P4_2/mnm	P 4_2/m 2_1/n 2/m	16
1 0 0 0 1 0 0 0 1 0 0 0
-1 0 0 0 -1 0 0 0 -1 0 0 0
0 -1 0 1 0 0 0 0 1 12 12 12
0 1 0 -1 0 0 0 0 -1 12 12 12
-1 0 0 0 -1 0 0 0 1 0 0 0
1 0 0 0 1 0 0 0 -1 0 0 0
0 1 0 -1 0 0 0 0 1 12 12 12
0 -1 0 1 0 0 0 0 -1 12 12 12
1 0 0 0 -1 0 0 0 -1 12 12 12
-1 0 0 0 1 0 0 0 1 12 12 12
0 -1 0 -1 0 0 0 0 -1 0 0 0
0 1 0 1 0 0 0 0 1 0 0 0
-1 0 0 0 1 0 0 0 -1 12 12 12
1 0 0 0 -1 0 0 0 1 12 12 12
0 1 0 1 0 0 0 0 -1 0 0 0
0 -1 0 -1 0 0 0 0 1 0 0 0
420	137	1	P 4n 2n -1n	P 4_2/n m c	P4_2/nmc	P 4_2/n 2_1/m 2/c	16
1 0 0 0 1 0 0 0 1 0 0 0
0 -1 0 1 0 0 0 0 1 12 12 12
-1 0 0 0 -1 0 0 0 1 0 0 0
0 1 0 -1 0 0 0 0 1 12 12 12
1 0 0 0 -1 0 0 0 -1 12 12 12
0 -1 0 -1 0 0 0 0 -1 0 0 0
-1 0 0 0 1 0 0 0 -1 12 12 12
0 1 0 1 0 0 0 0 -1 0 0 0
-1 0 0 0 -1 0 0 0 -1 12 12 12
0 1 0 -1 0 0 0 0 -1 0 0 0
1 0 0 0 1 0 0 0 -1 12 12 12
0 -1 0 1 0 0 0 0 -1 0 0 0
-1 0 0 0 1 0 0 0 1 0 0 0
0 1 0 1 0 0 0 0 1 12 12 12
1 0 0 0 -1 0 0 0 1 0 0 0
0 -1 0 -1 0 0 0 0 1 12 12 12
421	137	2	-P 4ac 2a	P 4_2/n m c	P4_2/nmc	P 4_2/n 2_1/m 2/c	16
1 0 0 0 1 0 0 0 1 0 0 0
-1 0 0 0 -1 0 0 0 -1 0 0 0
0 -1 0 1 0 0 0 0 1 12 0 12
0 1 0 -1 0 0 0 0 -1 12 0 12
-1 0 0 0 -1 0 0 0 1 12 12 0
1 0 0 0 1 0 0 0 -1 12 12 0
0 1 0 -1 0 0 0 0 1 0 12 12
0 -1 0 1 0 0 0 0 -1 0 12 12
1 0 0 0 -1 0 0 0 -1 12 0 0
-1 0 0 0 1 0 0 0 1 12 0 0
0 -1 0 -1 0 0 0 0 -1 0 0 12
0 1 0 1 0 0 0 0 1 0 0 12
-1 0 0 0 1 0 0 0 -1 0 12 0
1 0 0 0 -1 0 0 0 1 0 12 0
0 1 0 1 0 0 0 0 -1 12 12 12
0 -1 0 -1 0 0 0 0 1 12 12 12
422	138	1	P 4n 2ab -1n	P 4_2/n c m	P4_2/ncm	P 4_2/n 2_1/c 2/m	16
1 0 0 0 1 0 0 0 1 0 0 0
0 -1 0 1 0 0 0 0 1 12 12 12
-1 0 0 0 -1 0 0 0 1 0 0 0
0 1 0 -1 0 0 0 0 1 12 12 12
1 0 0 0 -1 0 0 0 -1 12 12 0
0 -1 0 -1 0 0 0 0 -1 0 0 12
-1 0 0 0 1 0 0 0 -1 12 12 0
0 1 0 1 0 0 0 0 -1 0 0 12
-1 0 0 0 -1 0 0 0 -1 12 12 12
0 1 0 -1 0 0 0 0 -1 0 0 0
1 0 0 0 1 0 0 0 -1 12 12 12
0 -1 0 1 0 0 0 0 -1 0 0 0
-1 0 0 0 1 0 0 0 1 0 0 12
0 1 0 1 0 0 0 0 1 12 12 0
1 0 0 0 -1 0 0 0 1 0 0 12
0 -1 0 -1 0 0 0 0 1 12 12 0
423	138	2	-P 4ac 2ac	P 4_2/n c m	P4_2/ncm	P 4_2/n 2_1/c 2/m	16
1 0 0 0 1 0 0 0 1 0 0 0
-1 0 0 0 -1 0 0 0 -1 0 0 0
0 -1 0 1 0 0 0 0 1 12 0 12
0 1 0 -1 0 0 0 0 -1 12 0 12
-1 0 0 0 -1 0 0 0 1 12 12 0
1 0 0 0 1 0 0 0 -1 12 12 0
0 1 0 -1 0 0 0 0 1 0 12 12
0 -1 0 1 0 0 0 0 -1 0 12 12
1 0 0 0 -1 0 0 0 -1 12 0 12
-1 0 0 0 1 0 0 0 1 12 0 12
0 -1 0 -1 0 0 0 0 -1 0 0 0
0 1 0 1 0 0 0 0 1 0 0 0
-1 0 0 0 1 0 0 0 -1 0 12 12
1 0 0 0 -1 0 0 0 1 0 12 12
0 1 0 1 0 0 0 0 -1 12 12 0
0 -1 0 -1 0 0 0 0 1 12 12 0
424	139	-	-I 4 2	I 4/m m m	I4/mmm	I 4/m 2/m 2/m	32
1 0 0 0 1 0 0 0 1 0 0 0
-1 0 0 0 -1 0 0 0 -1 0 0 0
0 -1 0 1 0 0 0 0 1 0 0 0
0 1 0 -1 0 0 0 0 -1 0 0 0
-1 0 0 0 -1 0 0 0 1 0 0 0
1 0 0 0 1 0 0 0 -1 0 0 0
0 1 0 -1 0 0 0 0 1 0 0 0
0 -1 0 1 0 0 0 0 -1 0 0 0
1 0 0 0 -1 0 0 0 -1 0 0 0
-1 0 0 0 1 0 0 0 1 0 0 0
0 -1 0 -1 0 0 0 0 -1 0 0 0
0 1 0 1 0 0 0 0 1 0 0 0
-1 0 0 0 1 0 0 0 -1 0 0 0
1 0 0 0 -1 0 0 0 1 0 0 0
0 1 0 1 0 0 0 0 -1 0 0 0
0 -1 0 -1 0 0 0 0 1 0 0 0
1 0 0 0 1 0 0 0 1 12 12 12
-1 0 0 0 -1 0 0 0 -1 12 12 12
0 -1 0 1 0 0 0 0 1 12 12 12
0 1 0 -1 0 0 0 0 -1 12 12 12
-1 0 0 0 -1 0 0 0 1 12 12 12
1 0 0 0 1 0 0 0 -1 12 12 12
0 1 0 -1 0 0 0 0 1 12 12 12
0 -1 0 1 0 0 0 0 -1 12 12 12
1 0 0 0 -1 0 0 0 -1 12 12 12
-1 0 0 0 1 0 0 0 1 12 12 12
0 -1 0 -1 0 0 0 0 -1 12 12 12
0 1 0 1 0 0 0 0 1 12 12 12
-1 0 0 0 1 0 0 0 -1 12 12 12
1 0 0 0 -1 0 0 0 1 12 12 12
0 1 0 1 0 0 0 0 -1 12 12 12
0 -1 0 -1 0 0 0 0 1 12 12 12
425	140	-	-I 4 2c	I 4/m c m	I4/mcm	I 4/m 2/c 2/m	32
1 0 0 0 1 0 0 0 1 0 0 0
-1 0 0 0 -1 0 0 0 -1 0 0 0
0 -1 0 1 0 0 0 0 1 0 0 0
0 1 0 -1 0 0 0 0 -1 0 0 0
-1 0 0 0 -1 0 0 0 1 0 0 0
1 0 0 0 1 0 0 0 -1 0 0 0
0 1 0 -1 0 0 0 0 1 0 0 0
0 -1 0 1 0 0 0 0 -1 0 0 0
1 0 0 0 -1 0 0 0 -1 0 0 12
-1 0 0 0 1 0 0 0 1 0 0 12
0 -1 0 -1 0 0 0 0 -1 0 0 12
0 1 0 1 0 0 0 0 1 0 0 12
-1 0 0 0 1 0 0 0 -1 0 0 12
1 0 0 0 -1 0 0 0 1 0 0 12
0 1 0 1 0 0 0 0 -1 0 0 12
0 -1 0 -1 0 0 0 0 1 0 0 12
1 0 0 0 1 0 0 0 1 12 12 12
-1 0 0 0 -1 0 0 0 -1 12 12 12
0 -1 0 1 0 0 0 0 1 12 12 12
0 1 0 -1 0 0 0 0 -1 12 12 12
-1 0 0 0 -1 0 0 0 1 12 12 12
1 0 0 0 1 0 0 0 -1 12 12 12
0 1 0 -1 0 0 0 0 1 12 12 12
0 -1 0 1 0 0 0 0 -1 12 12 12
1 0 0 0 -1 0 0 0 -1 12 12 0
-1 0 0 0 1 0 0 0 1 12 12 0
0 -1 0 -1 0 0 0 0 -1 12 12 0
0 1 0 1 0 0 0 0 1 12 12 0
-1 0 0 0 1 0 0 0 -1 12 12 0
1 0 0 0 -1 0 0 0 1 12 12 0
0 1 0 1 0 0 0 0 -1 12 12 0
0 -1 0 -1 0 0 0 0 1 12 12 0
426	141	1	I 4bw 2bw -1bw	I 4_1/a m d	I4_1/amd	I 4_1/a 2/m 2/d	32
1 0 0 0 1 0 0 0 1 0 0 0
0 -1 0 1 0 0 0 0 1 0 12 6
-1 0 0 0 -1 0 0 0 1 12 12 12
0 1 0 -1 0 0 0 0 1 12 0 18
1 0 0 0 -1 0 0 0 -1 0 12 6
0 -1 0 -1 0 0 0 0 -1 0 0 0
-1 0 0 0 1 0 0 0 -1 12 0 18
0 1 0 1 0 0 0 0 -1 12 12 12
-1 0 0 0 -1 0 0 0 -1 0 12 6
0 1 0 -1 0 0 0 0 -1 0 0 0
1 0 0 0 1 0 0 0 -1 12 0 18
0 -1 0 1 0 0 0 0 -1 12 12 12
-1 0 0 0 1 0 0 0 1 0 0 0
0 1 0 1 0 0 0 0 1 0 12 6
1 0 0 0 -1 0 0 0 1 12 12 12
0 -1 0 -1 0 0 0 0 1 12 0 18
1 0 0 0 1 0 0 0 1 12 12 12
0 -1 0 1 0 0 0 0 1 12 0 18
-1 0 0 0 -1 0 0 0 1 0 0 0
0 1 0 -1 0 0 0 0 1 0 12 6
1 0 0 0 -1 0 0 0 -1 12 0 18
0 -1 0 -1 0 0 0 0 -1 12 12 12
-1 0 0 0 1 0 0 0 -1 0 12 6
0 1 0 1 0 0 0 0 -1 0 0 0
-1 0 0 0 -1 0 0 0 -1 12 0 18
0 1 0 -1 0 0 0 0 -1 12 12 12
1 0 0 0 1 0 0 0 -1 0 12 6
0 -1 0 1 0 0 0 0 -1 0 0 0
-1 0 0 0 1 0 0 0 1 12 12 12
0 1 0 1 0 0 0 0 1 12 0 18
1 0 0 0 -1 0 0 0 1 0 0 0
0 -1 0 -1 0 0 0 0 1 0 12 6
427	141	2	-I 4bd 2	I 4_1/a m d	I4_1/amd	I 4_1/a 2/m 2/d	32
1 0 0 0 1 0 0 0 1 0 0 0
-1 0 0 0 -1 0 0 0 -1 0 0 0
0 -1 0 1 0 0 0 0 1 6 18 6
0 1 0 -1 0 0 0 0 -1 6 18 6
-1 0 0 0 -1 0 0 0 1 12 0 12
1 0 0 0 1 0 0 0 -1 12 0 12
0 1 0 -1 0 0 0 0 1 6 6 18
0 -1 0 1 0 0 0 0 -1 6 6 18
1 0 0 0 -1 0 0 0 -1 0 0 0
-1 0 0 0 1 0 0 0 1 0 0 0
0 -1 0 -1 0 0 0 0 -1 6 6 18
0 1 0 1 0 0 0 0 1 6 6 18
-1 0 0 0 1 0 0 0 -1 12 0 12
1 0 0 0 -1 0 0 0 1 12 0 12
0 1 0 1 0 0 0 0 -1 6 18 6
0 -1 0 -1 0 0 0 0 1 6 18 6
1 0 0 0 1 0 0 0 1 12 12 12
-1 0 0 0 -1 0 0 0 -1 12 12 12
0 -1 0 1 0 0 0 0 1 18 6 18
0 1 0 -1 0 0 0 0 -1 18 6 18
-1 0 0 0 -1 0 0 0 1 0 12 0
1 0 0 0 1 0 0 0 -1 0 12 0
0 1 0 -1 0 0 0 0 1 18 18 6
0 -1 0 1 0 0 0 0 -1 18 18 6
1 0 0 0 -1 0 0 0 -1 12 12 12
-1 0 0 0 1 0 0 0 1 12 12 12
0 -1 0 -1 0 0 0 0 -1 18 18 6
0 1 0 1 0 0 0 0 1 18 18 6
-1 0 0 0 1 0 0 0 -1 0 12 0
1 0 0 0 -1 0 0 0 1 0 12 0
0 1 0 1 0 0 0 0 -1 18 6 18
0 -1 0 -1 0 0 0 0 1 18 6 18
428	142	1	I 4bw 2aw -1bw	I 4_1/a c d	I4_1/acd	I 4_1/a 2/c 2/d	32
1 0 0 0 1 0 0 0 1 0 0 0
0 -1 0 1 0 0 0 0 1 0 12 6
-1 0 0 0 -1 0 0 0 1 12 12 12
0 1 0 -1 0 0 0 0 1 12 0 18
1 0 0 0 -1 0 0 0 -1 12 0 6
0 -1 0 -1 0 0 0 0 -1 12 12 0
-1 0 0 0 1 0 0 0 -1 0 12 18
0 1 0 1 0 0 0 0 -1 0 0 12
-1 0 0 0 -1 0 0 0 -1 0 12 6
0 1 0 -1 0 0 0 0 -1 0 0 0
1 0 0 0 1 0 0 0 -1 12 0 18
0 -1 0 1 0 0 0 0 -1 12 12 12
-1 0 0 0 1 0 0 0 1 12 12 0
0 1 0 1 0 0 0 0 1 12 0 6
1 0 0 0 -1 0 0 0 1 0 0 12
0 -1 0 -1 0 0 0 0 1 0 12 18
1 0 0 0 1 0 0 0 1 12 12 12
0 -1 0 1 0 0 0 0 1 12 0 18
-1 0 0 0 -1 0 0 0 1 0 0 0
0 1 0 -1 0 0 0 0 1 0 12 6
1 0 0 0 -1 0 0 0 -1 0 12 18
0 -1 0 -1 0 0 0 0 -1 0 0 12
-1 0 0 0 1 0 0 0 -1 12 0 6
0 1 0 1 0 0 0 0 -1 12 12 0
-1 0 0 0 -1 0 0 0 -1 12 0 18
0 1 0 -1 0 0 0 0 -1 12 12 12
1 0 0 0 1 0 0 0 -1 0 12 6
0 -1 0 1 0 0 0 0 -1 0 0 0
-1 0 0 0 1 0 0 0 1 0 0 12
0 1 0 1 0 0 0 0 1 0 12 18
1 0 0 0 -1 0 0 0 1 12 12 0
0 -1 0 -1 0 0 0 0 1 12 0 6
429	142	2	-I 4bd 2c	I 4_1/a c d	I4_1/acd	I 4_1/a 2/c 2/d	32
1 0 0 0 1 0 0 0 1 0 0 0
-1 0 0 0 -1 0 0 0 -1 0 0 0
0 -1 0 1 0 0 0 0 1 6 18 6
0 1 0 -1 0 0 0 0 -1 6 18 6
-1 0 0 0 -1 0 0 0 1 12 0 12
1 0 0 0 1 0 0 0 -1 12 0 12
0 1 0 -1 0 0 0 0 1 6 6 18
0 -1 0 1 0 0 0 0 -1 6 6 18
1 0 0 0 -1 0 0 0 -1 0 0 12
-1 0 0 0 1 0 0 0 1 0 0 12
0 -1 0 -1 0 0 0 0 -1 6 6 6
0 1 0 1 0 0 0 0 1 6 6 6
-1 0 0 0 1 0 0 0 -1 12 0 0
1 0 0 0 -1 0 0 0 1 12 0 0
0 1 0 1 0 0 0 0 -1 6 18 18
0 -1 0 -1 0 0 0 0 1 6 18 18
1 0 0 0 1 0 0 0 1 12 12 12
-1 0 0 0 -1 0 0 0 -1 12 12 12
0 -1 0 1 0 0 0 0 1 18 6 18
0 1 0 -1 0 0 0 0 -1 18 6 18
-1 0 0 0 -1 0 0 0 1 0 12 0
1 0 0 0 1 0 0 0 -1 0 12 0
0 1 0 -1 0 0 0 0 1 18 18 6
0 -1 0 1 0 0 0 0 -1 18 18 6
1 0 0 0 -1 0 0 0 -1 12 12 0
-1 0 0 0 1 0 0 0 1 12 12 0
0 -1 0 -1 0 0 0 0 -1 18 18 18
0 1 0 1 0 0 0 0 1 18 18 18
-1 0 0 0 1 0 0 0 -1 0 12 12
1 0 0 0 -1 0 0 0 1 0 12 12
0 1 0 1 0 0 0 0 -1 18 6 6
0 -1 0 -1 0 0 0 0 1 18 6 6
430	143	-	P 3	P 3	P3	P 3	3
1 0 0 0 1 0 0 0 1 0 0 0
0 -1 0 1 -1 0 0 0 1 0 0 0
-1 1 0 -1 0 0 0 0 1 0 0 0
431	144	-	P 31	P 3_1	P3_1	P 3_1	3
1 0 0 0 1 0 0 0 1 0 0 0
0 -1 0 1 -1 0 0 0 1 0 0 8
-1 1 0 -1 0 0 0 0 1 0 0 16
432	145	-	P 32	P 3_2	P3_2	P 3_2	3
1 0 0 0 1 0 0 0 1 0 0 0
0 -1 0 1 -1 0 0 0 1 0 0 16
-1 1 0 -1 0 0 0 0 1 0 0 8
433	146	H	R 3	R 3	R3	R 3	9
1 0 0 0 1 0 0 0 1 0 0 0
0 -1 0 1 -1 0 0 0 1 0 0 0
-1 1 0 -1 0 0 0 0 1 0 0 0
1 0 0 0 1 0 0 0 1 16 8 8
0 -1 0 1 -1 0 0 0 1 16 8 8
-1 1 0 -1 0 0 0 0 1 16 8 8
1 0 0 0 1 0 0 0 1 8 16 16
0 -1 0 1 -1 0 0 0 1 8 16 16
-1 1 0 -1 0 0 0 0 1 8 16 16
434	146	R	P 3*	R 3	R3	R 3	3
1 0 0 0 1 0 0 0 1 0 0 0
0 0 1 1 0 0 0 1 0 0 0 0
0 1 0 0 0 1 1 0 0 0 0 0
435	147	-	-P 3	P -3	P-3	P -3	6
1 0 0 0 1 0 0 0 1 0 0 0
-1 0 0 0 -1 0 0 0 -1 0 0 0
0 -1 0 1 -1 0 0 0 1 0 0 0
0 1 0 -1 1 0 0 0 -1 0 0 0
-1 1 0 -1 0 0 0 0 1 0 0 0
1 -1 0 1 0 0 0 0 -1 0 0 0
436	148	H	-R 3	R -3	R-3	R -3	18
1 0 0 0 1 0 0 0 1 0 0 0
-1 0 0 0 -1 0 0 0 -1 0 0 0
0 -1 0 1 -1 0 0 0 1 0 0 0
0 1 0 -1 1 0 0 0 -1 0 0 0
-1 1 0 -1 0 0 0 0 1 0 0 0
1 -1 0 1 0 0 0 0 -1 0 0 0
1 0 0 0 1 0 0 0 1 16 8 8
-1 0 0 0 -1 0 0 0 -1 16 8 8
0 -1 0 1 -1 0 0 0 1 16 8 8
0 1 0 -1 1 0 0 0 -1 16 8 8
-1 1 0 -1 0 0 0 0 1 16 8 8
1 -1 0 1 0 0 0 0 -1 16 8 8
1 0 0 0 1 0 0 0 1 8 16 16
-1 0 0 0 -1 0 0 0 -1 8 16 16
0 -1 0 1 -1 0 0 0 1 8 16 16
0 1 0 -1 1 0 0 0 -1 8 16 16
-1 1 0 -1 0 0 0 0 1 8 16 16
1 -1 0 1 0 0 0 0 -1 8 16 16
437	148	R	-P 3*	R -3	R-3	R -3	6
1 0 0 0 1 0 0 0 1 0 0 0
-1 0 0 0 -1 0 0 0 -1 0 0 0
0 0 1 1 0 0 0 1 0 0 0 0
0 0 -1 -1 0 0 0 -1 0 0 0 0
0 1 0 0 0 1 1 0 0 0 0 0
0 -1 0 0 0 -1 -1 0 0 0 0 0
438	149	-	P 3 2	P 3 1 2	P312	P 3 1 2	6
1 0 0 0 1 0 0 0 1 0 0 0
0 -1 0 1 -1 0 0 0 1 0 0 0
-1 1 0 -1 0 0 0 0 1 0 0 0
0 -1 0 -1 0 0 0 0 -1 0 0 0
-1 1 0 0 1 0 0 0 -1 0 0 0
1 0 0 1 -1 0 0 0 -1 0 0 0
439	150	-	P 3 2"	P 3 2 1	P321	P 3 2 1	6
1 0 0 0 1 0 0 0 1 0 0 0
0 -1 0 1 -1 0 0 0 1 0 0 0
-1 1 0 -1 0 0 0 0 1 0 0 0
0 1 0 1 0 0 0 0 -1 0 0 0
1 -1 0 0 -1 0 0 0 -1 0 0 0
-1 0 0 -1 1 0 0 0 -1 0 0 0
440	151	-	P 31 2 (0 0 4)	P 3_1 1 2	P3_112	P 3_1 1 2	6
1 0 0 0 1 0 0 0 1 0 0 0
0 -1 0 1 -1 0 0 0 1 0 0 8
-1 1 0 -1 0 0 0 0 1 0 0 16
0 -1 0 -1 0 0 0 0 -1 0 0 16
-1 1 0 0 1 0 0 0 -1 0 0 8
1 0 0 1 -1 0 0 0 -1 0 0 0
441	152	-	P 31 2"	P 3_1 2 1	P3_121	P 3_1 2 1	6
1 0 0 0 1 0 0 0 1 0 0 0
0 -1 0 1 -1 0 0 0 1 0 0 8
-1 1 0 -1 0 0 0 0 1 0 0 16
0 1 0 1 0 0 0 0 -1 0 0 0
1 -1 0 0 -1 0 0 0 -1 0 0 16
-1 0 0 -1 1 0 0 0 -1 0 0 8
442	153	-	P 32 2 (0 0 2)	P 3_2 1 2	P3_212	P 3_2 1 2	6
1 0 0 0 1 0 0 0 1 0 0 0
0 -1 0 1 -1 0 0 0 1 0 0 16
-1 1 0 -1 0 0 0 0 1 0 0 8
0 -1 0 -1 0 0 0 0 -1 0 0 8
-1 1 0 0 1 0 0 0 -1 0 0 16
1 0 0 1 -1 0 0 0 -1 0 0 0
443	154	-	P 32 2"	P 3_2 2 1	P3_221	P 3_2 2 1	6
1 0 0 0 1 0 0 0 1 0 0 0
0 -1 0 1 -1 0 0 0 1 0 0 16
-1 1 0 -1 0 0 0 0 1 0 0 8
0 1 0 1 0 0 0 0 -1 0 0 0
1 -1 0 0 -1 0 0 0 -1 0 0 8
-1 0 0 -1 1 0 0 0 -1 0 0 16
444	155	H	R 3 2"	R 3 2	R32	R 3 2	18
1 0 0 0 1 0 0 0 1 0 0 0
0 -1 0 1 -1 0 0 0 1 0 0 0
-1 1 0 -1 0 0 0 0 1 0 0 0
0 1 0 1 0 0 0 0 -1 0 0 0
1 -1 0 0 -1 0 0 0 -1 0 0 0
-1 0 0 -1 1 0 0 0 -1 0 0 0
1 0 0 0 1 0 0 0 1 16 8 8
0 -1 0 1 -1 0 0 0 1 16 8 8
-1 1 0 -1 0 0 0 0 1 16 8 8
0 1 0 1 0 0 0 0 -1 16 8 8
1 -1 0 0 -1 0 0 0 -1 16 8 8
-1 0 0 -1 1 0 0 0 -1 16 8 8
1 0 0 0 1 0 0 0 1 8 16 16
0 -1 0 1 -1 0 0 0 1 8 16 16
-1 1 0 -1 0 0 0 0 1 8 16 16
0 1 0 1 0 0 0 0 -1 8 16 16
1 -1 0 0 -1 0 0 0 -1 8 16 16
-1 0 0 -1 1 0 0 0 -1 8 16 16
445	155	R	P 3* 2	R 3 2	R32	R 3 2	6
1 0 0 0 1 0 0 0 1 0 0 0
0 0 1 1 0 0 0 1 0 0 0 0
0 1 0 0 0 1 1 0 0 0 0 0
0 -1 0 -1 0 0 0 0 -1 0 0 0
-1 0 0 0 0 -1 0 -1 0 0 0 0
0 0 -1 0 -1 0 -1 0 0 0 0 0
446	156	-	P 3 -2"	P 3 m 1	P3m1	P 3 m 1	6
1 0 0 0 1 0 0 0 1 0 0 0
0 -1 0 1 -1 0 0 0 1 0 0 0
-1 1 0 -1 0 0 0 0 1 0 0 0
0 -1 0 -1 0 0 0 0 1 0 0 0
-1 1 0 0 1 0 0 0 1 0 0 0
1 0 0 1 -1 0 0 0 1 0 0 0
447	157	-	P 3 -2	P 3 1 m	P31m	P 3 1 m	6
1 0 0 0 1 0 0 0 1 0 0 0
0 -1 0 1 -1 0 0 0 1 0 0 0
-1 1 0 -1 0 0 0 0 1 0 0 0
0 1 0 1 0 0 0 0 1 0 0 0
1 -1 0 0 -1 0 0 0 1 0 0 0
-1 0 0 -1 1 0 0 0 1 0 0 0
448	158	-	P 3 -2"c	P 3 c 1	P3c1	P 3 c 1	6
1 0 0 0 1 0 0 0 1 0 0 0
0 -1 0 1 -1 0 0 0 1 0 0 0
-1 1 0 -1 0 0 0 0 1 0 0 0
0 -1 0 -1 0 0 0 0 1 0 0 12
-1 1 0 0 1 0 0 0 1 0 0 12
1 0 0 1 -1 0 0 0 1 0 0 12
449	159	-	P 3 -2c	P 3 1 c	P31c	P 3 1 c	6
1 0 0 0 1 0 0 0 1 0 0 0
0 -1 0 1 -1 0 0 0 1 0 0 0
-1 1 0 -1 0 0 0 0 1 0 0 0
0 1 0 1 0 0 0 0 1 0 0 12
1 -1 0 0 -1 0 0 0 1 0 0 12
-1 0 0 -1 1 0 0 0 1 0 0 12
450	160	H	R 3 -2"	R 3 m	R3m	R 3 m	18
1 0 0 0 1 0 0 0 1 0 0 0
0 -1 0 1 -1 0 0 0 1 0 0 0
-1 1 0 -1 0 0 0 0 1 0 0 0
0 -1 0 -1 0 0 0 0 1 0 0 0
-1 1 0 0 1 0 0 0 1 0 0 0
1 0 0 1 -1 0 0 0 1 0 0 0
1 0 0 0 1 0 0 0 1 16 8 8
0 -1 0 1 -1 0 0 0 1 16 8 8
-1 1 0 -1 0 0 0 0 1 16 8 8
0 -1 0 -1 0 0 0 0 1 16 8 8
-1 1 0 0 1 0 0 0 1 16 8 8
1 0 0 1 -1 0 0 0 1 16 8 8
1 0 0 0 1 0 0 0 1 8 16 16
0 -1 0 1 -1 0 0 0 1 8 16 16
-1 1 0 -1 0 0 0 0 1 8 16 16
0 -1 0 -1 0 0 0 0 1 8 16 16
-1 1 0 0 1 0 0 0 1 8 16 16
1 0 0 1 -1 0 0 0 1 8 16 16
451	160	R	P 3* -2	R 3 m	R3m	R 3 m	6
1 0 0 0 1 0 0 0 1 0 0 0
0 0 1 1 0 0 0 1 0 0 0 0
0 1 0 0 0 1 1 0 0 0 0 0
0 1 0 1 0 0 0 0 1 0 0 0
1 0 0 0 0 1 0 1 0 0 0 0
0 0 1 0 1 0 1 0 0 0 0 0
452	161	H	R 3 -2"c	R 3 c	R3c	R 3 c	18
1 0 0 0 1 0 0 0 1 0 0 0
0 -1 0 1 -1 0 0 0 1 0 0 0
-1 1 0 -1 0 0 0 0 1 0 0 0
0 -1 0 -1 0 0 0 0 1 0 0 12
-1 1 0 0 1 0 0 0 1 0 0 12
1 0 0 1 -1 0 0 0 1 0 0 12
1 0 0 0 1 0 0 0 1 16 8 8
0 -1 0 1 -1 0 0 0 1 16 8 8
-1 1 0 -1 0 0 0 0 1 16 8 8
0 -1 0 -1 0 0 0 0 1 16 8 20
-1 1 0 0 1 0 0 0 1 16 8 20
1 0 0 1 -1 0 0 0 1 16 8 20
1 0 0 0 1 0 0 0 1 8 16 16
0 -1 0 1 -1 0 0 0 1 8 16 16
-1 1 0 -1 0 0 0 0 1 8 16 16
0 -1 0 -1 0 0 0 0 1 8 16 4
-1 1 0 0 1 0 0 0 1 8 16 4
1 0 0 1 -1 0 0 0 1 8 16 4
453	161	R	P 3* -2n	R 3 c	R3c	R 3 c	6
1 0 0 0 1 0 0 0 1 0 0 0
0 0 1 1 0 0 0 1 0 0 0 0
0 1 0 0 0 1 1 0 0 0 0 0
0 1 0 1 0 0 0 0 1 12 12 12
1 0 0 0 0 1 0 1 0 12 12 12
0 0 1 0 1 0 1 0 0 12 12 12
454	162	-	-P 3 2	P -3 1 m	P-31m	P -3 1 2/m	12
1 0 0 0 1 0 0 0 1 0 0 0
-1 0 0 0 -1 0 0 0 -1 0 0 0
0 -1 0 1 -1 0 0 0 1 0 0 0
0 1 0 -1 1 0 0 0 -1 0 0 0
-1 1 0 -1 0 0 0 0 1 0 0 0
1 -1 0 1 0 0 0 0 -1 0 0 0
0 -1 0 -1 0 0 0 0 -1 0 0 0
0 1 0 1 0 0 0 0 1 0 0 0
-1 1 0 0 1 0 0 0 -1 0 0 0
1 -1 0 0 -1 0 0 0 1 0 0 0
1 0 0 1 -1 0 0 0 -1 0 0 0
-1 0 0 -1 1 0 0 0 1 0 0 0
455	163	-	-P 3 2c	P -3 1 c	P-31c	P -3 1 2/c	12
1 0 0 0 1 0 0 0 1 0 0 0
-1 0 0 0 -1 0 0 0 -1 0 0 0
0 -1 0 1 -1 0 0 0 1 0 0 0
0 1 0 -1 1 0 0 0 -1 0 0 0
-1 1 0 -1 0 0 0 0 1 0 0 0
1 -1 0 1 0 0 0 0 -1 0 0 0
0 -1 0 -1 0 0 0 0 -1 0 0 12
0 1 0 1 0 0 0 0 1 0 0 12
-1 1 0 0 1 0 0 0 -1 0 0 12
1 -1 0 0 -1 0 0 0 1 0 0 12
1 0 0 1 -1 0 0 0 -1 0 0 12
-1 0 0 -1 1 0 0 0 1 0 0 12
456	164	-	-P 3 2"	P -3 m 1	P-3m1	P -3 2/m 1	12
1 0 0 0 1 0 0 0 1 0 0 0
-1 0 0 0 -1 0 0 0 -1 0 0 0
0 -1 0 1 -1 0 0 0 1 0 0 0
0 1 0 -1 1 0 0 0 -1 0 0 0
-1 1 0 -1 0 0 0 0 1 0 0 0
1 -1 0 1 0 0 0 0 -1 0 0 0
0 1 0 1 0 0 0 0 -1 0 0 0
0 -1 0 -1 0 0 0 0 1 0 0 0
1 -1 0 0 -1 0 0 0 -1 0 0 0
-1 1 0 0 1 0 0 0 1 0 0 0
-1 0 0 -1 1 0 0 0 -1 0 0 0
1 0 0 1 -1 0 0 0 1 0 0 0
457	165	-	-P 3 2"c	P -3 c 1	P-3c1	P -3 2/c 1	12
1 0 0 0 1 0 0 0 1 0 0 0
-1 0 0 0 -1 0 0 0 -1 0 0 0
0 -1 0 1 -1 0 0 0 1 0 0 0
0 1 0 -1 1 0 0 0 -1 0 0 0
-1 1 0 -1 0 0 0 0 1 0 0 0
1 -1 0 1 0 0 0 0 -1 0 0 0
0 1 0 1 0 0 0 0 -1 0 0 12
0 -1 0 -1 0 0 0 0 1 0 0 12
1 -1 0 0 -1 0 0 0 -1 0 0 12
-1 1 0 0 1 0 0 0 1 0 0 12
-1 0 0 -1 1 0 0 0 -1 0 0 12
1 0 0 1 -1 0 0 0 1 0 0 12
458	166	H	-R 3 2"	R -3 m	R-3m	R -3 2/m	36
1 0 0 0 1 0 0 0 1 0 0 0
-1 0 0 0 -1 0 0 0 -1 0 0 0
0 -1 0 1 -1 0 0 0 1 0 0 0
0 1 0 -1 1 0 0 0 -1 0 0 0
-1 1 0 -1 0 0 0 0 1 0 0 0
1 -1 0 1 0 0 0 0 -1 0 0 0
0 1 0 1 0 0 0 0 -1 0 0 0
0 -1 0 -1 0 0 0 0 1 0 0 0
1 -1 0 0 -1 0 0 0 -1 0 0 0
-1 1 0 0 1 0 0 0 1 0 0 0
-1 0 0 -1 1 0 0 0 -1 0 0 0
1 0 0 1 -1 0 0 0 1 0 0 0
1 0 0 0 1 0 0 0 1 16 8 8
-1 0 0 0 -1 0 0 0 -1 16 8 8
0 -1 0 1 -1 0 0 0 1 16 8 8
0 1 0 -1 1 0 0 0 -1 16 8 8
-1 1 0 -1 0 0 0 0 1 16 8 8
1 -1 0 1 0 0 0 0 -1 16 8 8
0 1 0 1 0 0 0 0 -1 16 8 8
0 -1 0 -1 0 0 0 0 1 16 8 8
1 -1 0 0 -1 0 0 0 -1 16 8 8
-1 1 0 0 1 0 0 0 1 16 8 8
-1 0 0 -1 1 0 0 0 -1 16 8 8
1 0 0 1 -1 0 0 0 1 16 8 8
1 0 0 0 1 0 0 0 1 8 16 16
-1 0 0 0 -1 0 0 0 -1 8 16 16
0 -1 0 1 -1 0 0 0 1 8 16 16
0 1 0 -1 1 0 0 0 -1 8 16 16
-1 1 0 -1 0 0 0 0 1 8 16 16
1 -1 0 1 0 0 0 0 -1 8 16 16
0 1 0 1 0 0 0 0 -1 8 16 16
0 -1 0 -1 0 0 0 0 1 8 16 16
1 -1 0 0 -1 0 0 0 -1 8 16 16
-1 1 0 0 1 0 0 0 1 8 16 16
-1 0 0 -1 1 0 0 0 -1 8 16 16
1 0 0 1 -1 0 0 0 1 8 16 16
459	166	R	-P 3* 2	R -3 m	R-3m	R -3 2/m	12
1 0 0 0 1 0 0 0 1 0 0 0
-1 0 0 0 -1 0 0 0 -1 0 0 0
0 0 1 1 0 0 0 1 0 0 0 0
0 0 -1 -1 0 0 0 -1 0 0 0 0
0 1 0 0 0 1 1 0 0 0 0 0
0 -1 0 0 0 -1 -1 0 0 0 0 0
0 -1 0 -1 0 0 0 0 -1 0 0 0
0 1 0 1 0 0 0 0 1 0 0 0
-1 0 0 0 0 -1 0 -1 0 0 0 0
1 0 0 0 0 1 0 1 0 0 0 0
0 0 -1 0 -1 0 -1 0 0 0 0 0
0 0 1 0 1 0 1 0 0 0 0 0
460	167	H	-R 3 2"c	R -3 c	R-3c	R -3 2/c	36
1 0 0 0 1 0 0 0 1 0 0 0
-1 0 0 0 -1 0 0 0 -1 0 0 0
0 -1 0 1 -1 0 0 0 1 0 0 0
0 1 0 -1 1 0 0 0 -1 0 0 0
-1 1 0 -1 0 0 0 0 1 0 0 0
1 -1 0 1 0 0 0 0 -1 0 0 0
0 1 0 1 0 0 0 0 -1 0 0 12
0 -1 0 -1 0 0 0 0 1 0 0 12
1 -1 0 0 -1 0 0 0 -1 0 0 12
-1 1 0 0 1 0 0 0 1 0 0 12
-1 0 0 -1 1 0 0 0 -1 0 0 12
1 0 0 1 -1 0 0 0 1 0 0 12
1 0 0 0 1 0 0 0 1 16 8 8
-1 0 0 0 -1 0 0 0 -1 16 8 8
0 -1 0 1 -1 0 0 0 1 16 8 8
0 1 0 -1 1 0 0 0 -1 16 8 8
-1 1 0 -1 0 0 0 0 1 16 8 8
1 -1 0 1 0 0 0 0 -1 16 8 8
0 1 0 1 0 0 0 0 -1 16 8 20
0 -1 0 -1 0 0 0 0 1 16 8 20
1 -1 0 0 -1 0 0 0 -1 16 8 20
-1 1 0 0 1 0 0 0 1 16 8 20
-1 0 0 -1 1 0 0 0 -1 16 8 20
1 0 0 1 -1 0 0 0 1 16 8 20
1 0 0 0 1 0 0 0 1 8 16 16
-1 0 0 0 -1 0 0 0 -1 8 16 16
0 -1 0 1 -1 0 0 0 1 8 16 16
0 1 0 -1 1 0 0 0 -1 8 16 16
-1 1 0 -1 0 0 0 0 1 8 16 16
1 -1 0 1 0 0 0 0 -1 8 16 16
0 1 0 1 0 0 0 0 -1 8 16 4
0 -1 0 -1 0 0 0 0 1 8 16 4
1 -1 0 0 -1 0 0 0 -1 8 16 4
-1 1 0 0 1 0 0 0 1 8 16 4
-1 0 0 -1 1 0 0 0 -1 8 16 4
1 0 0 1 -1 0 0 0 1 8 16 4
461	167	R	-P 3* 2n	R -3 c	R-3c	R -3 2/c	12
1 0 0 0 1 0 0 0 1 0 0 0
-1 0 0 0 -1 0 0 0 -1 0 0 0
0 0 1 1 0 0 0 1 0 0 0 0
0 0 -1 -1 0 0 0 -1 0 0 0 0
0 1 0 0 0 1 1 0 0 0 0 0
0 -1 0 0 0 -1 -1 0 0 0 0 0
0 -1 0 -1 0 0 0 0 -1 12 12 12
0 1 0 1 0 0 0 0 1 12 12 12
-1 0 0 0 0 -1 0 -1 0 12 12 12
1 0 0 0 0 1 0 1 0 12 12 12
0 0 -1 0 -1 0 -1 0 0 12 12 12
0 0 1 0 1 0 1 0 0 12 12 12
462	168	-	P 6	P 6	P6	P 6	6
1 0 0 0 1 0 0 0 1 0 0 0
1 -1 0 1 0 0 0 0 1 0 0 0
0 -1 0 1 -1 0 0 0 1 0 0 0
-1 0 0 0 -1 0 0 0 1 0 0 0
-1 1 0 -1 0 0 0 0 1 0 0 0
0 1 0 -1 1 0 0 0 1 0 0 0
463	169	-	P 61	P 6_1	P6_1	P 6_1	6
1 0 0 0 1 0 0 0 1 0 0 0
1 -1 0 1 0 0 0 0 1 0 0 4
0 -1 0 1 -1 0 0 0 1 0 0 8
-1 0 0 0 -1 0 0 0 1 0 0 12
-1 1 0 -1 0 0 0 0 1 0 0 16
0 1 0 -1 1 0 0 0 1 0 0 20
464	170	-	P 65	P 6_5	P6_5	P 6_5	6
1 0 0 0 1 0 0 0 1 0 0 0
1 -1 0 1 0 0 0 0 1 0 0 20
0 -1 0 1 -1 0 0 0 1 0 0 16
-1 0 0 0 -1 0 0 0 1 0 0 12
-1 1 0 -1 0 0 0 0 1 0 0 8
0 1 0 -1 1 0 0 0 1 0 0 4
465	171	-	P 62	P 6_2	P6_2	P 6_2	6
1 0 0 0 1 0 0 0 1 0 0 0
1 -1 0 1 0 0 0 0 1 0 0 8
0 -1 0 1 -1 0 0 0 1 0 0 16
-1 0 0 0 -1 0 0 0 1 0 0 0
-1 1 0 -1 0 0 0 0 1 0 0 8
0 1 0 -1 1 0 0 0 1 0 0 16
466	172	-	P 64	P 6_4	P6_4	P 6_4	6
1 0 0 0 1 0 0 0 1 0 0 0
1 -1 0 1 0 0 0 0 1 0 0 16
0 -1 0 1 -1 0 0 0 1 0 0 8
-1 0 0 0 -1 0 0 0 1 0 0 0
-1 1 0 -1 0 0 0 0 1 0 0 16
0 1 0 -1 1 0 0 0 1 0 0 8
467	173	-	P 6c	P 6_3	P6_3	P 6_3	6
1 0 0 0 1 0 0 0 1 0 0 0
1 -1 0 1 0 0 0 0 1 0 0 12
0 -1 0 1 -1 0 0 0 1 0 0 0
-1 0 0 0 -1 0 0 0 1 0 0 12
-1 1 0 -1 0 0 0 0 1 0 0 0
0 1 0 -1 1 0 0 0 1 0 0 12
468	174	-	P -6	P -6	P-6	P -6	6
1 0 0 0 1 0 0 0 1 0 0 0
-1 1 0 -1 0 0 0 0 -1 0 0 0
0 -1 0 1 -1 0 0 0 1 0 0 0
1 0 0 0 1 0 0 0 -1 0 0 0
-1 1 0 -1 0 0 0 0 1 0 0 0
0 -1 0 1 -1 0 0 0 -1 0 0 0
469	175	-	-P 6	P 6/m	P6/m	P 6/m	12
1 0 0 0 1 0 0 0 1 0 0 0
-1 0 0 0 -1 0 0 0 -1 0 0 0
1 -1 0 1 0 0 0 0 1 0 0 0
-1 1 0 -1 0 0 0 0 -1 0 0 0
0 -1 0 1 -1 0 0 0 1 0 0 0
0 1 0 -1 1 0 0 0 -1 0 0 0
-1 0 0 0 -1 0 0 0 1 0 0 0
1 0 0 0 1 0 0 0 -1 0 0 0
-1 1 0 -1 0 0 0 0 1 0 0 0
1 -1 0 1 0 0 0 0 -1 0 0 0
0 1 0 -1 1 0 0 0 1 0 0 0
0 -1 0 1 -1 0 0 0 -1 0 0 0
470	176	-	-P 6c	P 6_3/m	P6_3/m	P 6_3/m	12
1 0 0 0 1 0 0 0 1 0 0 0
-1 0 0 0 -1 0 0 0 -1 0 0 0
1 -1 0 1 0 0 0 0 1 0 0 12
-1 1 0 -1 0 0 0 0 -1 0 0 12
0 -1 0 1 -1 0 0 0 1 0 0 0
0 1 0 -1 1 0 0 0 -1 0 0 0
-1 0 0 0 -1 0 0 0 1 0 0 12
1 0 0 0 1 0 0 0 -1 0 0 12
-1 1 0 -1 0 0 0 0 1 0 0 0
1 -1 0 1 0 0 0 0 -1 0 0 0
0 1 0 -1 1 0 0 0 1 0 0 12
0 -1 0 1 -1 0 0 0 -1 0 0 12
471	177	-	P 6 2	P 6 2 2	P622	P 6 2 2	12
1 0 0 0 1 0 0 0 1 0 0 0
1 -1 0 1 0 0 0 0 1 0 0 0
0 -1 0 1 -1 0 0 0 1 0 0 0
-1 0 0 0 -1 0 0 0 1 0 0 0
-1 1 0 -1 0 0 0 0 1 0 0 0
0 1 0 -1 1 0 0 0 1 0 0 0
0 -1 0 -1 0 0 0 0 -1 0 0 0
-1 0 0 -1 1 0 0 0 -1 0 0 0
-1 1 0 0 1 0 0 0 -1 0 0 0
0 1 0 1 0 0 0 0 -1 0 0 0
1 0 0 1 -1 0 0 0 -1 0 0 0
1 -1 0 0 -1 0 0 0 -1 0 0 0
472	178	-	P 61 2 (0 0 5)	P 6_1 2 2	P6_122	P 6_1 2 2	12
1 0 0 0 1 0 0 0 1 0 0 0
1 -1 0 1 0 0 0 0 1 0 0 4
0 -1 0 1 -1 0 0 0 1 0 0 8
-1 0 0 0 -1 0 0 0 1 0 0 12
-1 1 0 -1 0 0 0 0 1 0 0 16
0 1 0 -1 1 0 0 0 1 0 0 20
0 -1 0 -1 0 0 0 0 -1 0 0 20
-1 0 0 -1 1 0 0 0 -1 0 0 16
-1 1 0 0 1 0 0 0 -1 0 0 12
0 1 0 1 0 0 0 0 -1 0 0 8
1 0 0 1 -1 0 0 0 -1 0 0 4
1 -1 0 0 -1 0 0 0 -1 0 0 0
473	179	-	P 65 2 (0 0 1)	P 6_5 2 2	P6_522	P 6_5 2 2	12
1 0 0 0 1 0 0 0 1 0 0 0
1 -1 0 1 0 0 0 0 1 0 0 20
0 -1 0 1 -1 0 0 0 1 0 0 16
-1 0 0 0 -1 0 0 0 1 0 0 12
-1 1 0 -1 0 0 0 0 1 0 0 8
0 1 0 -1 1 0 0 0 1 0 0 4
0 -1 0 -1 0 0 0 0 -1 0 0 4
-1 0 0 -1 1 0 0 0 -1 0 0 8
-1 1 0 0 1 0 0 0 -1 0 0 12
0 1 0 1 0 0 0 0 -1 0 0 16
1 0 0 1 -1 0 0 0 -1 0 0 20
1 -1 0 0 -1 0 0 0 -1 0 0 0
474	180	-	P 62 2 (0 0 4)	P 6_2 2 2	P6_222	P 6_2 2 2	12
1 0 0 0 1 0 0 0 1 0 0 0
1 -1 0 1 0 0 0 0 1 0 0 8
0 -1 0 1 -1 0 0 0 1 0 0 16
-1 0 0 0 -1 0 0 0 1 0 0 0
-1 1 0 -1 0 0 0 0 1 0 0 8
0 1 0 -1 1 0 0 0 1 0 0 16
0 -1 0 -1 0 0 0 0 -1 0 0 16
-1 0 0 -1 1 0 0 0 -1 0 0 8
-1 1 0 0 1 0 0 0 -1 0 0 0
0 1 0 1 0 0 0 0 -1 0 0 16
1 0 0 1 -1 0 0 0 -1 0 0 8
1 -1 0 0 -1 0 0 0 -1 0 0 0
475	181	-	P 64 2 (0 0 2)	P 6_4 2 2	P6_422	P 6_4 2 2	12
1 0 0 0 1 0 0 0 1 0 0 0
1 -1 0 1 0 0 0 0 1 0 0 16
0 -1 0 1 -1 0 0 0 1 0 0 8
-1 0 0 0 -1 0 0 0 1 0 0 0
-1 1 0 -1 0 0 0 0 1 0 0 16
0 1 0 -1 1 0 0 0 1 0 0 8
0 -1 0 -1 0 0 0 0 -1 0 0 8
-1 0 0 -1 1 0 0 0 -1 0 0 16
-1 1 0 0 1 0 0 0 -1 0 0 0
0 1 0 1 0 0 0 0 -1 0 0 8
1 0 0 1 -1 0 0 0 -1 0 0 16
1 -1 0 0 -1 0 0 0 -1 0 0 0
476	182	-	P 6c 2c	P 6_3 2 2	P6_322	P 6_3 2 2	12
1 0 0 0 1 0 0 0 1 0 0 0
1 -1 0 1 0 0 0 0 1 0 0 12
0 -1 0 1 -1 0 0 0 1 0 0 0
-1 0 0 0 -1 0 0 0 1 0 0 12
-1 1 0 -1 0 0 0 0 1 0 0 0
0 1 0 -1 1 0 0 0 1 0 0 12
0 -1 0 -1 0 0 0 0 -1 0 0 12
-1 0 0 -1 1 0 0 0 -1 0 0 0
-1 1 0 0 1 0 0 0 -1 0 0 12
0 1 0 1 0 0 0 0 -1 0 0 0
1 0 0 1 -1 0 0 0 -1 0 0 12
1 -1 0 0 -1 0 0 0 -1 0 0 0
477	183	-	P 6 -2	P 6 m m	P6mm	P 6 m m	12
1 0 0 0 1 0 0 0 1 0 0 0
1 -1 0 1 0 0 0 0 1 0 0 0
0 -1 0 1 -1 0 0 0 1 0 0 0
-1 0 0 0 -1 0 0 0 1 0 0 0
-1 1 0 -1 0 0 0 0 1 0 0 0
0 1 0 -1 1 0 0 0 1 0 0 0
0 1 0 1 0 0 0 0 1 0 0 0
1 0 0 1 -1 0 0 0 1 0 0 0
1 -1 0 0 -1 0 0 0 1 0 0 0
0 -1 0 -1 0 0 0 0 1 0 0 0
-1 0 0 -1 1 0 0 0 1 0 0 0
-1 1 0 0 1 0 0 0 1 0 0 0
478	184	-	P 6 -2c	P 6 c c	P6cc	P 6 c c	12
1 0 0 0 1 0 0 0 1 0 0 0
1 -1 0 1 0 0 0 0 1 0 0 0
0 -1 0 1 -1 0 0 0 1 0 0 0
-1 0 0 0 -1 0 0 0 1 0 0 0
-1 1 0 -1 0 0 0 0 1 0 0 0
0 1 0 -1 1 0 0 0 1 0 0 0
0 1 0 1 0 0 0 0 1 0 0 12
1 0 0 1 -1 0 0 0 1 0 0 12
1 -1 0 0 -1 0 0 0 1 0 0 12
0 -1 0 -1 0 0 0 0 1 0 0 12
-1 0 0 -1 1 0 0 0 1 0 0 12
-1 1 0 0 1 0 0 0 1 0 0 12
479	185	-	P 6c -2	P 6_3 c m	P6_3cm	P 6_3 c m	12
1 0 0 0 1 0 0 0 1 0 0 0
1 -1 0 1 0 0 0 0 1 0 0 12
0 -1 0 1 -1 0 0 0 1 0 0 0
-1 0 0 0 -1 0 0 0 1 0 0 12
-1 1 0 -1 0 0 0 0 1 0 0 0
0 1 0 -1 1 0 0 0 1 0 0 12
0 1 0 1 0 0 0 0 1 0 0 0
1 0 0 1 -1 0 0 0 1 0 0 12
1 -1 0 0 -1 0 0 0 1 0 0 0
0 -1 0 -1 0 0 0 0 1 0 0 12
-1 0 0 -1 1 0 0 0 1 0 0 0
-1 1 0 0 1 0 0 0 1 0 0 12
480	186	-	P 6c -2c	P 6_3 m c	P6_3mc	P 6_3 m c	12
1 0 0 0 1 0 0 0 1 0 0 0
1 -1 0 1 0 0 0 0 1 0 0 12
0 -1 0 1 -1 0 0 0 1 0 0 0
-1 0 0 0 -1 0 0 0 1 0 0 12
-1 1 0 -1 0 0 0 0 1 0 0 0
0 1 0 -1 1 0 0 0 1 0 0 12
0 1 0 1 0 0 0 0 1 0 0 12
1 0 0 1 -1 0 0 0 1 0 0 0
1 -1 0 0 -1 0 0 0 1 0 0 12
0 -1 0 -1 0 0 0 0 1 0 0 0
-1 0 0 -1 1 0 0 0 1 0 0 12
-1 1 0 0 1 0 0 0 1 0 0 0
481	187	-	P -6 2	P -6 m 2	P-6m2	P -6 m 2	12
1 0 0 0 1 0 0 0 1 0 0 0
-1 1 0 -1 0 0 0 0 -1 0 0 0
0 -1 0 1 -1 0 0 0 1 0 0 0
1 0 0 0 1 0 0 0 -1 0 0 0
-1 1 0 -1 0 0 0 0 1 0 0 0
0 -1 0 1 -1 0 0 0 -1 0 0 0
0 -1 0 -1 0 0 0 0 -1 0 0 0
1 0 0 1 -1 0 0 0 1 0 0 0
-1 1 0 0 1 0 0 0 -1 0 0 0
0 -1 0 -1 0 0 0 0 1 0 0 0
1 0 0 1 -1 0 0 0 -1 0 0 0
-1 1 0 0 1 0 0 0 1 0 0 0
482	188	-	P -6c 2	P -6 c 2	P-6c2	P -6 c 2	12
1 0 0 0 1 0 0 0 1 0 0 0
-1 1 0 -1 0 0 0 0 -1 0 0 12
0 -1 0 1 -1 0 0 0 1 0 0 0
1 0 0 0 1 0 0 0 -1 0 0 12
-1 1 0 -1 0 0 0 0 1 0 0 0
0 -1 0 1 -1 0 0 0 -1 0 0 12
0 -1 0 -1 0 0 0 0 -1 0 0 0
1 0 0 1 -1 0 0 0 1 0 0 12
-1 1 0 0 1 0 0 0 -1 0 0 0
0 -1 0 -1 0 0 0 0 1 0 0 12
1 0 0 1 -1 0 0 0 -1 0 0 0
-1 1 0 0 1 0 0 0 1 0 0 12
483	189	-	P -6 -2	P -6 2 m	P-62m	P -6 2 m	12
1 0 0 0 1 0 0 0 1 0 0 0
-1 1 0 -1 0 0 0 0 -1 0 0 0
0 -1 0 1 -1 0 0 0 1 0 0 0
1 0 0 0 1 0 0 0 -1 0 0 0
-1 1 0 -1 0 0 0 0 1 0 0 0
0 -1 0 1 -1 0 0 0 -1 0 0 0
0 1 0 1 0 0 0 0 1 0 0 0
-1 0 0 -1 1 0 0 0 -1 0 0 0
1 -1 0 0 -1 0 0 0 1 0 0 0
0 1 0 1 0 0 0 0 -1 0 0 0
-1 0 0 -1 1 0 0 0 1 0 0 0
1 -1 0 0 -1 0 0 0 -1 0 0 0
484	190	-	P -6c -2c	P -6 2 c	P-62c	P -6 2 c	12
1 0 0 0 1 0 0 0 1 0 0 0
-1 1 0 -1 0 0 0 0 -1 0 0 12
0 -1 0 1 -1 0 0 0 1 0 0 0
1 0 0 0 1 0 0 0 -1 0 0 12
-1 1 0 -1 0 0 0 0 1 0 0 0
0 -1 0 1 -1 0 0 0 -1 0 0 12
0 1 0 1 0 0 0 0 1 0 0 12
-1 0 0 -1 1 0 0 0 -1 0 0 0
1 -1 0 0 -1 0 0 0 1 0 0 12
0 1 0 1 0 0 0 0 -1 0 0 0
-1 0 0 -1 1 0 0 0 1 0 0 12
1 -1 0 0 -1 0 0 0 -1 0 0 0
485	191	-	-P 6 2	P 6/m m m	P6/mmm	P 6/m 2/m 2/m	24
1 0 0 0 1 0 0 0 1 0 0 0
-1 0 0 0 -1 0 0 0 -1 0 0 0
1 -1 0 1 0 0 0 0 1 0 0 0
-1 1 0 -1 0 0 0 0 -1 0 0 0
0 -1 0 1 -1 0 0 0 1 0 0 0
0 1 0 -1 1 0 0 0 -1 0 0 0
-1 0 0 0 -1 0 0 0 1 0 0 0
1 0 0 0 1 0 0 0 -1 0 0 0
-1 1 0 -1 0 0 0 0 1 0 0 0
1 -1 0 1 0 0 0 0 -1 0 0 0
0 1 0 -1 1 0 0 0 1 0 0 0
0 -1 0 1 -1 0 0 0 -1 0 0 0
0 -1 0 -1 0 0 0 0 -1 0 0 0
0 1 0 1 0 0 0 0 1 0 0 0
-1 0 0 -1 1 0 0 0 -1 0 0 0
1 0 0 1 -1 0 0 0 1 0 0 0
-1 1 0 0 1 0 0 0 -1 0 0 0
1 -1 0 0 -1 0 0 0 1 0 0 0
0 1 0 1 0 0 0 0 -1 0 0 0
0 -1 0 -1 0 0 0 0 1 0 0 0
1 0 0 1 -1 0 0 0 -1 0 0 0
-1 0 0 -1 1 0 0 0 1 0 0 0
1 -1 0 0 -1 0 0 0 -1 0 0 0
-1 1 0 0 1 0 0 0 1 0 0 0
486	192	-	-P 6 2c	P 6/m c c	P6/mcc	P 6/m 2/c 2/c	24
1 0 0 0 1 0 0 0 1 0 0 0
-1 0 0 0 -1 0 0 0 -1 0 0 0
1 -1 0 1 0 0 0 0 1 0 0 0
-1 1 0 -1 0 0 0 0 -1 0 0 0
0 -1 0 1 -1 0 0 0 1 0 0 0
0 1 0 -1 1 0 0 0 -1 0 0 0
-1 0 0 0 -1 0 0 0 1 0 0 0
1 0 0 0 1 0 0 0 -1 0 0 0
-1 1 0 -1 0 0 0 0 1 0 0 0
1 -1 0 1 0 0 0 0 -1 0 0 0
0 1 0 -1 1 0 0 0 1 0 0 0
0 -1 0 1 -1 0 0 0 -1 0 0 0
0 -1 0 -1 0 0 0 0 -1 0 0 12
0 1 0 1 0 0 0 0 1 0 0 12
-1 0 0 -1 1 0 0 0 -1 0 0 12
1 0 0 1 -1 0 0 0 1 0 0 12
-1 1 0 0 1 0 0 0 -1 0 0 12
1 -1 0 0 -1 0 0 0 1 0 0 12
0 1 0 1 0 0 0 0 -1 0 0 12
0 -1 0 -1 0 0 0 0 1 0 0 12
1 0 0 1 -1 0 0 0 -1 0 0 12
-1 0 0 -1 1 0 0 0 1 0 0 12
1 -1 0 0 -1 0 0 0 -1 0 0 12
-1 1 0 0 1 0 0 0 1 0 0 12
487	193	-	-P 6c 2	P 6_3/m c m	P6_3/mcm	P 6_3/m 2/c 2/m	24
1 0 0 0 1 0 0 0 1 0 0 0
-1 0 0 0 -1 0 0 0 -1 0 0 0
1 -1 0 1 0 0 0 0 1 0 0 12
-1 1 0 -1 0 0 0 0 -1 0 0 12
0 -1 0 1 -1 0 0 0 1 0 0 0
0 1 0 -1 1 0 0 0 -1 0 0 0
-1 0 0 0 -1 0 0 0 1 0 0 12
1 0 0 0 1 0 0 0 -1 0 0 12
-1 1 0 -1 0 0 0 0 1 0 0 0
1 -1 0 1 0 0 0 0 -1 0 0 0
0 1 0 -1 1 0 0 0 1 0 0 12
0 -1 0 1 -1 0 0 0 -1 0 0 12
0 -1 0 -1 0 0 0 0 -1 0 0 0
0 1 0 1 0 0 0 0 1 0 0 0
-1 0 0 -1 1 0 0 0 -1 0 0 12
1 0 0 1 -1 0 0 0 1 0 0 12
-1 1 0 0 1 0 0 0 -1 0 0 0
1 -1 0 0 -1 0 0 0 1 0 0 0
0 1 0 1 0 0 0 0 -1 0 0 12
0 -1 0 -1 0 0 0 0 1 0 0 12
1 0 0 1 -1 0 0 0 -1 0 0 0
-1 0 0 -1 1 0 0 0 1 0 0 0
1 -1 0 0 -1 0 0 0 -1 0 0 12
-1 1 0 0 1 0 0 0 1 0 0 12
488	194	-	-P 6c 2c	P 6_3/m m c	P6_3/mmc	P 6_3/m 2/m 2/c	24
1 0 0 0 1 0 0 0 1 0 0 0
-1 0 0 0 -1 0 0 0 -1 0 0 0
1 -1 0 1 0 0 0 0 1 0 0 12
-1 1 0 -1 0 0 0 0 -1 0 0 12
0 -1 0 1 -1 0 0 0 1 0 0 0
0 1 0 -1 1 0 0 0 -1 0 0 0
-1 0 0 0 -1 0 0 0 1 0 0 12
1 0 0 0 1 0 0 0 -1 0 0 12
-1 1 0 -1 0 0 0 0 1 0 0 0
1 -1 0 1 0 0 0 0 -1 0 0 0
0 1 0 -1 1 0 0 0 1 0 0 12
0 -1 0 1 -1 0 0 0 -1 0 0 12
0 -1 0 -1 0 0 0 0 -1 0 0 12
0 1 0 1 0 0 0 0 1 0 0 12
-1 0 0 -1 1 0 0 0 -1 0 0 0
1 0 0 1 -1 0 0 0 1 0 0 0
-1 1 0 0 1 0 0 0 -1 0 0 12
1 -1 0 0 -1 0 0 0 1 0 0 12
0 1 0 1 0 0 0 0 -1 0 0 0
0 -1 0 -1 0 0 0 0 1 0 0 0
1 0 0 1 -1 0 0 0 -1 0 0 12
-1 0 0 -1 1 0 0 0 1 0 0 12
1 -1 0 0 -1 0 0 0 -1 0 0 0
-1 1 0 0 1 0 0 0 1 0 0 0
489	195	-	P 2 2 3	P 2 3	P23	P 2 3	12
1 0 0 0 1 0 0 0 1 0 0 0
-1 0 0 0 -1 0 0 0 1 0 0 0
1 0 0 0 -1 0 0 0 -1 0 0 0
-1 0 0 0 1 0 0 0 -1 0 0 0
0 0 1 1 0 0 0 1 0 0 0 0
0 0 1 -1 0 0 0 -1 0 0 0 0
0 0 -1 1 0 0 0 -1 0 0 0 0
0 0 -1 -1 0 0 0 1 0 0 0 0
0 1 0 0 0 1 1 0 0 0 0 0
0 -1 0 0 0 1 -1 0 0 0 0 0
0 -1 0 0 0 -1 1 0 0 0 0 0
0 1 0 0 0 -1 -1 0 0 0 0 0
490	196	-	F 2 2 3	F 2 3	F23	F 2 3	48
1 0 0 0 1 0 0 0 1 0 0 0
-1 0 0 0 -1 0 0 0 1 0 0 0
1 0 0 0 -1 0 0 0 -1 0 0 0
-1 0 0 0 1 0 0 0 -1 0 0 0
0 0 1 1 0 0 0 1 0 0 0 0
0 0 1 -1 0 0 0 -1 0 0 0 0
0 0 -1 1 0 0 0 -1 0 0 0 0
0 0 -1 -1 0 0 0 1 0 0 0 0
0 1 0 0 0 1 1 0 0 0 0 0
0 -1 0 0 0 1 -1 0 0 0 0 0
0 -1 0 0 0 -1 1 0 0 0 0 0
0 1 0 0 0 -1 -1 0 0 0 0 0
1 0 0 0 1 0 0 0 1 0 12 12
-1 0 0 0 -1 0 0 0 1 0 12 12
1 0 0 0 -1 0 0 0 -1 0 12 12
-1 0 0 0 1 0 0 0 -1 0 12 12
0 0 1 1 0 0 0 1 0 0 12 12
0 0 1 -1 0 0 0 -1 0 0 12 12
0 0 -1 1 0 0 0 -1 0 0 12 12
0 0 -1 -1 0 0 0 1 0 0 12 12
0 1 0 0 0 1 1 0 0 0 12 12
0 -1 0 0 0 1 -1 0 0 0 12 12
0 -1 0 0 0 -1 1 0 0 0 12 12
0 1 0 0 0 -1 -1 0 0 0 12 12
1 0 0 0 1 0 0 0 1 12 0 12
-1 0 0 0 -1 0 0 0 1 12 0 12
1 0 0 0 -1 0 0 0 -1 12 0 12
-1 0 0 0 1 0 0 0 -1 12 0 12
0 0 1 1 0 0 0 1 0 12 0 12
0 0 1 -1 0 0 0 -1 0 12 0 12
0 0 -1 1 0 0 0 -1 0 12 0 12
0 0 -1 -1 0 0 0 1 0 12 0 12
0 1 0 0 0 1 1 0 0 12 0 12
0 -1 0 0 0 1 -1 0 0 12 0 12
0 -1 0 0 0 -1 1 0 0 12 0 12
0 1 0 0 0 -1 -1 0 0 12 0 12
1 0 0 0 1 0 0 0 1 12 12 0
-1 0 0 0 -1 0 0 0 1 12 12 0
1 0 0 0 -1 0 0 0 -1 12 12 0
-1 0 0 0 1 0 0 0 -1 12 12 0
0 0 1 1 0 0 0 1 0 12 12 0
0 0 1 -1 0 0 0 -1 0 12 12 0
0 0 -1 1 0 0 0 -1 0 12 12 0
0 0 -1 -1 0 0 0 1 0 12 12 0
0 1 0 0 0 1 1 0 0 12 12 0
0 -1 0 0 0 1 -1 0 0 12 12 0
0 -1 0 0 0 -1 1 0 0 12 12 0
0 1 0 0 0 -1 -1 0 0 12 12 0
491	197	-	I 2 2 3	I 2 3	I23	I 2 3	24
1 0 0 0 1 0 0 0 1 0 0 0
-1 0 0 0 -1 0 0 0 1 0 0 0
1 0 0 0 -1 0 0 0 -1 0 0 0
-1 0 0 0 1 0 0 0 -1 0 0 0
0 0 1 1 0 0 0 1 0 0 0 0
0 0 1 -1 0 0 0 -1 0 0 0 0
0 0 -1 1 0 0 0 -1 0 0 0 0
0 0 -1 -1 0 0 0 1 0 0 0 0
0 1 0 0 0 1 1 0 0 0 0 0
0 -1 0 0 0 1 -1 0 0 0 0 0
0 -1 0 0 0 -1 1 0 0 0 0 0
0 1 0 0 0 -1 -1 0 0 0 0 0
1 0 0 0 1 0 0 0 1 12 12 12
-1 0 0 0 -1 0 0 0 1 12 12 12
1 0 0 0 -1 0 0 0 -1 12 12 12
-1 0 0 0 1 0 0 0 -1 12 12 12
0 0 1 1 0 0 0 1 0 12 12 12
0 0 1 -1 0 0 0 -1 0 12 12 12
0 0 -1 1 0 0 0 -1 0 12 12 12
0 0 -1 -1 0 0 0 1 0 12 12 12
0 1 0 0 0 1 1 0 0 12 12 12
0 -1 0 0 0 1 -1 0 0 12 12 12
0 -1 0 0 0 -1 1 0 0 12 12 12
0 1 0 0 0 -1 -1 0 0 12 12 12
492	198	-	P 2ac 2ab 3	P 2_1 3	P2_13	P 2_1 3	12
1 0 0 0 1 0 0 0 1 0 0 0
-1 0 0 0 -1 0 0 0 1 12 0 12
1 0 0 0 -1 0 0 0 -1 12 12 0
-1 0 0 0 1 0 0 0 -1 0 12 12
0 0 1 1 0 0 0 1 0 0 0 0
0 0 1 -1 0 0 0 -1 0 12 12 0
0 0 -1 1 0 0 0 -1 0 0 12 12
0 0 -1 -1 0 0 0 1 0 12 0 12
0 1 0 0 0 1 1 0 0 0 0 0
0 -1 0 0 0 1 -1 0 0 0 12 12
0 -1 0 0 0 -1 1 0 0 12 0 12
0 1 0 0 0 -1 -1 0 0 12 12 0
493	199	-	I 2b 2c 3	I 2_1 3	I2_13	I 2_1 3	24
1 0 0 0 1 0 0 0 1 0 0 0
-1 0 0 0 -1 0 0 0 1 0 12 0
1 0 0 0 -1 0 0 0 -1 0 0 12
-1 0 0 0 1 0 0 0 -1 0 12 12
0 0 1 1 0 0 0 1 0 0 0 0
0 0 1 -1 0 0 0 -1 0 0 0 12
0 0 -1 1 0 0 0 -1 0 12 0 0
0 0 -1 -1 0 0 0 1 0 12 0 12
0 1 0 0 0 1 1 0 0 0 0 0
0 -1 0 0 0 1 -1 0 0 12 0 0
0 -1 0 0 0 -1 1 0 0 0 12 0
0 1 0 0 0 -1 -1 0 0 12 12 0
1 0 0 0 1 0 0 0 1 12 12 12
-1 0 0 0 -1 0 0 0 1 12 0 12
1 0 0 0 -1 0 0 0 -1 12 12 0
-1 0 0 0 1 0 0 0 -1 12 0 0
0 0 1 1 0 0 0 1 0 12 12 12
0 0 1 -1 0 0 0 -1 0 12 12 0
0 0 -1 1 0 0 0 -1 0 0 12 12
0 0 -1 -1 0 0 0 1 0 0 12 0
0 1 0 0 0 1 1 0 0 12 12 12
0 -1 0 0 0 1 -1 0 0 0 12 12
0 -1 0 0 0 -1 1 0 0 12 0 12
0 1 0 0 0 -1 -1 0 0 0 0 12
494	200	-	-P 2 2 3	P m -3	Pm-3	P 2/m -3	24
1 0 0 0 1 0 0 0 1 0 0 0
-1 0 0 0 -1 0 0 0 -1 0 0 0
-1 0 0 0 -1 0 0 0 1 0 0 0
1 0 0 0 1 0 0 0 -1 0 0 0
1 0 0 0 -1 0 0 0 -1 0 0 0
-1 0 0 0 1 0 0 0 1 0 0 0
-1 0 0 0 1 0 0 0 -1 0 0 0
1 0 0 0 -1 0 0 0 1 0 0 0
0 0 1 1 0 0 0 1 0 0 0 0
0 0 -1 -1 0 0 0 -1 0 0 0 0
0 0 1 -1 0 0 0 -1 0 0 0 0
0 0 -1 1 0 0 0 1 0 0 0 0
0 0 -1 1 0 0 0 -1 0 0 0 0
0 0 1 -1 0 0 0 1 0 0 0 0
0 0 -1 -1 0 0 0 1 0 0 0 0
0 0 1 1 0 0 0 -1 0 0 0 0
0 1 0 0 0 1 1 0 0 0 0 0
0 -1 0 0 0 -1 -1 0 0 0 0 0
0 -1 0 0 0 1 -1 0 0 0 0 0
0 1 0 0 0 -1 1 0 0 0 0 0
0 -1 0 0 0 -1 1 0 0 0 0 0
0 1 0 0 0 1 -1 0 0 0 0 0
0 1 0 0 0 -1 -1 0 0 0 0 0
0 -1 0 0 0 1 1 0 0 0 0 0
495	201	1	P 2 2 3 -1n	P n -3	Pn-3	P 2/n -3	24
1 0 0 0 1 0 0 0 1 0 0 0
-1 0 0 0 -1 0 0 0 1 0 0 0
1 0 0 0 -1 0 0 0 -1 0 0 0
-1 0 0 0 1 0 0 0 -1 0 0 0
0 0 1 1 0 0 0 1 0 0 0 0
0 0 1 -1 0 0 0 -1 0 0 0 0
0 0 -1 1 0 0 0 -1 0 0 0 0
0 0 -1 -1 0 0 0 1 0 0 0 0
0 1 0 0 0 1 1 0 0 0 0 0
0 -1 0 0 0 1 -1 0 0 0 0 0
0 -1 0 0 0 -1 1 0 0 0 0 0
0 1 0 0 0 -1 -1 0 0 0 0 0
-1 0 0 0 -1 0 0 0 -1 12 12 12
1 0 0 0 1 0 0 0 -1 12 12 12
-1 0 0 0 1 0 0 0 1 12 12 12
1 0 0 0 -1 0 0 0 1 12 12 12
0 0 -1 -1 0 0 0 -1 0 12 12 12
0 0 -1 1 0 0 0 1 0 12 12 12
0 0 1 -1 0 0 0 1 0 12 12 12
0 0 1 1 0 0 0 -1 0 12 12 12
0 -1 0 0 0 -1 -1 0 0 12 12 12
0 1 0 0 0 -1 1 0 0 12 12 12
0 1 0 0 0 1 -1 0 0 12 12 12
0 -1 0 0 0 1 1 0 0 12 12 12
496	201	2	-P 2ab 2bc 3	P n -3	Pn-3	P 2/n -3	24
1 0 0 0 1 0 0 0 1 0 0 0
-1 0 0 0 -1 0 0 0 -1 0 0 0
-1 0 0 0 -1 0 0 0 1 12 12 0
1 0 0 0 1 0 0 0 -1 12 12 0
1 0 0 0 -1 0 0 0 -1 0 12 12
-1 0 0 0 1 0 0 0 1 0 12 12
-1 0 0 0 1 0 0 0 -1 12 0 12
1 0 0 0 -1 0 0 0 1 12 0 12
0 0 1 1 0 0 0 1 0 0 0 0
0 0 -1 -1 0 0 0 -1 0 0 0 0
0 0 1 -1 0 0 0 -1 0 0 12 12
0 0 -1 1 0 0 0 1 0 0 12 12
0 0 -1 1 0 0 0 -1 0 12 0 12
0 0 1 -1 0 0 0 1 0 12 0 12
0 0 -1 -1 0 0 0 1 0 12 12 0
0 0 1 1 0 0 0 -1 0 12 12 0
0 1 0 0 0 1 1 0 0 0 0 0
0 -1 0 0 0 -1 -1 0 0 0 0 0
0 -1 0 0 0 1 -1 0 0 12 0 12
0 1 0 0 0 -1 1 0 0 12 0 12
0 -1 0 0 0 -1 1 0 0 12 12 0
0 1 0 0 0 1 -1 0 0 12 12 0
0 1 0 0 0 -1 -1 0 0 0 12 12
0 -1 0 0 0 1 1 0 0 0 12 12
497	202	-	-F 2 2 3	F m -3	Fm-3	F 2/m -3	96
1 0 0 0 1 0 0 0 1 0 0 0
-1 0 0 0 -1 0 0 0 -1 0 0 0
-1 0 0 0 -1 0 0 0 1 0 0 0
1 0 0 0 1 0 0 0 -1 0 0 0
1 0 0 0 -1 0 0 0 -1 0 0 0
-1 0 0 0 1 0 0 0 1 0 0 0
-1 0 0 0 1 0 0 0 -1 0 0 0
1 0 0 0 -1 0 0 0 1 0 0 0
0 0 1 1 0 0 0 1 0 0 0 0
0 0 -1 -1 0 0 0 -1 0 0 0 0
0 0 1 -1 0 0 0 -1 0 0 0 0
0 0 -1 1 0 0 0 1 0 0 0 0
0 0 -1 1 0 0 0 -1 0 0 0 0
0 0 1 -1 0 0 0 1 0 0 0 0
0 0 -1 -1 0 0 0 1 0 0 0 0
0 0 1 1 0 0 0 -1 0 0 0 0
0 1 0 0 0 1 1 0 0 0 0 0
0 -1 0 0 0 -1 -1 0 0 0 0 0
0 -1 0 0 0 1 -1 0 0 0 0 0
0 1 0 0 0 -1 1 0 0 0 0 0
0 -1 0 0 0 -1 1 0 0 0 0 0
0 1 0 0 0 1 -1 0 0 0 0 0
0 1 0 0 0 -1 -1 0 0 0 0 0
0 -1 0 0 0 1 1 0 0 0 0 0
1 0 0 0 1 0 0 0 1 0 12 12
-1 0 0 0 -1 0 0 0 -1 0 12 12
-1 0 0 0 -1 0 0 0 1 0 12 12
1 0 0 0 1 0 0 0 -1 0 12 12
1 0 0 0 -1 0 0 0 -1 0 12 12
-1 0 0 0 1 0 0 0 1 0 12 12
-1 0 0 0 1 0 0 0 -1 0 12 12
1 0 0 0 -1 0 0 0 1 0 12 12
0 0 1 1 0 0 0 1 0 0 12 12
0 0 -1 -1 0 0 0 -1 0 0 12 12
0 0 1 -1 0 0 0 -1 0 0 12 12
0 0 -1 1 0 0 0 1 0 0 12 12
0 0 -1 1 0 0 0 -1 0 0 12 12
0 0 1 -1 0 0 0 1 0 0 12 12
0 0 -1 -1 0 0 0 1 0 0 12 12
0 0 1 1 0 0 0 -1 0 0 12 12
0 1 0 0 0 1 1 0 0 0 12 12
0 -1 0 0 0 -1 -1 0 0 0 12 12
0 -1 0 0 0 1 -1 0 0 0 12 12
0 1 0 0 0 -1 1 0 0 0 12 12
0 -1 0 0 0 -1 1 0 0 0 12 12
0 1 0 0 0 1 -1 0 0 0 12 12
0 1 0 0 0 -1 -1 0 0 0 12 12
0 -1 0 0 0 1 1 0 0 0 12 12
1 0 0 0 1 0 0 0 1 12 0 12
-1 0 0 0 -1 0 0 0 -1 12 0 12
-1 0 0 0 -1 0 0 0 1 12 0 12
1 0 0 0 1 0 0 0 -1 12 0 12
1 0 0 0 -1 0 0 0 -1 12 0 12
-1 0 0 0 1 0 0 0 1 12 0 12
-1 0 0 0 1 0 0 0 -1 12 0 12
1 0 0 0 -1 0 0 0 1 12 0 12
0 0 1 1 0 0 0 1 0 12 0 12
0 0 -1 -1 0 0 0 -1 0 12 0 12
0 0 1 -1 0 0 0 -1 0 12 0 12
0 0 -1 1 0 0 0 1 0 12 0 12
0 0 -1 1 0 0 0 -1 0 12 0 12
0 0 1 -1 0 0 0 1 0 12 0 12
0 0 -1 -1 0 0 0 1 0 12 0 12
0 0 1 1 0 0 0 -1 0 12 0 12
0 1 0 0 0 1 1 0 0 12 0 12
0 -1 0 0 0 -1 -1 0 0 12 0 12
0 -1 0 0 0 1 -1 0 0 12 0 12
0 1 0 0 0 -1 1 0 0 12 0 12
0 -1 0 0 0 -1 1 0 0 12 0 12
0 1 0 0 0 1 -1 0 0 12 0 12
0 1 0 0 0 -1 -1 0 0 12 0 12
0 -1 0 0 0 1 1 0 0 12 0 12
1 0 0 0 1 0 0 0 1 12 12 0
-1 0 0 0 -1 0 0 0 -1 12 12 0
-1 0 0 0 -1 0 0 0 1 12 12 0
1 0 0 0 1 0 0 0 -1 12 12 0
1 0 0 0 -1 0 0 0 -1 12 12 0
-1 0 0 0 1 0 0 0 1 12 12 0
-1 0 0 0 1 0 0 0 -1 12 12 0
1 0 0 0 -1 0 0 0 1 12 12 0
0 0 1 1 0 0 0 1 0 12 12 0
0 0 -1 -1 0 0 0 -1 0 12 12 0
0 0 1 -1 0 0 0 -1 0 12 12 0
0 0 -1 1 0 0 0 1 0 12 12 0
0 0 -1 1 0 0 0 -1 0 12 12 0
0 0 1 -1 0 0 0 1 0 12 12 0
0 0 -1 -1 0 0 0 1 0 12 12 0
0 0 1 1 0 0 0 -1 0 12 12 0
0 1 0 0 0 1 1 0 0 12 12 0
0 -1 0 0 0 -1 -1 0 0 12 12 0
0 -1 0 0 0 1 -1 0 0 12 12 0
0 1 0 0 0 -1 1 0 0 12 12 0
0 -1 0 0 0 -1 1 0 0 12 12 0
0 1 0 0 0 1 -1 0 0 12 12 0
0 1 0 0 0 -1 -1 0 0 12 12 0
0 -1 0 0 0 1 1 0 0 12 12 0
498	203	1	F 2 2 3 -1d	F d -3	Fd-3	F 2/d -3	96
1 0 0 0 1 0 0 0 1 0 0 0
-1 0 0 0 -1 0 0 0 1 0 0 0
1 0 0 0 -1 0 0 0 -1 0 0 0
-1 0 0 0 1 0 0 0 -1 0 0 0
0 0 1 1 0 0 0 1 0 0 0 0
0 0 1 -1 0 0 0 -1 0 0 0 0
0 0 -1 1 0 0 0 -1 0 0 0 0
0 0 -1 -1 0 0 0 1 0 0 0 0
0 1 0 0 0 1 1 0 0 0 0 0
0 -1 0 0 0 1 -1 0 0 0 0 0
0 -1 0 0 0 -1 1 0 0 0 0 0
0 1 0 0 0 -1 -1 0 0 0 0 0
-1 0 0 0 -1 0 0 0 -1 6 6 6
1 0 0 0 1 0 0 0 -1 6 6 6
-1 0 0 0 1 0 0 0 1 6 6 6
1 0 0 0 -1 0 0 0 1 6 6 6
0 0 -1 -1 0 0 0 -1 0 6 6 6
0 0 -1 1 0 0 0 1 0 6 6 6
0 0 1 -1 0 0 0 1 0 6 6 6
0 0 1 1 0 0 0 -1 0 6 6 6
0 -1 0 0 0 -1 -1 0 0 6 6 6
0 1 0 0 0 -1 1 0 0 6 6 6
0 1 0 0 0 1 -1 0 0 6 6 6
0 -1 0 0 0 1 1 0 0 6 6 6
1 0 0 0 1 0 0 0 1 0 12 12
-1 0 0 0 -1 0 0 0 1 0 12 12
1 0 0 0 -1 0 0 0 -1 0 12 12
-1 0 0 0 1 0 0 0 -1 0 12 12
0 0 1 1 0 0 0 1 0 0 12 12
0 0 1 -1 0 0 0 -1 0 0 12 12
0 0 -1 1 0 0 0 -1 0 0 12 12
0 0 -1 -1 0 0 0 1 0 0 12 12
0 1 0 0 0 1 1 0 0 0 12 12
0 -1 0 0 0 1 -1 0 0 0 12 12
0 -1 0 0 0 -1 1 0 0 0 12 12
0 1 0 0 0 -1 -1 0 0 0 12 12
-1 0 0 0 -1 0 0 0 -1 6 18 18
1 0 0 0 1 0 0 0 -1 6 18 18
-1 0 0 0 1 0 0 0 1 6 18 18
1 0 0 0 -1 0 0 0 1 6 18 18
0 0 -1 -1 0 0 0 -1 0 6 18 18
0 0 -1 1 0 0 0 1 0 6 18 18
0 0 1 -1 0 0 0 1 0 6 18 18
0 0 1 1 0 0 0 -1 0 6 18 18
0 -1 0 0 0 -1 -1 0 0 6 18 18
0 1 0 0 0 -1 1 0 0 6 18 18
0 1 0 0 0 1 -1 0 0 6 18 18
0 -1 0 0 0 1 1 0 0 6 18 18
1 0 0 0 1 0 0 0 1 12 0 12
-1 0 0 0 -1 0 0 0 1 12 0 12
1 0 0 0 -1 0 0 0 -1 12 0 12
-1 0 0 0 1 0 0 0 -1 12 0 12
0 0 1 1 0 0 0 1 0 12 0 12
0 0 1 -1 0 0 0 -1 0 12 0 12
0 0 -1 1 0 0 0 -1 0 12 0 12
0 0 -1 -1 0 0 0 1 0 12 0 12
0 1 0 0 0 1 1 0 0 12 0 12
0 -1 0 0 0 1 -1 0 0 12 0 12
0 -1 0 0 0 -1 1 0 0 12 0 12
0 1 0 0 0 -1 -1 0 0 12 0 12
-1 0 0 0 -1 0 0 0 -1 18 6 18
1 0 0 0 1 0 0 0 -1 18 6 18
-1 0 0 0 1 0 0 0 1 18 6 18
1 0 0 0 -1 0 0 0 1 18 6 18
0 0 -1 -1 0 0 0 -1 0 18 6 18
0 0 -1 1 0 0 0 1 0 18 6 18
0 0 1 -1 0 0 0 1 0 18 6 18
0 0 1 1 0 0 0 -1 0 18 6 18
0 -1 0 0 0 -1 -1 0 0 18 6 18
0 1 0 0 0 -1 1 0 0 18 6 18
0 1 0 0 0 1 -1 0 0 18 6 18
0 -1 0 0 0 1 1 0 0 18 6 18
1 0 0 0 1 0 0 0 1 12 12 0
-1 0 0 0 -1 0 0 0 1 12 12 0
1 0 0 0 -1 0 0 0 -1 12 12 0
-1 0 0 0 1 0 0 0 -1 12 12 0
0 0 1 1 0 0 0 1 0 12 12 0
0 0 1 -1 0 0 0 -1 0 12 12 0
0 0 -1 1 0 0 0 -1 0 12 12 0
0 0 -1 -1 0 0 0 1 0 12 12 0
0 1 0 0 0 1 1 0 0 12 12 0
0 -1 0 0 0 1 -1 0 0 12 12 0
0 -1 0 0 0 -1 1 0 0 12 12 0
0 1 0 0 0 -1 -1 0 0 12 12 0
-1 0 0 0 -1 0 0 0 -1 18 18 6
1 0 0 0 1 0 0 0 -1 18 18 6
-1 0 0 0 1 0 0 0 1 18 18 6
1 0 0 0 -1 0 0 0 1 18 18 6
0 0 -1 -1 0 0 0 -1 0 18 18 6
0 0 -1 1 0 0 0 1 0 18 18 6
0 0 1 -1 0 0 0 1 0 18 18 6
0 0 1 1 0 0 0 -1 0 18 18 6
0 -1 0 0 0 -1 -1 0 0 18 18 6
0 1 0 0 0 -1 1 0 0 18 18 6
0 1 0 0 0 1 -1 0 0 18 18 6
0 -1 0 0 0 1 1 0 0 18 18 6
499	203	2	-F 2uv 2vw 3	F d -3	Fd-3	F 2/d -3	96
1 0 0 0 1 0 0 0 1 0 0 0
-1 0 0 0 -1 0 0 0 -1 0 0 0
-1 0 0 0 -1 0 0 0 1 6 6 0
1 0 0 0 1 0 0 0 -1 6 6 0
1 0 0 0 -1 0 0 0 -1 0 6 6
-1 0 0 0 1 0 0 0 1 0 6 6
-1 0 0 0 1 0 0 0 -1 6 0 6
1 0 0 0 -1 0 0 0 1 6 0 6
0 0 1 1 0 0 0 1 0 0 0 0
0 0 -1 -1 0 0 0 -1 0 0 0 0
0 0 1 -1 0 0 0 -1 0 0 6 6
0 0 -1 1 0 0 0 1 0 0 6 6
0 0 -1 1 0 0 0 -1 0 6 0 6
0 0 1 -1 0 0 0 1 0 6 0 6
0 0 -1 -1 0 0 0 1 0 6 6 0
0 0 1 1 0 0 0 -1 0 6 6 0
0 1 0 0 0 1 1 0 0 0 0 0
0 -1 0 0 0 -1 -1 0 0 0 0 0
0 -1 0 0 0 1 -1 0 0 6 0 6
0 1 0 0 0 -1 1 0 0 6 0 6
0 -1 0 0 0 -1 1 0 0 6 6 0
0 1 0 0 0 1 -1 0 0 6 6 0
0 1 0 0 0 -1 -1 0 0 0 6 6
0 -1 0 0 0 1 1 0 0 0 6 6
1 0 0 0 1 0 0 0 1 0 12 12
-1 0 0 0 -1 0 0 0 -1 0 12 12
-1 0 0 0 -1 0 0 0 1 6 18 12
1 0 0 0 1 0 0 0 -1 6 18 12
1 0 0 0 -1 0 0 0 -1 0 18 18
-1 0 0 0 1 0 0 0 1 0 18 18
-1 0 0 0 1 0 0 0 -1 6 12 18
1 0 0 0 -1 0 0 0 1 6 12 18
0 0 1 1 0 0 0 1 0 0 12 12
0 0 -1 -1 0 0 0 -1 0 0 12 12
0 0 1 -1 0 0 0 -1 0 0 18 18
0 0 -1 1 0 0 0 1 0 0 18 18
0 0 -1 1 0 0 0 -1 0 6 12 18
0 0 1 -1 0 0 0 1 0 6 12 18
0 0 -1 -1 0 0 0 1 0 6 18 12
0 0 1 1 0 0 0 -1 0 6 18 12
0 1 0 0 0 1 1 0 0 0 12 12
0 -1 0 0 0 -1 -1 0 0 0 12 12
0 -1 0 0 0 1 -1 0 0 6 12 18
0 1 0 0 0 -1 1 0 0 6 12 18
0 -1 0 0 0 -1 1 0 0 6 18 12
0 1 0 0 0 1 -1 0 0 6 18 12
0 1 0 0 0 -1 -1 0 0 0 18 18
0 -1 0 0 0 1 1 0 0 0 18 18
1 0 0 0 1 0 0 0 1 12 0 12
-1 0 0 0 -1 0 0 0 -1 12 0 12
-1 0 0 0 -1 0 0 0 1 18 6 12
1 0 0 0 1 0 0 0 -1 18 6 12
1 0 0 0 -1 0 0 0 -1 12 6 18
-1 0 0 0 1 0 0 0 1 12 6 18
-1 0 0 0 1 0 0 0 -1 18 0 18
1 0 0 0 -1 0 0 0 1 18 0 18
0 0 1 1 0 0 0 1 0 12 0 12
0 0 -1 -1 0 0 0 -1 0 12 0 12
0 0 1 -1 0 0 0 -1 0 12 6 18
0 0 -1 1 0 0 0 1 0 12 6 18
0 0 -1 1 0 0 0 -1 0 18 0 18
0 0 1 -1 0 0 0 1 0 18 0 18
0 0 -1 -1 0 0 0 1 0 18 6 12
0 0 1 1 0 0 0 -1 0 18 6 12
0 1 0 0 0 1 1 0 0 12 0 12
0 -1 0 0 0 -1 -1 0 0 12 0 12
0 -1 0 0 0 1 -1 0 0 18 0 18
0 1 0 0 0 -1 1 0 0 18 0 18
0 -1 0 0 0 -1 1 0 0 18 6 12
0 1 0 0 0 1 -1 0 0 18 6 12
0 1 0 0 0 -1 -1 0 0 12 6 18
0 -1 0 0 0 1 1 0 0 12 6 18
1 0 0 0 1 0 0 0 1 12 12 0
-1 0 0 0 -1 0 0 0 -1 12 12 0
-1 0 0 0 -1 0 0 0 1 18 18 0
1 0 0 0 1 0 0 0 -1 18 18 0
1 0 0 0 -1 0 0 0 -1 12 18 6
-1 0 0 0 1 0 0 0 1 12 18 6
-1 0 0 0 1 0 0 0 -1 18 12 6
1 0 0 0 -1 0 0 0 1 18 12 6
0 0 1 1 0 0 0 1 0 12 12 0
0 0 -1 -1 0 0 0 -1 0 12 12 0
0 0 1 -1 0 0 0 -1 0 12 18 6
0 0 -1 1 0 0 0 1 0 12 18 6
0 0 -1 1 0 0 0 -1 0 18 12 6
0 0 1 -1 0 0 0 1 0 18 12 6
0 0 -1 -1 0 0 0 1 0 18 18 0
0 0 1 1 0 0 0 -1 0 18 18 0
0 1 0 0 0 1 1 0 0 12 12 0
0 -1 0 0 0 -1 -1 0 0 12 12 0
0 -1 0 0 0 1 -1 0 0 18 12 6
0 1 0 0 0 -1 1 0 0 18 12 6
0 -1 0 0 0 -1 1 0 0 18 18 0
0 1 0 0 0 1 -1 0 0 18 18 0
0 1 0 0 0 -1 -1 0 0 12 18 6
0 -1 0 0 0 1 1 0 0 12 18 6
500	204	-	-I 2 2 3	I m -3	Im-3	I 2/m -3	48
1 0 0 0 1 0 0 0 1 0 0 0
-1 0 0 0 -1 0 0 0 -1 0 0 0
-1 0 0 0 -1 0 0 0 1 0 0 0
1 0 0 0 1 0 0 0 -1 0 0 0
1 0 0 0 -1 0 0 0 -1 0 0 0
-1 0 0 0 1 0 0 0 1 0 0 0
-1 0 0 0 1 0 0 0 -1 0 0 0
1 0 0 0 -1 0 0 0 1 0 0 0
0 0 1 1 0 0 0 1 0 0 0 0
0 0 -1 -1 0 0 0 -1 0 0 0 0
0 0 1 -1 0 0 0 -1 0 0 0 0
0 0 -1 1 0 0 0 1 0 0 0 0
0 0 -1 1 0 0 0 -1 0 0 0 0
0 0 1 -1 0 0 0 1 0 0 0 0
0 0 -1 -1 0 0 0 1 0 0 0 0
0 0 1 1 0 0 0 -1 0 0 0 0
0 1 0 0 0 1 1 0 0 0 0 0
0 -1 0 0 0 -1 -1 0 0 0 0 0
0 -1 0 0 0 1 -1 0 0 0 0 0
0 1 0 0 0 -1 1 0 0 0 0 0
0 -1 0 0 0 -1 1 0 0 0 0 0
0 1 0 0 0 1 -1 0 0 0 0 0
0 1 0 0 0 -1 -1 0 0 0 0 0
0 -1 0 0 0 1 1 0 0 0 0 0
1 0 0 0 1 0 0 0 1 12 12 12
-1 0 0 0 -1 0 0 0 -1 12 12 12
-1 0 0 0 -1 0 0 0 1 12 12 12
1 0 0 0 1 0 0 0 -1 12 12 12
1 0 0 0 -1 0 0 0 -1 12 12 12
-1 0 0 0 1 0 0 0 1 12 12 12
-1 0 0 0 1 0 0 0 -1 12 12 12
1 0 0 0 -1 0 0 0 1 12 12 12
0 0 1 1 0 0 0 1 0 12 12 12
0 0 -1 -1 0 0 0 -1 0 12 12 12
0 0 1 -1 0 0 0 -1 0 12 12 12
0 0 -1 1 0 0 0 1 0 12 12 12
0 0 -1 1 0 0 0 -1 0 12 12 12
0 0 1 -1 0 0 0 1 0 12 12 12
0 0 -1 -1 0 0 0 1 0 12 12 12
0 0 1 1 0 0 0 -1 0 12 12 12
0 1 0 0 0 1 1 0 0 12 12 12
0 -1 0 0 0 -1 -1 0 0 12 12 12
0 -1 0 0 0 1 -1 0 0 12 12 12
0 1 0 0 0 -1 1 0 0 12 12 12
0 -1 0 0 0 -1 1 0 0 12 12 12
0 1 0 0 0 1 -1 0 0 12 12 12
0 1 0 0 0 -1 -1 0 0 12 12 12
0 -1 0 0 0 1 1 0 0 12 12 12
501	205	-	-P 2ac 2ab 3	P a -3	Pa-3	P 2_1/a -3	24
1 0 0 0 1 0 0 0 1 0 0 0
-1 0 0 0 -1 0 0 0 -1 0 0 0
-1 0 0 0 -1 0 0 0 1 12 0 12
1 0 0 0 1 0 0 0 -1 12 0 12
1 0 0 0 -1 0 0 0 -1 12 12 0
-1 0 0 0 1 0 0 0 1 12 12 0
-1 0 0 0 1 0 0 0 -1 0 12 12
1 0 0 0 -1 0 0 0 1 0 12 12
0 0 1 1 0 0 0 1 0 0 0 0
0 0 -1 -1 0 0 0 -1 0 0 0 0
0 0 1 -1 0 0 0 -1 0 12 12 0
0 0 -1 1 0 0 0 1 0 12 12 0
0 0 -1 1 0 0 0 -1 0 0 12 12
0 0 1 -1 0 0 0 1 0 0 12 12
0 0 -1 -1 0 0 0 1 0 12 0 12
0 0 1 1 0 0 0 -1 0 12 0 12
0 1 0 0 0 1 1 0 0 0 0 0
0 -1 0 0 0 -1 -1 0 0 0 0 0
0 -1 0 0 0 1 -1 0 0 0 12 12
0 1 0 0 0 -1 1 0 0 0 12 12
0 -1 0 0 0 -1 1 0 0 12 0 12
0 1 0 0 0 1 -1 0 0 12 0 12
0 1 0 0 0 -1 -1 0 0 12 12 0
0 -1 0 0 0 1 1 0 0 12 12 0
502	206	-	-I 2b 2c 3	I a -3	Ia-3	I 2_1/a -3	48
1 0 0 0 1 0 0 0 1 0 0 0
-1 0 0 0 -1 0 0 0 -1 0 0 0
-1 0 0 0 -1 0 0 0 1 0 12 0
1 0 0 0 1 0 0 0 -1 0 12 0
1 0 0 0 -1 0 0 0 -1 0 0 12
-1 0 0 0 1 0 0 0 1 0 0 12
-1 0 0 0 1 0 0 0 -1 0 12 12
1 0 0 0 -1 0 0 0 1 0 12 12
0 0 1 1 0 0 0 1 0 0 0 0
0 0 -1 -1 0 0 0 -1 0 0 0 0
0 0 1 -1 0 0 0 -1 0 0 0 12
0 0 -1 1 0 0 0 1 0 0 0 12
0 0 -1 1 0 0 0 -1 0 12 0 0
0 0 1 -1 0 0 0 1 0 12 0 0
0 0 -1 -1 0 0 0 1 0 12 0 12
0 0 1 1 0 0 0 -1 0 12 0 12
0 1 0 0 0 1 1 0 0 0 0 0
0 -1 0 0 0 -1 -1 0 0 0 0 0
0 -1 0 0 0 1 -1 0 0 12 0 0
0 1 0 0 0 -1 1 0 0 12 0 0
0 -1 0 0 0 -1 1 0 0 0 12 0
0 1 0 0 0 1 -1 0 0 0 12 0
0 1 0 0 0 -1 -1 0 0 12 12 0
0 -1 0 0 0 1 1 0 0 12 12 0
1 0 0 0 1 0 0 0 1 12 12 12
-1 0 0 0 -1 0 0 0 -1 12 12 12
-1 0 0 0 -1 0 0 0 1 12 0 12
1 0 0 0 1 0 0 0 -1 12 0 12
1 0 0 0 -1 0 0 0 -1 12 12 0
-1 0 0 0 1 0 0 0 1 12 12 0
-1 0 0 0 1 0 0 0 -1 12 0 0
1 0 0 0 -1 0 0 0 1 12 0 0
0 0 1 1 0 0 0 1 0 12 12 12
0 0 -1 -1 0 0 0 -1 0 12 12 12
0 0 1 -1 0 0 0 -1 0 12 12 0
0 0 -1 1 0 0 0 1 0 12 12 0
0 0 -1 1 0 0 0 -1 0 0 12 12
0 0 1 -1 0 0 0 1 0 0 12 12
0 0 -1 -1 0 0 0 1 0 0 12 0
0 0 1 1 0 0 0 -1 0 0 12 0
0 1 0 0 0 1 1 0 0 12 12 12
0 -1 0 0 0 -1 -1 0 0 12 12 12
0 -1 0 0 0 1 -1 0 0 0 12 12
0 1 0 0 0 -1 1 0 0 0 12 12
0 -1 0 0 0 -1 1 0 0 12 0 12
0 1 0 0 0 1 -1 0 0 12 0 12
0 1 0 0 0 -1 -1 0 0 0 0 12
0 -1 0 0 0 1 1 0 0 0 0 12
503	207	-	P 4 2 3	P 4 3 2	P432	P 4 3 2	24
1 0 0 0 1 0 0 0 1 0 0 0
0 -1 0 1 0 0 0 0 1 0 0 0
-1 0 0 0 -1 0 0 0 1 0 0 0
0 1 0 -1 0 0 0 0 1 0 0 0
1 0 0 0 -1 0 0 0 -1 0 0 0
0 -1 0 -1 0 0 0 0 -1 0 0 0
-1 0 0 0 1 0 0 0 -1 0 0 0
0 1 0 1 0 0 0 0 -1 0 0 0
0 0 1 1 0 0 0 1 0 0 0 0
0 0 1 0 -1 0 1 0 0 0 0 0
0 0 1 -1 0 0 0 -1 0 0 0 0
0 0 1 0 1 0 -1 0 0 0 0 0
0 0 -1 1 0 0 0 -1 0 0 0 0
0 0 -1 0 -1 0 -1 0 0 0 0 0
0 0 -1 -1 0 0 0 1 0 0 0 0
0 0 -1 0 1 0 1 0 0 0 0 0
0 1 0 0 0 1 1 0 0 0 0 0
1 0 0 0 0 1 0 -1 0 0 0 0
0 -1 0 0 0 1 -1 0 0 0 0 0
-1 0 0 0 0 1 0 1 0 0 0 0
0 -1 0 0 0 -1 1 0 0 0 0 0
-1 0 0 0 0 -1 0 -1 0 0 0 0
0 1 0 0 0 -1 -1 0 0 0 0 0
1 0 0 0 0 -1 0 1 0 0 0 0
504	208	-	P 4n 2 3	P 4_2 3 2	P4_232	P 4_2 3 2	24
1 0 0 0 1 0 0 0 1 0 0 0
0 -1 0 1 0 0 0 0 1 12 12 12
-1 0 0 0 -1 0 0 0 1 0 0 0
0 1 0 -1 0 0 0 0 1 12 12 12
1 0 0 0 -1 0 0 0 -1 0 0 0
0 -1 0 -1 0 0 0 0 -1 12 12 12
-1 0 0 0 1 0 0 0 -1 0 0 0
0 1 0 1 0 0 0 0 -1 12 12 12
0 0 1 1 0 0 0 1 0 0 0 0
0 0 1 0 -1 0 1 0 0 12 12 12
0 0 1 -1 0 0 0 -1 0 0 0 0
0 0 1 0 1 0 -1 0 0 12 12 12
0 0 -1 1 0 0 0 -1 0 0 0 0
0 0 -1 0 -1 0 -1 0 0 12 12 12
0 0 -1 -1 0 0 0 1 0 0 0 0
0 0 -1 0 1 0 1 0 0 12 12 12
0 1 0 0 0 1 1 0 0 0 0 0
1 0 0 0 0 1 0 -1 0 12 12 12
0 -1 0 0 0 1 -1 0 0 0 0 0
-1 0 0 0 0 1 0 1 0 12 12 12
0 -1 0 0 0 -1 1 0 0 0 0 0
-1 0 0 0 0 -1 0 -1 0 12 12 12
0 1 0 0 0 -1 -1 0 0 0 0 0
1 0 0 0 0 -1 0 1 0 12 12 12
505	209	-	F 4 2 3	F 4 3 2	F432	F 4 3 2	96
1 0 0 0 1 0 0 0 1 0 0 0
0 -1 0 1 0 0 0 0 1 0 0 0
-1 0 0 0 -1 0 0 0 1 0 0 0
0 1 0 -1 0 0 0 0 1 0 0 0
1 0 0 0 -1 0 0 0 -1 0 0 0
0 -1 0 -1 0 0 0 0 -1 0 0 0
-1 0 0 0 1 0 0 0 -1 0 0 0
0 1 0 1 0 0 0 0 -1 0 0 0
0 0 1 1 0 0 0 1 0 0 0 0
0 0 1 0 -1 0 1 0 0 0 0 0
0 0 1 -1 0 0 0 -1 0 0 0 0
0 0 1 0 1 0 -1 0 0 0 0 0
0 0 -1 1 0 0 0 -1 0 0 0 0
0 0 -1 0 -1 0 -1 0 0 0 0 0
0 0 -1 -1 0 0 0 1 0 0 0 0
0 0 -1 0 1 0 1 0 0 0 0 0
0 1 0 0 0 1 1 0 0 0 0 0
1 0 0 0 0 1 0 -1 0 0 0 0
0 -1 0 0 0 1 -1 0 0 0 0 0
-1 0 0 0 0 1 0 1 0 0 0 0
0 -1 0 0 0 -1 1 0 0 0 0 0
-1 0 0 0 0 -1 0 -1 0 0 0 0
0 1 0 0 0 -1 -1 0 0 0 0 0
1 0 0 0 0 -1 0 1 0 0 0 0
1 0 0 0 1 0 0 0 1 0 12 12
0 -1 0 1 0 0 0 0 1 0 12 12
-1 0 0 0 -1 0 0 0 1 0 12 12
0 1 0 -1 0 0 0 0 1 0 12 12
1 0 0 0 -1 0 0 0 -1 0 12 12
0 -1 0 -1 0 0 0 0 -1 0 12 12
-1 0 0 0 1 0 0 0 -1 0 12 12
0 1 0 1 0 0 0 0 -1 0 12 12
0 0 1 1 0 0 0 1 0 0 12 12
0 0 1 0 -1 0 1 0 0 0 12 12
0 0 1 -1 0 0 0 -1 0 0 12 12
0 0 1 0 1 0 -1 0 0 0 12 12
0 0 -1 1 0 0 0 -1 0 0 12 12
0 0 -1 0 -1 0 -1 0 0 0 12 12
0 0 -1 -1 0 0 0 1 0 0 12 12
0 0 -1 0 1 0 1 0 0 0 12 12
0 1 0 0 0 1 1 0 0 0 12 12
1 0 0 0 0 1 0 -1 0 0 12 12
0 -1 0 0 0 1 -1 0 0 0 12 12
-1 0 0 0 0 1 0 1 0 0 12 12
0 -1 0 0 0 -1 1 0 0 0 12 12
-1 0 0 0 0 -1 0 -1 0 0 12 12
0 1 0 0 0 -1 -1 0 0 0 12 12
1 0 0 0 0 -1 0 1 0 0 12 12
1 0 0 0 1 0 0 0 1 12 0 12
0 -1 0 1 0 0 0 0 1 12 0 12
-1 0 0 0 -1 0 0 0 1 12 0 12
0 1 0 -1 0 0 0 0 1 12 0 12
1 0 0 0 -1 0 0 0 -1 12 0 12
0 -1 0 -1 0 0 0 0 -1 12 0 12
-1 0 0 0 1 0 0 0 -1 12 0 12
0 1 0 1 0 0 0 0 -1 12 0 12
0 0 1 1 0 0 0 1 0 12 0 12
0 0 1 0 -1 0 1 0 0 12 0 12
0 0 1 -1 0 0 0 -1 0 12 0 12
0 0 1 0 1 0 -1 0 0 12 0 12
0 0 -1 1 0 0 0 -1 0 12 0 12
0 0 -1 0 -1 0 -1 0 0 12 0 12
0 0 -1 -1 0 0 0 1 0 12 0 12
0 0 -1 0 1 0 1 0 0 12 0 12
0 1 0 0 0 1 1 0 0 12 0 12
1 0 0 0 0 1 0 -1 0 12 0 12
0 -1 0 0 0 1 -1 0 0 12 0 12
-1 0 0 0 0 1 0 1 0 12 0 12
0 -1 0 0 0 -1 1 0 0 12 0 12
-1 0 0 0 0 -1 0 -1 0 12 0 12
0 1 0 0 0 -1 -1 0 0 12 0 12
1 0 0 0 0 -1 0 1 0 12 0 12
1 0 0 0 1 0 0 0 1 12 12 0
0 -1 0 1 0 0 0 0 1 12 12 0
-1 0 0 0 -1 0 0 0 1 12 12 0
0 1 0 -1 0 0 0 0 1 12 12 0
1 0 0 0 -1 0 0 0 -1 12 12 0
0 -1 0 -1 0 0 0 0 -1 12 12 0
-1 0 0 0 1 0 0 0 -1 12 12 0
0 1 0 1 0 0 0 0 -1 12 12 0
0 0 1 1 0 0 0 1 0 12 12 0
0 0 1 0 -1 0 1 0 0 12 12 0
0 0 1 -1 0 0 0 -1 0 12 12 0
0 0 1 0 1 0 -1 0 0 12 12 0
0 0 -1 1 0 0 0 -1 0 12 12 0
0 0 -1 0 -1 0 -1 0 0 12 12 0
0 0 -1 -1 0 0 0 1 0 12 12 0
0 0 -1 0 1 0 1 0 0 12 12 0
0 1 0 0 0 1 1 0 0 12 12 0
1 0 0 0 0 1 0 -1 0 12 12 0
0 -1 0 0 0 1 -1 0 0 12 12 0
-1 0 0 0 0 1 0 1 0 12 12 0
0 -1 0 0 0 -1 1 0 0 12 12 0
-1 0 0 0 0 -1 0 -1 0 12 12 0
0 1 0 0 0 -1 -1 0 0 12 12 0
1 0 0 0 0 -1 0 1 0 12 12 0
506	210	-	F 4d 2 3	F 4_1 3 2	F4_132	F 4_1 3 2	96
1 0 0 0 1 0 0 0 1 0 0 0
0 -1 0 1 0 0 0 0 1 6 6 6
-1 0 0 0 -1 0 0 0 1 0 12 12
0 1 0 -1 0 0 0 0 1 18 6 18
1 0 0 0 -1 0 0 0 -1 0 0 0
0 -1 0 -1 0 0 0 0 -1 6 18 18
-1 0 0 0 1 0 0 0 -1 0 12 12
0 1 0 1 0 0 0 0 -1 18 18 6
0 0 1 1 0 0 0 1 0 0 0 0
0 0 1 0 -1 0 1 0 0 6 6 6
0 0 1 -1 0 0 0 -1 0 12 0 12
0 0 1 0 1 0 -1 0 0 18 18 6
0 0 -1 1 0 0 0 -1 0 0 0 0
0 0 -1 0 -1 0 -1 0 0 18 6 18
0 0 -1 -1 0 0 0 1 0 12 0 12
0 0 -1 0 1 0 1 0 0 6 18 18
0 1 0 0 0 1 1 0 0 0 0 0
1 0 0 0 0 1 0 -1 0 6 6 6
0 -1 0 0 0 1 -1 0 0 12 12 0
-1 0 0 0 0 1 0 1 0 6 18 18
0 -1 0 0 0 -1 1 0 0 0 0 0
-1 0 0 0 0 -1 0 -1 0 18 18 6
0 1 0 0 0 -1 -1 0 0 12 12 0
1 0 0 0 0 -1 0 1 0 18 6 18
1 0 0 0 1 0 0 0 1 0 12 12
0 -1 0 1 0 0 0 0 1 6 18 18
-1 0 0 0 -1 0 0 0 1 0 0 0
0 1 0 -1 0 0 0 0 1 18 18 6
1 0 0 0 -1 0 0 0 -1 0 12 12
0 -1 0 -1 0 0 0 0 -1 6 6 6
-1 0 0 0 1 0 0 0 -1 0 0 0
0 1 0 1 0 0 0 0 -1 18 6 18
0 0 1 1 0 0 0 1 0 0 12 12
0 0 1 0 -1 0 1 0 0 6 18 18
0 0 1 -1 0 0 0 -1 0 12 12 0
0 0 1 0 1 0 -1 0 0 18 6 18
0 0 -1 1 0 0 0 -1 0 0 12 12
0 0 -1 0 -1 0 -1 0 0 18 18 6
0 0 -1 -1 0 0 0 1 0 12 12 0
0 0 -1 0 1 0 1 0 0 6 6 6
0 1 0 0 0 1 1 0 0 0 12 12
1 0 0 0 0 1 0 -1 0 6 18 18
0 -1 0 0 0 1 -1 0 0 12 0 12
-1 0 0 0 0 1 0 1 0 6 6 6
0 -1 0 0 0 -1 1 0 0 0 12 12
-1 0 0 0 0 -1 0 -1 0 18 6 18
0 1 0 0 0 -1 -1 0 0 12 0 12
1 0 0 0 0 -1 0 1 0 18 18 6
1 0 0 0 1 0 0 0 1 12 0 12
0 -1 0 1 0 0 0 0 1 18 6 18
-1 0 0 0 -1 0 0 0 1 12 12 0
0 1 0 -1 0 0 0 0 1 6 6 6
1 0 0 0 -1 0 0 0 -1 12 0 12
0 -1 0 -1 0 0 0 0 -1 18 18 6
-1 0 0 0 1 0 0 0 -1 12 12 0
0 1 0 1 0 0 0 0 -1 6 18 18
0 0 1 1 0 0 0 1 0 12 0 12
0 0 1 0 -1 0 1 0 0 18 6 18
0 0 1 -1 0 0 0 -1 0 0 0 0
0 0 1 0 1 0 -1 0 0 6 18 18
0 0 -1 1 0 0 0 -1 0 12 0 12
0 0 -1 0 -1 0 -1 0 0 6 6 6
0 0 -1 -1 0 0 0 1 0 0 0 0
0 0 -1 0 1 0 1 0 0 18 18 6
0 1 0 0 0 1 1 0 0 12 0 12
1 0 0 0 0 1 0 -1 0 18 6 18
0 -1 0 0 0 1 -1 0 0 0 12 12
-1 0 0 0 0 1 0 1 0 18 18 6
0 -1 0 0 0 -1 1 0 0 12 0 12
-1 0 0 0 0 -1 0 -1 0 6 18 18
0 1 0 0 0 -1 -1 0 0 0 12 12
1 0 0 0 0 -1 0 1 0 6 6 6
1 0 0 0 1 0 0 0 1 12 12 0
0 -1 0 1 0 0 0 0 1 18 18 6
-1 0 0 0 -1 0 0 0 1 12 0 12
0 1 0 -1 0 0 0 0 1 6 18 18
1 0 0 0 -1 0 0 0 -1 12 12 0
0 -1 0 -1 0 0 0 0 -1 18 6 18
-1 0 0 0 1 0 0 0 -1 12 0 12
0 1 0 1 0 0 0 0 -1 6 6 6
0 0 1 1 0 0 0 1 0 12 12 0
0 0 1 0 -1 0 1 0 0 18 18 6
0 0 1 -1 0 0 0 -1 0 0 12 12
0 0 1 0 1 0 -1 0 0 6 6 6
0 0 -1 1 0 0 0 -1 0 12 12 0
0 0 -1 0 -1 0 -1 0 0 6 18 18
0 0 -1 -1 0 0 0 1 0 0 12 12
0 0 -1 0 1 0 1 0 0 18 6 18
0 1 0 0 0 1 1 0 0 12 12 0
1 0 0 0 0 1 0 -1 0 18 18 6
0 -1 0 0 0 1 -1 0 0 0 0 0
-1 0 0 0 0 1 0 1 0 18 6 18
0 -1 0 0 0 -1 1 0 0 12 12 0
-1 0 0 0 0 -1 0 -1 0 6 6 6
0 1 0 0 0 -1 -1 0 0 0 0 0
1 0 0 0 0 -1 0 1 0 6 18 18
507	211	-	I 4 2 3	I 4 3 2	I432	I 4 3 2	48
1 0 0 0 1 0 0 0 1 0 0 0
0 -1 0 1 0 0 0 0 1 0 0 0
-1 0 0 0 -1 0 0 0 1 0 0 0
0 1 0 -1 0 0 0 0 1 0 0 0
1 0 0 0 -1 0 0 0 -1 0 0 0
0 -1 0 -1 0 0 0 0 -1 0 0 0
-1 0 0 0 1 0 0 0 -1 0 0 0
0 1 0 1 0 0 0 0 -1 0 0 0
0 0 1 1 0 0 0 1 0 0 0 0
0 0 1 0 -1 0 1 0 0 0 0 0
0 0 1 -1 0 0 0 -1 0 0 0 0
0 0 1 0 1 0 -1 0 0 0 0 0
0 0 -1 1 0 0 0 -1 0 0 0 0
0 0 -1 0 -1 0 -1 0 0 0 0 0
0 0 -1 -1 0 0 0 1 0 0 0 0
0 0 -1 0 1 0 1 0 0 0 0 0
0 1 0 0 0 1 1 0 0 0 0 0
1 0 0 0 0 1 0 -1 0 0 0 0
0 -1 0 0 0 1 -1 0 0 0 0 0
-1 0 0 0 0 1 0 1 0 0 0 0
0 -1 0 0 0 -1 1 0 0 0 0 0
-1 0 0 0 0 -1 0 -1 0 0 0 0
0 1 0 0 0 -1 -1 0 0 0 0 0
1 0 0 0 0 -1 0 1 0 0 0 0
1 0 0 0 1 0 0 0 1 12 12 12
0 -1 0 1 0 0 0 0 1 12 12 12
-1 0 0 0 -1 0 0 0 1 12 12 12
0 1 0 -1 0 0 0 0 1 12 12 12
1 0 0 0 -1 0 0 0 -1 12 12 12
0 -1 0 -1 0 0 0 0 -1 12 12 12
-1 0 0 0 1 0 0 0 -1 12 12 12
0 1 0 1 0 0 0 0 -1 12 12 12
0 0 1 1 0 0 0 1 0 12 12 12
0 0 1 0 -1 0 1 0 0 12 12 12
0 0 1 -1 0 0 0 -1 0 12 12 12
0 0 1 0 1 0 -1 0 0 12 12 12
0 0 -1 1 0 0 0 -1 0 12 12 12
0 0 -1 0 -1 0 -1 0 0 12 12 12
0 0 -1 -1 0 0 0 1 0 12 12 12
0 0 -1 0 1 0 1 0 0 12 12 12
0 1 0 0 0 1 1 0 0 12 12 12
1 0 0 0 0 1 0 -1 0 12 12 12
0 -1 0 0 0 1 -1 0 0 12 12 12
-1 0 0 0 0 1 0 1 0 12 12 12
0 -1 0 0 0 -1 1 0 0 12 12 12
-1 0 0 0 0 -1 0 -1 0 12 12 12
0 1 0 0 0 -1 -1 0 0 12 12 12
1 0 0 0 0 -1 0 1 0 12 12 12
508	212	-	P 4acd 2ab 3	P 4_3 3 2	P4_332	P 4_3 3 2	24
1 0 0 0 1 0 0 0 1 0 0 0
0 -1 0 1 0 0 0 0 1 18 6 18
-1 0 0 0 -1 0 0 0 1 12 0 12
0 1 0 -1 0 0 0 0 1 18 18 6
1 0 0 0 -1 0 0 0 -1 12 12 0
0 -1 0 -1 0 0 0 0 -1 6 6 6
-1 0 0 0 1 0 0 0 -1 0 12 12
0 1 0 1 0 0 0 0 -1 6 18 18
0 0 1 1 0 0 0 1 0 0 0 0
0 0 1 0 -1 0 1 0 0 18 18 6
0 0 1 -1 0 0 0 -1 0 12 12 0
0 0 1 0 1 0 -1 0 0 6 18 18
0 0 -1 1 0 0 0 -1 0 0 12 12
0 0 -1 0 -1 0 -1 0 0 6 6 6
0 0 -1 -1 0 0 0 1 0 12 0 12
0 0 -1 0 1 0 1 0 0 18 6 18
0 1 0 0 0 1 1 0 0 0 0 0
1 0 0 0 0 1 0 -1 0 6 18 18
0 -1 0 0 0 1 -1 0 0 0 12 12
-1 0 0 0 0 1 0 1 0 18 6 18
0 -1 0 0 0 -1 1 0 0 12 0 12
-1 0 0 0 0 -1 0 -1 0 6 6 6
0 1 0 0 0 -1 -1 0 0 12 12 0
1 0 0 0 0 -1 0 1 0 18 18 6
509	213	-	P 4bd 2ab 3	P 4_1 3 2	P4_132	P 4_1 3 2	24
1 0 0 0 1 0 0 0 1 0 0 0
0 -1 0 1 0 0 0 0 1 6 18 6
-1 0 0 0 -1 0 0 0 1 12 0 12
0 1 0 -1 0 0 0 0 1 6 6 18
1 0 0 0 -1 0 0 0 -1 12 12 0
0 -1 0 -1 0 0 0 0 -1 18 18 18
-1 0 0 0 1 0 0 0 -1 0 12 12
0 1 0 1 0 0 0 0 -1 18 6 6
0 0 1 1 0 0 0 1 0 0 0 0
0 0 1 0 -1 0 1 0 0 6 6 18
0 0 1 -1 0 0 0 -1 0 12 12 0
0 0 1 0 1 0 -1 0 0 18 6 6
0 0 -1 1 0 0 0 -1 0 0 12 12
0 0 -1 0 -1 0 -1 0 0 18 18 18
0 0 -1 -1 0 0 0 1 0 12 0 12
0 0 -1 0 1 0 1 0 0 6 18 6
0 1 0 0 0 1 1 0 0 0 0 0
1 0 0 0 0 1 0 -1 0 18 6 6
0 -1 0 0 0 1 -1 0 0 0 12 12
-1 0 0 0 0 1 0 1 0 6 18 6
0 -1 0 0 0 -1 1 0 0 12 0 12
-1 0 0 0 0 -1 0 -1 0 18 18 18
0 1 0 0 0 -1 -1 0 0 12 12 0
1 0 0 0 0 -1 0 1 0 6 6 18
510	214	-	I 4bd 2c 3	I 4_1 3 2	I4_132	I 4_1 3 2	48
1 0 0 0 1 0 0 0 1 0 0 0
0 -1 0 1 0 0 0 0 1 6 18 6
-1 0 0 0 -1 0 0 0 1 12 0 12
0 1 0 -1 0 0 0 0 1 6 6 18
1 0 0 0 -1 0 0 0 -1 0 0 12
0 -1 0 -1 0 0 0 0 -1 6 6 6
-1 0 0 0 1 0 0 0 -1 12 0 0
0 1 0 1 0 0 0 0 -1 6 18 18
0 0 1 1 0 0 0 1 0 0 0 0
0 0 1 0 -1 0 1 0 0 6 6 18
0 0 1 -1 0 0 0 -1 0 12 12 0
0 0 1 0 1 0 -1 0 0 18 6 6
0 0 -1 1 0 0 0 -1 0 12 0 0
0 0 -1 0 -1 0 -1 0 0 6 6 6
0 0 -1 -1 0 0 0 1 0 0 12 0
0 0 -1 0 1 0 1 0 0 18 6 18
0 1 0 0 0 1 1 0 0 0 0 0
1 0 0 0 0 1 0 -1 0 18 6 6
0 -1 0 0 0 1 -1 0 0 0 12 12
-1 0 0 0 0 1 0 1 0 6 18 6
0 -1 0 0 0 -1 1 0 0 0 12 0
-1 0 0 0 0 -1 0 -1 0 6 6 6
0 1 0 0 0 -1 -1 0 0 0 0 12
1 0 0 0 0 -1 0 1 0 18 18 6
1 0 0 0 1 0 0 0 1 12 12 12
0 -1 0 1 0 0 0 0 1 18 6 18
-1 0 0 0 -1 0 0 0 1 0 12 0
0 1 0 -1 0 0 0 0 1 18 18 6
1 0 0 0 -1 0 0 0 -1 12 12 0
0 -1 0 -1 0 0 0 0 -1 18 18 18
-1 0 0 0 1 0 0 0 -1 0 12 12
0 1 0 1 0 0 0 0 -1 18 6 6
0 0 1 1 0 0 0 1 0 12 12 12
0 0 1 0 -1 0 1 0 0 18 18 6
0 0 1 -1 0 0 0 -1 0 0 0 12
0 0 1 0 1 0 -1 0 0 6 18 18
0 0 -1 1 0 0 0 -1 0 0 12 12
0 0 -1 0 -1 0 -1 0 0 18 18 18
0 0 -1 -1 0 0 0 1 0 12 0 12
0 0 -1 0 1 0 1 0 0 6 18 6
0 1 0 0 0 1 1 0 0 12 12 12
1 0 0 0 0 1 0 -1 0 6 18 18
0 -1 0 0 0 1 -1 0 0 12 0 0
-1 0 0 0 0 1 0 1 0 18 6 18
0 -1 0 0 0 -1 1 0 0 12 0 12
-1 0 0 0 0 -1 0 -1 0 18 18 18
0 1 0 0 0 -1 -1 0 0 12 12 0
1 0 0 0 0 -1 0 1 0 6 6 18
511	215	-	P -4 2 3	P -4 3 m	P-43m	P -4 3 m	24
1 0 0 0 1 0 0 0 1 0 0 0
0 1 0 -1 0 0 0 0 -1 0 0 0
-1 0 0 0 -1 0 0 0 1 0 0 0
0 -1 0 1 0 0 0 0 -1 0 0 0
1 0 0 0 -1 0 0 0 -1 0 0 0
0 1 0 1 0 0 0 0 1 0 0 0
-1 0 0 0 1 0 0 0 -1 0 0 0
0 -1 0 -1 0 0 0 0 1 0 0 0
0 0 1 1 0 0 0 1 0 0 0 0
0 0 -1 0 1 0 -1 0 0 0 0 0
0 0 1 -1 0 0 0 -1 0 0 0 0
0 0 -1 0 -1 0 1 0 0 0 0 0
0 0 -1 1 0 0 0 -1 0 0 0 0
0 0 1 0 1 0 1 0 0 0 0 0
0 0 -1 -1 0 0 0 1 0 0 0 0
0 0 1 0 -1 0 -1 0 0 0 0 0
0 1 0 0 0 1 1 0 0 0 0 0
-1 0 0 0 0 -1 0 1 0 0 0 0
0 -1 0 0 0 1 -1 0 0 0 0 0
1 0 0 0 0 -1 0 -1 0 0 0 0
0 -1 0 0 0 -1 1 0 0 0 0 0
1 0 0 0 0 1 0 1 0 0 0 0
0 1 0 0 0 -1 -1 0 0 0 0 0
-1 0 0 0 0 1 0 -1 0 0 0 0
512	216	-	F -4 2 3	F -4 3 m	F-43m	F -4 3 m	96
1 0 0 0 1 0 0 0 1 0 0 0
0 1 0 -1 0 0 0 0 -1 0 0 0
-1 0 0 0 -1 0 0 0 1 0 0 0
0 -1 0 1 0 0 0 0 -1 0 0 0
1 0 0 0 -1 0 0 0 -1 0 0 0
0 1 0 1 0 0 0 0 1 0 0 0
-1 0 0 0 1 0 0 0 -1 0 0 0
0 -1 0 -1 0 0 0 0 1 0 0 0
0 0 1 1 0 0 0 1 0 0 0 0
0 0 -1 0 1 0 -1 0 0 0 0 0
0 0 1 -1 0 0 0 -1 0 0 0 0
0 0 -1 0 -1 0 1 0 0 0 0 0
0 0 -1 1 0 0 0 -1 0 0 0 0
0 0 1 0 1 0 1 0 0 0 0 0
0 0 -1 -1 0 0 0 1 0 0 0 0
0 0 1 0 -1 0 -1 0 0 0 0 0
0 1 0 0 0 1 1 0 0 0 0 0
-1 0 0 0 0 -1 0 1 0 0 0 0
0 -1 0 0 0 1 -1 0 0 0 0 0
1 0 0 0 0 -1 0 -1 0 0 0 0
0 -1 0 0 0 -1 1 0 0 0 0 0
1 0 0 0 0 1 0 1 0 0 0 0
0 1 0 0 0 -1 -1 0 0 0 0 0
-1 0 0 0 0 1 0 -1 0 0 0 0
1 0 0 0 1 0 0 0 1 0 12 12
0 1 0 -1 0 0 0 0 -1 0 12 12
-1 0 0 0 -1 0 0 0 1 0 12 12
0 -1 0 1 0 0 0 0 -1 0 12 12
1 0 0 0 -1 0 0 0 -1 0 12 12
0 1 0 1 0 0 0 0 1 0 12 12
-1 0 0 0 1 0 0 0 -1 0 12 12
0 -1 0 -1 0 0 0 0 1 0 12 12
0 0 1 1 0 0 0 1 0 0 12 12
0 0 -1 0 1 0 -1 0 0 0 12 12
0 0 1 -1 0 0 0 -1 0 0 12 12
0 0 -1 0 -1 0 1 0 0 0 12 12
0 0 -1 1 0 0 0 -1 0 0 12 12
0 0 1 0 1 0 1 0 0 0 12 12
0 0 -1 -1 0 0 0 1 0 0 12 12
0 0 1 0 -1 0 -1 0 0 0 12 12
0 1 0 0 0 1 1 0 0 0 12 12
-1 0 0 0 0 -1 0 1 0 0 12 12
0 -1 0 0 0 1 -1 0 0 0 12 12
1 0 0 0 0 -1 0 -1 0 0 12 12
0 -1 0 0 0 -1 1 0 0 0 12 12
1 0 0 0 0 1 0 1 0 0 12 12
0 1 0 0 0 -1 -1 0 0 0 12 12
-1 0 0 0 0 1 0 -1 0 0 12 12
1 0 0 0 1 0 0 0 1 12 0 12
0 1 0 -1 0 0 0 0 -1 12 0 12
-1 0 0 0 -1 0 0 0 1 12 0 12
0 -1 0 1 0 0 0 0 -1 12 0 12
1 0 0 0 -1 0 0 0 -1 12 0 12
0 1 0 1 0 0 0 0 1 12 0 12
-1 0 0 0 1 0 0 0 -1 12 0 12
0 -1 0 -1 0 0 0 0 1 12 0 12
0 0 1 1 0 0 0 1 0 12 0 12
0 0 -1 0 1 0 -1 0 0 12 0 12
0 0 1 -1 0 0 0 -1 0 12 0 12
0 0 -1 0 -1 0 1 0 0 12 0 12
0 0 -1 1 0 0 0 -1 0 12 0 12
0 0 1 0 1 0 1 0 0 12 0 12
0 0 -1 -1 0 0 0 1 0 12 0 12
0 0 1 0 -1 0 -1 0 0 12 0 12
0 1 0 0 0 1 1 0 0 12 0 12
-1 0 0 0 0 -1 0 1 0 12 0 12
0 -1 0 0 0 1 -1 0 0 12 0 12
1 0 0 0 0 -1 0 -1 0 12 0 12
0 -1 0 0 0 -1 1 0 0 12 0 12
1 0 0 0 0 1 0 1 0 12 0 12
0 1 0 0 0 -1 -1 0 0 12 0 12
-1 0 0 0 0 1 0 -1 0 12 0 12
1 0 0 0 1 0 0 0 1 12 12 0
0 1 0 -1 0 0 0 0 -1 12 12 0
-1 0 0 0 -1 0 0 0 1 12 12 0
0 -1 0 1 0 0 0 0 -1 12 12 0
1 0 0 0 -1 0 0 0 -1 12 12 0
0 1 0 1 0 0 0 0 1 12 12 0
-1 0 0 0 1 0 0 0 -1 12 12 0
0 -1 0 -1 0 0 0 0 1 12 12 0
0 0 1 1 0 0 0 1 0 12 12 0
0 0 -1 0 1 0 -1 0 0 12 12 0
0 0 1 -1 0 0 0 -1 0 12 12 0
0 0 -1 0 -1 0 1 0 0 12 12 0
0 0 -1 1 0 0 0 -1 0 12 12 0
0 0 1 0 1 0 1 0 0 12 12 0
0 0 -1 -1 0 0 0 1 0 12 12 0
0 0 1 0 -1 0 -1 0 0 12 12 0
0 1 0 0 0 1 1 0 0 12 12 0
-1 0 0 0 0 -1 0 1 0 12 12 0
0 -1 0 0 0 1 -1 0 0 12 12 0
1 0 0 0 0 -1 0 -1 0 12 12 0
0 -1 0 0 0 -1 1 0 0 12 12 0
1 0 0 0 0 1 0 1 0 12 12 0
0 1 0 0 0 -1 -1 0 0 12 12 0
-1 0 0 0 0 1 0 -1 0 12 12 0
513	217	-	I -4 2 3	I -4 3 m	I-43m	I -4 3 m	48
1 0 0 0 1 0 0 0 1 0 0 0
0 1 0 -1 0 0 0 0 -1 0 0 0
-1 0 0 0 -1 0 0 0 1 0 0 0
0 -1 0 1 0 0 0 0 -1 0 0 0
1 0 0 0 -1 0 0 0 -1 0 0 0
0 1 0 1 0 0 0 0 1 0 0 0
-1 0 0 0 1 0 0 0 -1 0 0 0
0 -1 0 -1 0 0 0 0 1 0 0 0
0 0 1 1 0 0 0 1 0 0 0 0
0 0 -1 0 1 0 -1 0 0 0 0 0
0 0 1 -1 0 0 0 -1 0 0 0 0
0 0 -1 0 -1 0 1 0 0 0 0 0
0 0 -1 1 0 0 0 -1 0 0 0 0
0 0 1 0 1 0 1 0 0 0 0 0
0 0 -1 -1 0 0 0 1 0 0 0 0
0 0 1 0 -1 0 -1 0 0 0 0 0
0 1 0 0 0 1 1 0 0 0 0 0
-1 0 0 0 0 -1 0 1 0 0 0 0
0 -1 0 0 0 1 -1 0 0 0 0 0
1 0 0 0 0 -1 0 -1 0 0 0 0
0 -1 0 0 0 -1 1 0 0 0 0 0
1 0 0 0 0 1 0 1 0 0 0 0
0 1 0 0 0 -1 -1 0 0 0 0 0
-1 0 0 0 0 1 0 -1 0 0 0 0
1 0 0 0 1 0 0 0 1 12 12 12
0 1 0 -1 0 0 0 0 -1 12 12 12
-1 0 0 0 -1 0 0 0 1 12 12 12
0 -1 0 1 0 0 0 0 -1 12 12 12
1 0 0 0 -1 0 0 0 -1 12 12 12
0 1 0 1 0 0 0 0 1 12 12 12
-1 0 0 0 1 0 0 0 -1 12 12 12
0 -1 0 -1 0 0 0 0 1 12 12 12
0 0 1 1 0 0 0 1 0 12 12 12
0 0 -1 0 1 0 -1 0 0 12 12 12
0 0 1 -1 0 0 0 -1 0 12 12 12
0 0 -1 0 -1 0 1 0 0 12 12 12
0 0 -1 1 0 0 0 -1 0 12 12 12
0 0 1 0 1 0 1 0 0 12 12 12
0 0 -1 -1 0 0 0 1 0 12 12 12
0 0 1 0 -1 0 -1 0 0 12 12 12
0 1 0 0 0 1 1 0 0 12 12 12
-1 0 0 0 0 -1 0 1 0 12 12 12
0 -1 0 0 0 1 -1 0 0 12 12 12
1 0 0 0 0 -1 0 -1 0 12 12 12
0 -1 0 0 0 -1 1 0 0 12 12 12
1 0 0 0 0 1 0 1 0 12 12 12
0 1 0 0 0 -1 -1 0 0 12 12 12
-1 0 0 0 0 1 0 -1 0 12 12 12
514	218	-	P -4n 2 3	P -4 3 n	P-43n	P -4 3 n	24
1 0 0 0 1 0 0 0 1 0 0 0
0 1 0 -1 0 0 0 0 -1 12 12 12
-1 0 0 0 -1 0 0 0 1 0 0 0
0 -1 0 1 0 0 0 0 -1 12 12 12
1 0 0 0 -1 0 0 0 -1 0 0 0
0 1 0 1 0 0 0 0 1 12 12 12
-1 0 0 0 1 0 0 0 -1 0 0 0
0 -1 0 -1 0 0 0 0 1 12 12 12
0 0 1 1 0 0 0 1 0 0 0 0
0 0 -1 0 1 0 -1 0 0 12 12 12
0 0 1 -1 0 0 0 -1 0 0 0 0
0 0 -1 0 -1 0 1 0 0 12 12 12
0 0 -1 1 0 0 0 -1 0 0 0 0
0 0 1 0 1 0 1 0 0 12 12 12
0 0 -1 -1 0 0 0 1 0 0 0 0
0 0 1 0 -1 0 -1 0 0 12 12 12
0 1 0 0 0 1 1 0 0 0 0 0
-1 0 0 0 0 -1 0 1 0 12 12 12
0 -1 0 0 0 1 -1 0 0 0 0 0
1 0 0 0 0 -1 0 -1 0 12 12 12
0 -1 0 0 0 -1 1 0 0 0 0 0
1 0 0 0 0 1 0 1 0 12 12 12
0 1 0 0 0 -1 -1 0 0 0 0 0
-1 0 0 0 0 1 0 -1 0 12 12 12
515	219	-	F -4a 2 3	F -4 3 c	F-43c	F -4 3 c	96
1 0 0 0 1 0 0 0 1 0 0 0
0 1 0 -1 0 0 0 0 -1 12 0 0
-1 0 0 0 -1 0 0 0 1 12 12 0
0 -1 0 1 0 0 0 0 -1 0 12 0
1 0 0 0 -1 0 0 0 -1 0 0 0
0 1 0 1 0 0 0 0 1 12 0 0
-1 0 0 0 1 0 0 0 -1 12 12 0
0 -1 0 -1 0 0 0 0 1 0 12 0
0 0 1 1 0 0 0 1 0 0 0 0
0 0 -1 0 1 0 -1 0 0 0 12 0
0 0 1 -1 0 0 0 -1 0 0 12 12
0 0 -1 0 -1 0 1 0 0 0 0 12
0 0 -1 1 0 0 0 -1 0 0 0 0
0 0 1 0 1 0 1 0 0 0 12 0
0 0 -1 -1 0 0 0 1 0 0 12 12
0 0 1 0 -1 0 -1 0 0 0 0 12
0 1 0 0 0 1 1 0 0 0 0 0
-1 0 0 0 0 -1 0 1 0 0 0 12
0 -1 0 0 0 1 -1 0 0 12 0 12
1 0 0 0 0 -1 0 -1 0 12 0 0
0 -1 0 0 0 -1 1 0 0 0 0 0
1 0 0 0 0 1 0 1 0 0 0 12
0 1 0 0 0 -1 -1 0 0 12 0 12
-1 0 0 0 0 1 0 -1 0 12 0 0
1 0 0 0 1 0 0 0 1 0 12 12
0 1 0 -1 0 0 0 0 -1 12 12 12
-1 0 0 0 -1 0 0 0 1 12 0 12
0 -1 0 1 0 0 0 0 -1 0 0 12
1 0 0 0 -1 0 0 0 -1 0 12 12
0 1 0 1 0 0 0 0 1 12 12 12
-1 0 0 0 1 0 0 0 -1 12 0 12
0 -1 0 -1 0 0 0 0 1 0 0 12
0 0 1 1 0 0 0 1 0 0 12 12
0 0 -1 0 1 0 -1 0 0 0 0 12
0 0 1 -1 0 0 0 -1 0 0 0 0
0 0 -1 0 -1 0 1 0 0 0 12 0
0 0 -1 1 0 0 0 -1 0 0 12 12
0 0 1 0 1 0 1 0 0 0 0 12
0 0 -1 -1 0 0 0 1 0 0 0 0
0 0 1 0 -1 0 -1 0 0 0 12 0
0 1 0 0 0 1 1 0 0 0 12 12
-1 0 0 0 0 -1 0 1 0 0 12 0
0 -1 0 0 0 1 -1 0 0 12 12 0
1 0 0 0 0 -1 0 -1 0 12 12 12
0 -1 0 0 0 -1 1 0 0 0 12 12
1 0 0 0 0 1 0 1 0 0 12 0
0 1 0 0 0 -1 -1 0 0 12 12 0
-1 0 0 0 0 1 0 -1 0 12 12 12
1 0 0 0 1 0 0 0 1 12 0 12
0 1 0 -1 0 0 0 0 -1 0 0 12
-1 0 0 0 -1 0 0 0 1 0 12 12
0 -1 0 1 0 0 0 0 -1 12 12 12
1 0 0 0 -1 0 0 0 -1 12 0 12
0 1 0 1 0 0 0 0 1 0 0 12
-1 0 0 0 1 0 0 0 -1 0 12 12
0 -1 0 -1 0 0 0 0 1 12 12 12
0 0 1 1 0 0 0 1 0 12 0 12
0 0 -1 0 1 0 -1 0 0 12 12 12
0 0 1 -1 0 0 0 -1 0 12 12 0
0 0 -1 0 -1 0 1 0 0 12 0 0
0 0 -1 1 0 0 0 -1 0 12 0 12
0 0 1 0 1 0 1 0 0 12 12 12
0 0 -1 -1 0 0 0 1 0 12 12 0
0 0 1 0 -1 0 -1 0 0 12 0 0
0 1 0 0 0 1 1 0 0 12 0 12
-1 0 0 0 0 -1 0 1 0 12 0 0
0 -1 0 0 0 1 -1 0 0 0 0 0
1 0 0 0 0 -1 0 -1 0 0 0 12
0 -1 0 0 0 -1 1 0 0 12 0 12
1 0 0 0 0 1 0 1 0 12 0 0
0 1 0 0 0 -1 -1 0 0 0 0 0
-1 0 0 0 0 1 0 -1 0 0 0 12
1 0 0 0 1 0 0 0 1 12 12 0
0 1 0 -1 0 0 0 0 -1 0 12 0
-1 0 0 0 -1 0 0 0 1 0 0 0
0 -1 0 1 0 0 0 0 -1 12 0 0
1 0 0 0 -1 0 0 0 -1 12 12 0
0 1 0 1 0 0 0 0 1 0 12 0
-1 0 0 0 1 0 0 0 -1 0 0 0
0 -1 0 -1 0 0 0 0 1 12 0 0
0 0 1 1 0 0 0 1 0 12 12 0
0 0 -1 0 1 0 -1 0 0 12 0 0
0 0 1 -1 0 0 0 -1 0 12 0 12
0 0 -1 0 -1 0 1 0 0 12 12 12
0 0 -1 1 0 0 0 -1 0 12 12 0
0 0 1 0 1 0 1 0 0 12 0 0
0 0 -1 -1 0 0 0 1 0 12 0 12
0 0 1 0 -1 0 -1 0 0 12 12 12
0 1 0 0 0 1 1 0 0 12 12 0
-1 0 0 0 0 -1 0 1 0 12 12 12
0 -1 0 0 0 1 -1 0 0 0 12 12
1 0 0 0 0 -1 0 -1 0 0 12 0
0 -1 0 0 0 -1 1 0 0 12 12 0
1 0 0 0 0 1 0 1 0 12 12 12
0 1 0 0 0 -1 -1 0 0 0 12 12
-1 0 0 0 0 1 0 -1 0 0 12 0
516	220	-	I -4bd 2c 3	I -4 3 d	I-43d	I -4 3 d	48
1 0 0 0 1 0 0 0 1 0 0 0
0 1 0 -1 0 0 0 0 -1 6 18 6
-1 0 0 0 -1 0 0 0 1 0 12 0
0 -1 0 1 0 0 0 0 -1 18 18 6
1 0 0 0 -1 0 0 0 -1 0 0 12
0 1 0 1 0 0 0 0 1 6 6 6
-1 0 0 0 1 0 0 0 -1 0 12 12
0 -1 0 -1 0 0 0 0 1 18 6 6
0 0 1 1 0 0 0 1 0 0 0 0
0 0 -1 0 1 0 -1 0 0 6 6 18
0 0 1 -1 0 0 0 -1 0 0 0 12
0 0 -1 0 -1 0 1 0 0 6 18 18
0 0 -1 1 0 0 0 -1 0 12 0 0
0 0 1 0 1 0 1 0 0 6 6 6
0 0 -1 -1 0 0 0 1 0 12 0 12
0 0 1 0 -1 0 -1 0 0 6 18 6
0 1 0 0 0 1 1 0 0 0 0 0
-1 0 0 0 0 -1 0 1 0 18 6 6
0 -1 0 0 0 1 -1 0 0 12 0 0
1 0 0 0 0 -1 0 -1 0 18 6 18
0 -1 0 0 0 -1 1 0 0 0 12 0
1 0 0 0 0 1 0 1 0 6 6 6
0 1 0 0 0 -1 -1 0 0 12 12 0
-1 0 0 0 0 1 0 -1 0 6 6 18
1 0 0 0 1 0 0 0 1 12 12 12
0 1 0 -1 0 0 0 0 -1 18 6 18
-1 0 0 0 -1 0 0 0 1 12 0 12
0 -1 0 1 0 0 0 0 -1 6 6 18
1 0 0 0 -1 0 0 0 -1 12 12 0
0 1 0 1 0 0 0 0 1 18 18 18
-1 0 0 0 1 0 0 0 -1 12 0 0
0 -1 0 -1 0 0 0 0 1 6 18 18
0 0 1 1 0 0 0 1 0 12 12 12
0 0 -1 0 1 0 -1 0 0 18 18 6
0 0 1 -1 0 0 0 -1 0 12 12 0
0 0 -1 0 -1 0 1 0 0 18 6 6
0 0 -1 1 0 0 0 -1 0 0 12 12
0 0 1 0 1 0 1 0 0 18 18 18
0 0 -1 -1 0 0 0 1 0 0 12 0
0 0 1 0 -1 0 -1 0 0 18 6 18
0 1 0 0 0 1 1 0 0 12 12 12
-1 0 0 0 0 -1 0 1 0 6 18 18
0 -1 0 0 0 1 -1 0 0 0 12 12
1 0 0 0 0 -1 0 -1 0 6 18 6
0 -1 0 0 0 -1 1 0 0 12 0 12
1 0 0 0 0 1 0 1 0 18 18 18
0 1 0 0 0 -1 -1 0 0 0 0 12
-1 0 0 0 0 1 0 -1 0 18 18 6
517	221	-	-P 4 2 3	P m -3 m	Pm-3m	P 4/m -3 2/m	48
1 0 0 0 1 0 0 0 1 0 0 0
-1 0 0 0 -1 0 0 0 -1 0 0 0
0 -1 0 1 0 0 0 0 1 0 0 0
0 1 0 -1 0 0 0 0 -1 0 0 0
-1 0 0 0 -1 0 0 0 1 0 0 0
1 0 0 0 1 0 0 0 -1 0 0 0
0 1 0 -1 0 0 0 0 1 0 0 0
0 -1 0 1 0 0 0 0 -1 0 0 0
1 0 0 0 -1 0 0 0 -1 0 0 0
-1 0 0 0 1 0 0 0 1 0 0 0
0 -1 0 -1 0 0 0 0 -1 0 0 0
0 1 0 1 0 0 0 0 1 0 0 0
-1 0 0 0 1 0 0 0 -1 0 0 0
1 0 0 0 -1 0 0 0 1 0 0 0
0 1 0 1 0 0 0 0 -1 0 0 0
0 -1 0 -1 0 0 0 0 1 0 0 0
0 0 1 1 0 0 0 1 0 0 0 0
0 0 -1 -1 0 0 0 -1 0 0 0 0
0 0 1 0 -1 0 1 0 0 0 0 0
0 0 -1 0 1 0 -1 0 0 0 0 0
0 0 1 -1 0 0 0 -1 0 0 0 0
0 0 -1 1 0 0 0 1 0 0 0 0
0 0 1 0 1 0 -1 0 0 0 0 0
0 0 -1 0 -1 0 1 0 0 0 0 0
0 0 -1 1 0 0 0 -1 0 0 0 0
0 0 1 -1 0 0 0 1 0 0 0 0
0 0 -1 0 -1 0 -1 0 0 0 0 0
0 0 1 0 1 0 1 0 0 0 0 0
0 0 -1 -1 0 0 0 1 0 0 0 0
0 0 1 1 0 0 0 -1 0 0 0 0
0 0 -1 0 1 0 1 0 0 0 0 0
0 0 1 0 -1 0 -1 0 0 0 0 0
0 1 0 0 0 1 1 0 0 0 0 0
0 -1 0 0 0 -1 -1 0 0 0 0 0
1 0 0 0 0 1 0 -1 0 0 0 0
-1 0 0 0 0 -1 0 1 0 0 0 0
0 -1 0 0 0 1 -1 0 0 0 0 0
0 1 0 0 0 -1 1 0 0 0 0 0
-1 0 0 0 0 1 0 1 0 0 0 0
1 0 0 0 0 -1 0 -1 0 0 0 0
0 -1 0 0 0 -1 1 0 0 0 0 0
0 1 0 0 0 1 -1 0 0 0 0 0
-1 0 0 0 0 -1 0 -1 0 0 0 0
1 0 0 0 0 1 0 1 0 0 0 0
0 1 0 0 0 -1 -1 0 0 0 0 0
0 -1 0 0 0 1 1 0 0 0 0 0
1 0 0 0 0 -1 0 1 0 0 0 0
-1 0 0 0 0 1 0 -1 0 0 0 0
518	222	1	P 4 2 3 -1n	P n -3 n	Pn-3n	P 4/n -3 2/n	48
1 0 0 0 1 0 0 0 1 0 0 0
0 -1 0 1 0 0 0 0 1 0 0 0
-1 0 0 0 -1 0 0 0 1 0 0 0
0 1 0 -1 0 0 0 0 1 0 0 0
1 0 0 0 -1 0 0 0 -1 0 0 0
0 -1 0 -1 0 0 0 0 -1 0 0 0
-1 0 0 0 1 0 0 0 -1 0 0 0
0 1 0 1 0 0 0 0 -1 0 0 0
0 0 1 1 0 0 0 1 0 0 0 0
0 0 1 0 -1 0 1 0 0 0 0 0
0 0 1 -1 0 0 0 -1 0 0 0 0
0 0 1 0 1 0 -1 0 0 0 0 0
0 0 -1 1 0 0 0 -1 0 0 0 0
0 0 -1 0 -1 0 -1 0 0 0 0 0
0 0 -1 -1 0 0 0 1 0 0 0 0
0 0 -1 0 1 0 1 0 0 0 0 0
0 1 0 0 0 1 1 0 0 0 0 0
1 0 0 0 0 1 0 -1 0 0 0 0
0 -1 0 0 0 1 -1 0 0 0 0 0
-1 0 0 0 0 1 0 1 0 0 0 0
0 -1 0 0 0 -1 1 0 0 0 0 0
-1 0 0 0 0 -1 0 -1 0 0 0 0
0 1 0 0 0 -1 -1 0 0 0 0 0
1 0 0 0 0 -1 0 1 0 0 0 0
-1 0 0 0 -1 0 0 0 -1 12 12 12
0 1 0 -1 0 0 0 0 -1 12 12 12
1 0 0 0 1 0 0 0 -1 12 12 12
0 -1 0 1 0 0 0 0 -1 12 12 12
-1 0 0 0 1 0 0 0 1 12 12 12
0 1 0 1 0 0 0 0 1 12 12 12
1 0 0 0 -1 0 0 0 1 12 12 12
0 -1 0 -1 0 0 0 0 1 12 12 12
0 0 -1 -1 0 0 0 -1 0 12 12 12
0 0 -1 0 1 0 -1 0 0 12 12 12
0 0 -1 1 0 0 0 1 0 12 12 12
0 0 -1 0 -1 0 1 0 0 12 12 12
0 0 1 -1 0 0 0 1 0 12 12 12
0 0 1 0 1 0 1 0 0 12 12 12
0 0 1 1 0 0 0 -1 0 12 12 12
0 0 1 0 -1 0 -1 0 0 12 12 12
0 -1 0 0 0 -1 -1 0 0 12 12 12
-1 0 0 0 0 -1 0 1 0 12 12 12
0 1 0 0 0 -1 1 0 0 12 12 12
1 0 0 0 0 -1 0 -1 0 12 12 12
0 1 0 0 0 1 -1 0 0 12 12 12
1 0 0 0 0 1 0 1 0 12 12 12
0 -1 0 0 0 1 1 0 0 12 12 12
-1 0 0 0 0 1 0 -1 0 12 12 12
519	222	2	-P 4a 2bc 3	P n -3 n	Pn-3n	P 4/n -3 2/n	48
1 0 0 0 1 0 0 0 1 0 0 0
-1 0 0 0 -1 0 0 0 -1 0 0 0
0 -1 0 1 0 0 0 0 1 12 0 0
0 1 0 -1 0 0 0 0 -1 12 0 0
-1 0 0 0 -1 0 0 0 1 12 12 0
1 0 0 0 1 0 0 0 -1 12 12 0
0 1 0 -1 0 0 0 0 1 0 12 0
0 -1 0 1 0 0 0 0 -1 0 12 0
1 0 0 0 -1 0 0 0 -1 0 12 12
-1 0 0 0 1 0 0 0 1 0 12 12
0 -1 0 -1 0 0 0 0 -1 12 12 12
0 1 0 1 0 0 0 0 1 12 12 12
-1 0 0 0 1 0 0 0 -1 12 0 12
1 0 0 0 -1 0 0 0 1 12 0 12
0 1 0 1 0 0 0 0 -1 0 0 12
0 -1 0 -1 0 0 0 0 1 0 0 12
0 0 1 1 0 0 0 1 0 0 0 0
0 0 -1 -1 0 0 0 -1 0 0 0 0
0 0 1 0 -1 0 1 0 0 0 12 0
0 0 -1 0 1 0 -1 0 0 0 12 0
0 0 1 -1 0 0 0 -1 0 0 12 12
0 0 -1 1 0 0 0 1 0 0 12 12
0 0 1 0 1 0 -1 0 0 0 0 12
0 0 -1 0 -1 0 1 0 0 0 0 12
0 0 -1 1 0 0 0 -1 0 12 0 12
0 0 1 -1 0 0 0 1 0 12 0 12
0 0 -1 0 -1 0 -1 0 0 12 12 12
0 0 1 0 1 0 1 0 0 12 12 12
0 0 -1 -1 0 0 0 1 0 12 12 0
0 0 1 1 0 0 0 -1 0 12 12 0
0 0 -1 0 1 0 1 0 0 12 0 0
0 0 1 0 -1 0 -1 0 0 12 0 0
0 1 0 0 0 1 1 0 0 0 0 0
0 -1 0 0 0 -1 -1 0 0 0 0 0
1 0 0 0 0 1 0 -1 0 0 0 12
-1 0 0 0 0 -1 0 1 0 0 0 12
0 -1 0 0 0 1 -1 0 0 12 0 12
0 1 0 0 0 -1 1 0 0 12 0 12
-1 0 0 0 0 1 0 1 0 12 0 0
1 0 0 0 0 -1 0 -1 0 12 0 0
0 -1 0 0 0 -1 1 0 0 12 12 0
0 1 0 0 0 1 -1 0 0 12 12 0
-1 0 0 0 0 -1 0 -1 0 12 12 12
1 0 0 0 0 1 0 1 0 12 12 12
0 1 0 0 0 -1 -1 0 0 0 12 12
0 -1 0 0 0 1 1 0 0 0 12 12
1 0 0 0 0 -1 0 1 0 0 12 0
-1 0 0 0 0 1 0 -1 0 0 12 0
520	223	-	-P 4n 2 3	P m -3 n	Pm-3n	P 4_2/m -3 2/n	48
1 0 0 0 1 0 0 0 1 0 0 0
-1 0 0 0 -1 0 0 0 -1 0 0 0
0 -1 0 1 0 0 0 0 1 12 12 12
0 1 0 -1 0 0 0 0 -1 12 12 12
-1 0 0 0 -1 0 0 0 1 0 0 0
1 0 0 0 1 0 0 0 -1 0 0 0
0 1 0 -1 0 0 0 0 1 12 12 12
0 -1 0 1 0 0 0 0 -1 12 12 12
1 0 0 0 -1 0 0 0 -1 0 0 0
-1 0 0 0 1 0 0 0 1 0 0 0
0 -1 0 -1 0 0 0 0 -1 12 12 12
0 1 0 1 0 0 0 0 1 12 12 12
-1 0 0 0 1 0 0 0 -1 0 0 0
1 0 0 0 -1 0 0 0 1 0 0 0
0 1 0 1 0 0 0 0 -1 12 12 12
0 -1 0 -1 0 0 0 0 1 12 12 12
0 0 1 1 0 0 0 1 0 0 0 0
0 0 -1 -1 0 0 0 -1 0 0 0 0
0 0 1 0 -1 0 1 0 0 12 12 12
0 0 -1 0 1 0 -1 0 0 12 12 12
0 0 1 -1 0 0 0 -1 0 0 0 0
0 0 -1 1 0 0 0 1 0 0 0 0
0 0 1 0 1 0 -1 0 0 12 12 12
0 0 -1 0 -1 0 1 0 0 12 12 12
0 0 -1 1 0 0 0 -1 0 0 0 0
0 0 1 -1 0 0 0 1 0 0 0 0
0 0 -1 0 -1 0 -1 0 0 12 12 12
0 0 1 0 1 0 1 0 0 12 12 12
0 0 -1 -1 0 0 0 1 0 0 0 0
0 0 1 1 0 0 0 -1 0 0 0 0
0 0 -1 0 1 0 1 0 0 12 12 12
0 0 1 0 -1 0 -1 0 0 12 12 12
0 1 0 0 0 1 1 0 0 0 0 0
0 -1 0 0 0 -1 -1 0 0 0 0 0
1 0 0 0 0 1 0 -1 0 12 12 12
-1 0 0 0 0 -1 0 1 0 12 12 12
0 -1 0 0 0 1 -1 0 0 0 0 0
0 1 0 0 0 -1 1 0 0 0 0 0
-1 0 0 0 0 1 0 1 0 12 12 12
1 0 0 0 0 -1 0 -1 0 12 12 12
0 -1 0 0 0 -1 1 0 0 0 0 0
0 1 0 0 0 1 -1 0 0 0 0 0
-1 0 0 0 0 -1 0 -1 0 12 12 12
1 0 0 0 0 1 0 1 0 12 12 12
0 1 0 0 0 -1 -1 0 0 0 0 0
0 -1 0 0 0 1 1 0 0 0 0 0
1 0 0 0 0 -1 0 1 0 12 12 12
-1 0 0 0 0 1 0 -1 0 12 12 12
521	224	1	P 4n 2 3 -1n	P n -3 m	Pn-3m	P 4_2/n -3 2/m	48
1 0 0 0 1 0 0 0 1 0 0 0
0 -1 0 1 0 0 0 0 1 12 12 12
-1 0 0 0 -1 0 0 0 1 0 0 0
0 1 0 -1 0 0 0 0 1 12 12 12
1 0 0 0 -1 0 0 0 -1 0 0 0
0 -1 0 -1 0 0 0 0 -1 12 12 12
-1 0 0 0 1 0 0 0 -1 0 0 0
0 1 0 1 0 0 0 0 -1 12 12 12
0 0 1 1 0 0 0 1 0 0 0 0
0 0 1 0 -1 0 1 0 0 12 12 12
0 0 1 -1 0 0 0 -1 0 0 0 0
0 0 1 0 1 0 -1 0 0 12 12 12
0 0 -1 1 0 0 0 -1 0 0 0 0
0 0 -1 0 -1 0 -1 0 0 12 12 12
0 0 -1 -1 0 0 0 1 0 0 0 0
0 0 -1 0 1 0 1 0 0 12 12 12
0 1 0 0 0 1 1 0 0 0 0 0
1 0 0 0 0 1 0 -1 0 12 12 12
0 -1 0 0 0 1 -1 0 0 0 0 0
-1 0 0 0 0 1 0 1 0 12 12 12
0 -1 0 0 0 -1 1 0 0 0 0 0
-1 0 0 0 0 -1 0 -1 0 12 12 12
0 1 0 0 0 -1 -1 0 0 0 0 0
1 0 0 0 0 -1 0 1 0 12 12 12
-1 0 0 0 -1 0 0 0 -1 12 12 12
0 1 0 -1 0 0 0 0 -1 0 0 0
1 0 0 0 1 0 0 0 -1 12 12 12
0 -1 0 1 0 0 0 0 -1 0 0 0
-1 0 0 0 1 0 0 0 1 12 12 12
0 1 0 1 0 0 0 0 1 0 0 0
1 0 0 0 -1 0 0 0 1 12 12 12
0 -1 0 -1 0 0 0 0 1 0 0 0
0 0 -1 -1 0 0 0 -1 0 12 12 12
0 0 -1 0 1 0 -1 0 0 0 0 0
0 0 -1 1 0 0 0 1 0 12 12 12
0 0 -1 0 -1 0 1 0 0 0 0 0
0 0 1 -1 0 0 0 1 0 12 12 12
0 0 1 0 1 0 1 0 0 0 0 0
0 0 1 1 0 0 0 -1 0 12 12 12
0 0 1 0 -1 0 -1 0 0 0 0 0
0 -1 0 0 0 -1 -1 0 0 12 12 12
-1 0 0 0 0 -1 0 1 0 0 0 0
0 1 0 0 0 -1 1 0 0 12 12 12
1 0 0 0 0 -1 0 -1 0 0 0 0
0 1 0 0 0 1 -1 0 0 12 12 12
1 0 0 0 0 1 0 1 0 0 0 0
0 -1 0 0 0 1 1 0 0 12 12 12
-1 0 0 0 0 1 0 -1 0 0 0 0
522	224	2	-P 4bc 2bc 3	P n -3 m	Pn-3m	P 4_2/n -3 2/m	48
1 0 0 0 1 0 0 0 1 0 0 0
-1 0 0 0 -1 0 0 0 -1 0 0 0
0 -1 0 1 0 0 0 0 1 0 12 12
0 1 0 -1 0 0 0 0 -1 0 12 12
-1 0 0 0 -1 0 0 0 1 12 12 0
1 0 0 0 1 0 0 0 -1 12 12 0
0 1 0 -1 0 0 0 0 1 12 0 12
0 -1 0 1 0 0 0 0 -1 12 0 12
1 0 0 0 -1 0 0 0 -1 0 12 12
-1 0 0 0 1 0 0 0 1 0 12 12
0 -1 0 -1 0 0 0 0 -1 0 0 0
0 1 0 1 0 0 0 0 1 0 0 0
-1 0 0 0 1 0 0 0 -1 12 0 12
1 0 0 0 -1 0 0 0 1 12 0 12
0 1 0 1 0 0 0 0 -1 12 12 0
0 -1 0 -1 0 0 0 0 1 12 12 0
0 0 1 1 0 0 0 1 0 0 0 0
0 0 -1 -1 0 0 0 -1 0 0 0 0
0 0 1 0 -1 0 1 0 0 12 0 12
0 0 -1 0 1 0 -1 0 0 12 0 12
0 0 1 -1 0 0 0 -1 0 0 12 12
0 0 -1 1 0 0 0 1 0 0 12 12
0 0 1 0 1 0 -1 0 0 12 12 0
0 0 -1 0 -1 0 1 0 0 12 12 0
0 0 -1 1 0 0 0 -1 0 12 0 12
0 0 1 -1 0 0 0 1 0 12 0 12
0 0 -1 0 -1 0 -1 0 0 0 0 0
0 0 1 0 1 0 1 0 0 0 0 0
0 0 -1 -1 0 0 0 1 0 12 12 0
0 0 1 1 0 0 0 -1 0 12 12 0
0 0 -1 0 1 0 1 0 0 0 12 12
0 0 1 0 -1 0 -1 0 0 0 12 12
0 1 0 0 0 1 1 0 0 0 0 0
0 -1 0 0 0 -1 -1 0 0 0 0 0
1 0 0 0 0 1 0 -1 0 12 12 0
-1 0 0 0 0 -1 0 1 0 12 12 0
0 -1 0 0 0 1 -1 0 0 12 0 12
0 1 0 0 0 -1 1 0 0 12 0 12
-1 0 0 0 0 1 0 1 0 0 12 12
1 0 0 0 0 -1 0 -1 0 0 12 12
0 -1 0 0 0 -1 1 0 0 12 12 0
0 1 0 0 0 1 -1 0 0 12 12 0
-1 0 0 0 0 -1 0 -1 0 0 0 0
1 0 0 0 0 1 0 1 0 0 0 0
0 1 0 0 0 -1 -1 0 0 0 12 12
0 -1 0 0 0 1 1 0 0 0 12 12
1 0 0 0 0 -1 0 1 0 12 0 12
-1 0 0 0 0 1 0 -1 0 12 0 12
523	225	-	-F 4 2 3	F m -3 m	Fm-3m	F 4/m -3 2/m	192
1 0 0 0 1 0 0 0 1 0 0 0
-1 0 0 0 -1 0 0 0 -1 0 0 0
0 -1 0 1 0 0 0 0 1 0 0 0
0 1 0 -1 0 0 0 0 -1 0 0 0
-1 0 0 0 -1 0 0 0 1 0 0 0
1 0 0 0 1 0 0 0 -1 0 0 0
0 1 0 -1 0 0 0 0 1 0 0 0
0 -1 0 1 0 0 0 0 -1 0 0 0
1 0 0 0 -1 0 0 0 -1 0 0 0
-1 0 0 0 1 0 0 0 1 0 0 0
0 -1 0 -1 0 0 0 0 -1 0 0 0
0 1 0 1 0 0 0 0 1 0 0 0
-1 0 0 0 1 0 0 0 -1 0 0 0
1 0 0 0 -1 0 0 0 1 0 0 0
0 1 0 1 0 0 0 0 -1 0 0 0
0 -1 0 -1 0 0 0 0 1 0 0 0
0 0 1 1 0 0 0 1 0 0 0 0
0 0 -1 -1 0 0 0 -1 0 0 0 0
0 0 1 0 -1 0 1 0 0 0 0 0
0 0 -1 0 1 0 -1 0 0 0 0 0
0 0 1 -1 0 0 0 -1 0 0 0 0
0 0 -1 1 0 0 0 1 0 0 0 0
0 0 1 0 1 0 -1 0 0 0 0 0
0 0 -1 0 -1 0 1 0 0 0 0 0
0 0 -1 1 0 0 0 -1 0 0 0 0
0 0 1 -1 0 0 0 1 0 0 0 0
0 0 -1 0 -1 0 -1 0 0 0 0 0
0 0 1 0 1 0 1 0 0 0 0 0
0 0 -1 -1 0 0 0 1 0 0 0 0
0 0 1 1 0 0 0 -1 0 0 0 0
0 0 -1 0 1 0 1 0 0 0 0 0
0 0 1 0 -1 0 -1 0 0 0 0 0
0 1 0 0 0 1 1 0 0 0 0 0
0 -1 0 0 0 -1 -1 0 0 0 0 0
1 0 0 0 0 1 0 -1 0 0 0 0
-1 0 0 0 0 -1 0 1 0 0 0 0
0 -1 0 0 0 1 -1 0 0 0 0 0
0 1 0 0 0 -1 1 0 0 0 0 0
-1 0 0 0 0 1 0 1 0 0 0 0
1 0 0 0 0 -1 0 -1 0 0 0 0
0 -1 0 0 0 -1 1 0 0 0 0 0
0 1 0 0 0 1 -1 0 0 0 0 0
-1 0 0 0 0 -1 0 -1 0 0 0 0
1 0 0 0 0 1 0 1 0 0 0 0
0 1 0 0 0 -1 -1 0 0 0 0 0
0 -1 0 0 0 1 1 0 0 0 0 0
1 0 0 0 0 -1 0 1 0 0 0 0
-1 0 0 0 0 1 0 -1 0 0 0 0
1 0 0 0 1 0 0 0 1 0 12 12
-1 0 0 0 -1 0 0 0 -1 0 12 12
0 -1 0 1 0 0 0 0 1 0 12 12
0 1 0 -1 0 0 0 0 -1 0 12 12
-1 0 0 0 -1 0 0 0 1 0 12 12
1 0 0 0 1 0 0 0 -1 0 12 12
0 1 0 -1 0 0 0 0 1 0 12 12
0 -1 0 1 0 0 0 0 -1 0 12 12
1 0 0 0 -1 0 0 0 -1 0 12 12
-1 0 0 0 1 0 0 0 1 0 12 12
0 -1 0 -1 0 0 0 0 -1 0 12 12
0 1 0 1 0 0 0 0 1 0 12 12
-1 0 0 0 1 0 0 0 -1 0 12 12
1 0 0 0 -1 0 0 0 1 0 12 12
0 1 0 1 0 0 0 0 -1 0 12 12
0 -1 0 -1 0 0 0 0 1 0 12 12
0 0 1 1 0 0 0 1 0 0 12 12
0 0 -1 -1 0 0 0 -1 0 0 12 12
0 0 1 0 -1 0 1 0 0 0 12 12
0 0 -1 0 1 0 -1 0 0 0 12 12
0 0 1 -1 0 0 0 -1 0 0 12 12
0 0 -1 1 0 0 0 1 0 0 12 12
0 0 1 0 1 0 -1 0 0 0 12 12
0 0 -1 0 -1 0 1 0 0 0 12 12
0 0 -1 1 0 0 0 -1 0 0 12 12
0 0 1 -1 0 0 0 1 0 0 12 12
0 0 -1 0 -1 0 -1 0 0 0 12 12
0 0 1 0 1 0 1 0 0 0 12 12
0 0 -1 -1 0 0 0 1 0 0 12 12
0 0 1 1 0 0 0 -1 0 0 12 12
0 0 -1 0 1 0 1 0 0 0 12 12
0 0 1 0 -1 0 -1 0 0 0 12 12
0 1 0 0 0 1 1 0 0 0 12 12
0 -1 0 0 0 -1 -1 0 0 0 12 12
1 0 0 0 0 1 0 -1 0 0 12 12
-1 0 0 0 0 -1 0 1 0 0 12 12
0 -1 0 0 0 1 -1 0 0 0 12 12
0 1 0 0 0 -1 1 0 0 0 12 12
-1 0 0 0 0 1 0 1 0 0 12 12
1 0 0 0 0 -1 0 -1 0 0 12 12
0 -1 0 0 0 -1 1 0 0 0 12 12
0 1 0 0 0 1 -1 0 0 0 12 12
-1 0 0 0 0 -1 0 -1 0 0 12 12
1 0 0 0 0 1 0 1 0 0 12 12
0 1 0 0 0 -1 -1 0 0 0 12 12
0 -1 0 0 0 1 1 0 0 0 12 12
1 0 0 0 0 -1 0 1 0 0 12 12
-1 0 0 0 0 1 0 -1 0 0 12 12
1 0 0 0 1 0 0 0 1 12 0 12
-1 0 0 0 -1 0 0 0 -1 12 0 12
0 -1 0 1 0 0 0 0 1 12 0 12
0 1 0 -1 0 0 0 0 -1 12 0 12
-1 0 0 0 -1 0 0 0 1 12 0 12
1 0 0 0 1 0 0 0 -1 12 0 12
0 1 0 -1 0 0 0 0 1 12 0 12
0 -1 0 1 0 0 0 0 -1 12 0 12
1 0 0 0 -1 0 0 0 -1 12 0 12
-1 0 0 0 1 0 0 0 1 12 0 12
0 -1 0 -1 0 0 0 0 -1 12 0 12
0 1 0 1 0 0 0 0 1 12 0 12
-1 0 0 0 1 0 0 0 -1 12 0 12
1 0 0 0 -1 0 0 0 1 12 0 12
0 1 0 1 0 0 0 0 -1 12 0 12
0 -1 0 -1 0 0 0 0 1 12 0 12
0 0 1 1 0 0 0 1 0 12 0 12
0 0 -1 -1 0 0 0 -1 0 12 0 12
0 0 1 0 -1 0 1 0 0 12 0 12
0 0 -1 0 1 0 -1 0 0 12 0 12
0 0 1 -1 0 0 0 -1 0 12 0 12
0 0 -1 1 0 0 0 1 0 12 0 12
0 0 1 0 1 0 -1 0 0 12 0 12
0 0 -1 0 -1 0 1 0 0 12 0 12
0 0 -1 1 0 0 0 -1 0 12 0 12
0 0 1 -1 0 0 0 1 0 12 0 12
0 0 -1 0 -1 0 -1 0 0 12 0 12
0 0 1 0 1 0 1 0 0 12 0 12
0 0 -1 -1 0 0 0 1 0 12 0 12
0 0 1 1 0 0 0 -1 0 12 0 12
0 0 -1 0 1 0 1 0 0 12 0 12
0 0 1 0 -1 0 -1 0 0 12 0 12
0 1 0 0 0 1 1 0 0 12 0 12
0 -1 0 0 0 -1 -1 0 0 12 0 12
1 0 0 0 0 1 0 -1 0 12 0 12
-1 0 0 0 0 -1 0 1 0 12 0 12
0 -1 0 0 0 1 -1 0 0 12 0 12
0 1 0 0 0 -1 1 0 0 12 0 12
-1 0 0 0 0 1 0 1 0 12 0 12
1 0 0 0 0 -1 0 -1 0 12 0 12
0 -1 0 0 0 -1 1 0 0 12 0 12
0 1 0 0 0 1 -1 0 0 12 0 12
-1 0 0 0 0 -1 0 -1 0 12 0 12
1 0 0 0 0 1 0 1 0 12 0 12
0 1 0 0 0 -1 -1 0 0 12 0 12
0 -1 0 0 0 1 1 0 0 12 0 12
1 0 0 0 0 -1 0 1 0 12 0 12
-1 0 0 0 0 1 0 -1 0 12 0 12
1 0 0 0 1 0 0 0 1 12 12 0
-1 0 0 0 -1 0 0 0 -1 12 12 0
0 -1 0 1 0 0 0 0 1 12 12 0
0 1 0 -1 0 0 0 0 -1 12 12 0
-1 0 0 0 -1 0 0 0 1 12 12 0
1 0 0 0 1 0 0 0 -1 12 12 0
0 1 0 -1 0 0 0 0 1 12 12 0
0 -1 0 1 0 0 0 0 -1 12 12 0
1 0 0 0 -1 0 0 0 -1 12 12 0
-1 0 0 0 1 0 0 0 1 12 12 0
0 -1 0 -1 0 0 0 0 -1 12 12 0
0 1 0 1 0 0 0 0 1 12 12 0
-1 0 0 0 1 0 0 0 -1 12 12 0
1 0 0 0 -1 0 0 0 1 12 12 0
0 1 0 1 0 0 0 0 -1 12 12 0
0 -1 0 -1 0 0 0 0 1 12 12 0
0 0 1 1 0 0 0 1 0 12 12 0
0 0 -1 -1 0 0 0 -1 0 12 12 0
0 0 1 0 -1 0 1 0 0 12 12 0
0 0 -1 0 1 0 -1 0 0 12 12 0
0 0 1 -1 0 0 0 -1 0 12 12 0
0 0 -1 1 0 0 0 1 0 12 12 0
0 0 1 0 1 0 -1 0 0 12 12 0
0 0 -1 0 -1 0 1 0 0 12 12 0
0 0 -1 1 0 0 0 -1 0 12 12 0
0 0 1 -1 0 0 0 1 0 12 12 0
0 0 -1 0 -1 0 -1 0 0 12 12 0
0 0 1 0 1 0 1 0 0 12 12 0
0 0 -1 -1 0 0 0 1 0 12 12 0
0 0 1 1 0 0 0 -1 0 12 12 0
0 0 -1 0 1 0 1 0 0 12 12 0
0 0 1 0 -1 0 -1 0 0 12 12 0
0 1 0 0 0 1 1 0 0 12 12 0
0 -1 0 0 0 -1 -1 0 0 12 12 0
1 0 0 0 0 1 0 -1 0 12 12 0
-1 0 0 0 0 -1 0 1 0 12 12 0
0 -1 0 0 0 1 -1 0 0 12 12 0
0 1 0 0 0 -1 1 0 0 12 12 0
-1 0 0 0 0 1 0 1 0 12 12 0
1 0 0 0 0 -1 0 -1 0 12 12 0
0 -1 0 0 0 -1 1 0 0 12 12 0
0 1 0 0 0 1 -1 0 0 12 12 0
-1 0 0 0 0 -1 0 -1 0 12 12 0
1 0 0 0 0 1 0 1 0 12 12 0
0 1 0 0 0 -1 -1 0 0 12 12 0
0 -1 0 0 0 1 1 0 0 12 12 0
1 0 0 0 0 -1 0 1 0 12 12 0
-1 0 0 0 0 1 0 -1 0 12 12 0
524	226	-	-F 4a 2 3	F m -3 c	Fm-3c	F 4/m -3 2/c	192
1 0 0 0 1 0 0 0 1 0 0 0
-1 0 0 0 -1 0 0 0 -1 0 0 0
0 -1 0 1 0 0 0 0 1 12 0 0
0 1 0 -1 0 0 0 0 -1 12 0 0
-1 0 0 0 -1 0 0 0 1 12 12 0
1 0 0 0 1 0 0 0 -1 12 12 0
0 1 0 -1 0 0 0 0 1 0 12 0
0 -1 0 1 0 0 0 0 -1 0 12 0
1 0 0 0 -1 0 0 0 -1 0 0 0
-1 0 0 0 1 0 0 0 1 0 0 0
0 -1 0 -1 0 0 0 0 -1 12 0 0
0 1 0 1 0 0 0 0 1 12 0 0
-1 0 0 0 1 0 0 0 -1 12 12 0
1 0 0 0 -1 0 0 0 1 12 12 0
0 1 0 1 0 0 0 0 -1 0 12 0
0 -1 0 -1 0 0 0 0 1 0 12 0
0 0 1 1 0 0 0 1 0 0 0 0
0 0 -1 -1 0 0 0 -1 0 0 0 0
0 0 1 0 -1 0 1 0 0 0 12 0
0 0 -1 0 1 0 -1 0 0 0 12 0
0 0 1 -1 0 0 0 -1 0 0 12 12
0 0 -1 1 0 0 0 1 0 0 12 12
0 0 1 0 1 0 -1 0 0 0 0 12
0 0 -1 0 -1 0 1 0 0 0 0 12
0 0 -1 1 0 0 0 -1 0 0 0 0
0 0 1 -1 0 0 0 1 0 0 0 0
0 0 -1 0 -1 0 -1 0 0 0 12 0
0 0 1 0 1 0 1 0 0 0 12 0
0 0 -1 -1 0 0 0 1 0 0 12 12
0 0 1 1 0 0 0 -1 0 0 12 12
0 0 -1 0 1 0 1 0 0 0 0 12
0 0 1 0 -1 0 -1 0 0 0 0 12
0 1 0 0 0 1 1 0 0 0 0 0
0 -1 0 0 0 -1 -1 0 0 0 0 0
1 0 0 0 0 1 0 -1 0 0 0 12
-1 0 0 0 0 -1 0 1 0 0 0 12
0 -1 0 0 0 1 -1 0 0 12 0 12
0 1 0 0 0 -1 1 0 0 12 0 12
-1 0 0 0 0 1 0 1 0 12 0 0
1 0 0 0 0 -1 0 -1 0 12 0 0
0 -1 0 0 0 -1 1 0 0 0 0 0
0 1 0 0 0 1 -1 0 0 0 0 0
-1 0 0 0 0 -1 0 -1 0 0 0 12
1 0 0 0 0 1 0 1 0 0 0 12
0 1 0 0 0 -1 -1 0 0 12 0 12
0 -1 0 0 0 1 1 0 0 12 0 12
1 0 0 0 0 -1 0 1 0 12 0 0
-1 0 0 0 0 1 0 -1 0 12 0 0
1 0 0 0 1 0 0 0 1 0 12 12
-1 0 0 0 -1 0 0 0 -1 0 12 12
0 -1 0 1 0 0 0 0 1 12 12 12
0 1 0 -1 0 0 0 0 -1 12 12 12
-1 0 0 0 -1 0 0 0 1 12 0 12
1 0 0 0 1 0 0 0 -1 12 0 12
0 1 0 -1 0 0 0 0 1 0 0 12
0 -1 0 1 0 0 0 0 -1 0 0 12
1 0 0 0 -1 0 0 0 -1 0 12 12
-1 0 0 0 1 0 0 0 1 0 12 12
0 -1 0 -1 0 0 0 0 -1 12 12 12
0 1 0 1 0 0 0 0 1 12 12 12
-1 0 0 0 1 0 0 0 -1 12 0 12
1 0 0 0 -1 0 0 0 1 12 0 12
0 1 0 1 0 0 0 0 -1 0 0 12
0 -1 0 -1 0 0 0 0 1 0 0 12
0 0 1 1 0 0 0 1 0 0 12 12
0 0 -1 -1 0 0 0 -1 0 0 12 12
0 0 1 0 -1 0 1 0 0 0 0 12
0 0 -1 0 1 0 -1 0 0 0 0 12
0 0 1 -1 0 0 0 -1 0 0 0 0
0 0 -1 1 0 0 0 1 0 0 0 0
0 0 1 0 1 0 -1 0 0 0 12 0
0 0 -1 0 -1 0 1 0 0 0 12 0
0 0 -1 1 0 0 0 -1 0 0 12 12
0 0 1 -1 0 0 0 1 0 0 12 12
0 0 -1 0 -1 0 -1 0 0 0 0 12
0 0 1 0 1 0 1 0 0 0 0 12
0 0 -1 -1 0 0 0 1 0 0 0 0
0 0 1 1 0 0 0 -1 0 0 0 0
0 0 -1 0 1 0 1 0 0 0 12 0
0 0 1 0 -1 0 -1 0 0 0 12 0
0 1 0 0 0 1 1 0 0 0 12 12
0 -1 0 0 0 -1 -1 0 0 0 12 12
1 0 0 0 0 1 0 -1 0 0 12 0
-1 0 0 0 0 -1 0 1 0 0 12 0
0 -1 0 0 0 1 -1 0 0 12 12 0
0 1 0 0 0 -1 1 0 0 12 12 0
-1 0 0 0 0 1 0 1 0 12 12 12
1 0 0 0 0 -1 0 -1 0 12 12 12
0 -1 0 0 0 -1 1 0 0 0 12 12
0 1 0 0 0 1 -1 0 0 0 12 12
-1 0 0 0 0 -1 0 -1 0 0 12 0
1 0 0 0 0 1 0 1 0 0 12 0
0 1 0 0 0 -1 -1 0 0 12 12 0
0 -1 0 0 0 1 1 0 0 12 12 0
1 0 0 0 0 -1 0 1 0 12 12 12
-1 0 0 0 0 1 0 -1 0 12 12 12
1 0 0 0 1 0 0 0 1 12 0 12
-1 0 0 0 -1 0 0 0 -1 12 0 12
0 -1 0 1 0 0 0 0 1 0 0 12
0 1 0 -1 0 0 0 0 -1 0 0 12
-1 0 0 0 -1 0 0 0 1 0 12 12
1 0 0 0 1 0 0 0 -1 0 12 12
0 1 0 -1 0 0 0 0 1 12 12 12
0 -1 0 1 0 0 0 0 -1 12 12 12
1 0 0 0 -1 0 0 0 -1 12 0 12
-1 0 0 0 1 0 0 0 1 12 0 12
0 -1 0 -1 0 0 0 0 -1 0 0 12
0 1 0 1 0 0 0 0 1 0 0 12
-1 0 0 0 1 0 0 0 -1 0 12 12
1 0 0 0 -1 0 0 0 1 0 12 12
0 1 0 1 0 0 0 0 -1 12 12 12
0 -1 0 -1 0 0 0 0 1 12 12 12
0 0 1 1 0 0 0 1 0 12 0 12
0 0 -1 -1 0 0 0 -1 0 12 0 12
0 0 1 0 -1 0 1 0 0 12 12 12
0 0 -1 0 1 0 -1 0 0 12 12 12
0 0 1 -1 0 0 0 -1 0 12 12 0
0 0 -1 1 0 0 0 1 0 12 12 0
0 0 1 0 1 0 -1 0 0 12 0 0
0 0 -1 0 -1 0 1 0 0 12 0 0
0 0 -1 1 0 0 0 -1 0 12 0 12
0 0 1 -1 0 0 0 1 0 12 0 12
0 0 -1 0 -1 0 -1 0 0 12 12 12
0 0 1 0 1 0 1 0 0 12 12 12
0 0 -1 -1 0 0 0 1 0 12 12 0
0 0 1 1 0 0 0 -1 0 12 12 0
0 0 -1 0 1 0 1 0 0 12 0 0
0 0 1 0 -1 0 -1 0 0 12 0 0
0 1 0 0 0 1 1 0 0 12 0 12
0 -1 0 0 0 -1 -1 0 0 12 0 12
1 0 0 0 0 1 0 -1 0 12 0 0
-1 0 0 0 0 -1 0 1 0 12 0 0
0 -1 0 0 0 1 -1 0 0 0 0 0
0 1 0 0 0 -1 1 0 0 0 0 0
-1 0 0 0 0 1 0 1 0 0 0 12
1 0 0 0 0 -1 0 -1 0 0 0 12
0 -1 0 0 0 -1 1 0 0 12 0 12
0 1 0 0 0 1 -1 0 0 12 0 12
-1 0 0 0 0 -1 0 -1 0 12 0 0
1 0 0 0 0 1 0 1 0 12 0 0
0 1 0 0 0 -1 -1 0 0 0 0 0
0 -1 0 0 0 1 1 0 0 0 0 0
1 0 0 0 0 -1 0 1 0 0 0 12
-1 0 0 0 0 1 0 -1 0 0 0 12
1 0 0 0 1 0 0 0 1 12 12 0
-1 0 0 0 -1 0 0 0 -1 12 12 0
0 -1 0 1 0 0 0 0 1 0 12 0
0 1 0 -1 0 0 0 0 -1 0 12 0
-1 0 0 0 -1 0 0 0 1 0 0 0
1 0 0 0 1 0 0 0 -1 0 0 0
0 1 0 -1 0 0 0 0 1 12 0 0
0 -1 0 1 0 0 0 0 -1 12 0 0
1 0 0 0 -1 0 0 0 -1 12 12 0
-1 0 0 0 1 0 0 0 1 12 12 0
0 -1 0 -1 0 0 0 0 -1 0 12 0
0 1 0 1 0 0 0 0 1 0 12 0
-1 0 0 0 1 0 0 0 -1 0 0 0
1 0 0 0 -1 0 0 0 1 0 0 0
0 1 0 1 0 0 0 0 -1 12 0 0
0 -1 0 -1 0 0 0 0 1 12 0 0
0 0 1 1 0 0 0 1 0 12 12 0
0 0 -1 -1 0 0 0 -1 0 12 12 0
0 0 1 0 -1 0 1 0 0 12 0 0
0 0 -1 0 1 0 -1 0 0 12 0 0
0 0 1 -1 0 0 0 -1 0 12 0 12
0 0 -1 1 0 0 0 1 0 12 0 12
0 0 1 0 1 0 -1 0 0 12 12 12
0 0 -1 0 -1 0 1 0 0 12 12 12
0 0 -1 1 0 0 0 -1 0 12 12 0
0 0 1 -1 0 0 0 1 0 12 12 0
0 0 -1 0 -1 0 -1 0 0 12 0 0
0 0 1 0 1 0 1 0 0 12 0 0
0 0 -1 -1 0 0 0 1 0 12 0 12
0 0 1 1 0 0 0 -1 0 12 0 12
0 0 -1 0 1 0 1 0 0 12 12 12
0 0 1 0 -1 0 -1 0 0 12 12 12
0 1 0 0 0 1 1 0 0 12 12 0
0 -1 0 0 0 -1 -1 0 0 12 12 0
1 0 0 0 0 1 0 -1 0 12 12 12
-1 0 0 0 0 -1 0 1 0 12 12 12
0 -1 0 0 0 1 -1 0 0 0 12 12
0 1 0 0 0 -1 1 0 0 0 12 12
-1 0 0 0 0 1 0 1 0 0 12 0
1 0 0 0 0 -1 0 -1 0 0 12 0
0 -1 0 0 0 -1 1 0 0 12 12 0
0 1 0 0 0 1 -1 0 0 12 12 0
-1 0 0 0 0 -1 0 -1 0 12 12 12
1 0 0 0 0 1 0 1 0 12 12 12
0 1 0 0 0 -1 -1 0 0 0 12 12
0 -1 0 0 0 1 1 0 0 0 12 12
1 0 0 0 0 -1 0 1 0 0 12 0
-1 0 0 0 0 1 0 -1 0 0 12 0
525	227	1	F 4d 2 3 -1d	F d -3 m	Fd-3m	F 4_1/d -3 2/m	192
1 0 0 0 1 0 0 0 1 0 0 0
0 -1 0 1 0 0 0 0 1 6 6 6
-1 0 0 0 -1 0 0 0 1 0 12 12
0 1 0 -1 0 0 0 0 1 18 6 18
1 0 0 0 -1 0 0 0 -1 0 0 0
0 -1 0 -1 0 0 0 0 -1 6 18 18
-1 0 0 0 1 0 0 0 -1 0 12 12
0 1 0 1 0 0 0 0 -1 18 18 6
0 0 1 1 0 0 0 1 0 0 0 0
0 0 1 0 -1 0 1 0 0 6 6 6
0 0 1 -1 0 0 0 -1 0 12 0 12
0 0 1 0 1 0 -1 0 0 18 18 6
0 0 -1 1 0 0 0 -1 0 0 0 0
0 0 -1 0 -1 0 -1 0 0 18 6 18
0 0 -1 -1 0 0 0 1 0 12 0 12
0 0 -1 0 1 0 1 0 0 6 18 18
0 1 0 0 0 1 1 0 0 0 0 0
1 0 0 0 0 1 0 -1 0 6 6 6
0 -1 0 0 0 1 -1 0 0 12 12 0
-1 0 0 0 0 1 0 1 0 6 18 18
0 -1 0 0 0 -1 1 0 0 0 0 0
-1 0 0 0 0 -1 0 -1 0 18 18 6
0 1 0 0 0 -1 -1 0 0 12 12 0
1 0 0 0 0 -1 0 1 0 18 6 18
-1 0 0 0 -1 0 0 0 -1 6 6 6
0 1 0 -1 0 0 0 0 -1 0 0 0
1 0 0 0 1 0 0 0 -1 6 18 18
0 -1 0 1 0 0 0 0 -1 12 0 12
-1 0 0 0 1 0 0 0 1 6 6 6
0 1 0 1 0 0 0 0 1 0 12 12
1 0 0 0 -1 0 0 0 1 6 18 18
0 -1 0 -1 0 0 0 0 1 12 12 0
0 0 -1 -1 0 0 0 -1 0 6 6 6
0 0 -1 0 1 0 -1 0 0 0 0 0
0 0 -1 1 0 0 0 1 0 18 6 18
0 0 -1 0 -1 0 1 0 0 12 12 0
0 0 1 -1 0 0 0 1 0 6 6 6
0 0 1 0 1 0 1 0 0 12 0 12
0 0 1 1 0 0 0 -1 0 18 6 18
0 0 1 0 -1 0 -1 0 0 0 12 12
0 -1 0 0 0 -1 -1 0 0 6 6 6
-1 0 0 0 0 -1 0 1 0 0 0 0
0 1 0 0 0 -1 1 0 0 18 18 6
1 0 0 0 0 -1 0 -1 0 0 12 12
0 1 0 0 0 1 -1 0 0 6 6 6
1 0 0 0 0 1 0 1 0 12 12 0
0 -1 0 0 0 1 1 0 0 18 18 6
-1 0 0 0 0 1 0 -1 0 12 0 12
1 0 0 0 1 0 0 0 1 0 12 12
0 -1 0 1 0 0 0 0 1 6 18 18
-1 0 0 0 -1 0 0 0 1 0 0 0
0 1 0 -1 0 0 0 0 1 18 18 6
1 0 0 0 -1 0 0 0 -1 0 12 12
0 -1 0 -1 0 0 0 0 -1 6 6 6
-1 0 0 0 1 0 0 0 -1 0 0 0
0 1 0 1 0 0 0 0 -1 18 6 18
0 0 1 1 0 0 0 1 0 0 12 12
0 0 1 0 -1 0 1 0 0 6 18 18
0 0 1 -1 0 0 0 -1 0 12 12 0
0 0 1 0 1 0 -1 0 0 18 6 18
0 0 -1 1 0 0 0 -1 0 0 12 12
0 0 -1 0 -1 0 -1 0 0 18 18 6
0 0 -1 -1 0 0 0 1 0 12 12 0
0 0 -1 0 1 0 1 0 0 6 6 6
0 1 0 0 0 1 1 0 0 0 12 12
1 0 0 0 0 1 0 -1 0 6 18 18
0 -1 0 0 0 1 -1 0 0 12 0 12
-1 0 0 0 0 1 0 1 0 6 6 6
0 -1 0 0 0 -1 1 0 0 0 12 12
-1 0 0 0 0 -1 0 -1 0 18 6 18
0 1 0 0 0 -1 -1 0 0 12 0 12
1 0 0 0 0 -1 0 1 0 18 18 6
-1 0 0 0 -1 0 0 0 -1 6 18 18
0 1 0 -1 0 0 0 0 -1 0 12 12
1 0 0 0 1 0 0 0 -1 6 6 6
0 -1 0 1 0 0 0 0 -1 12 12 0
-1 0 0 0 1 0 0 0 1 6 18 18
0 1 0 1 0 0 0 0 1 0 0 0
1 0 0 0 -1 0 0 0 1 6 6 6
0 -1 0 -1 0 0 0 0 1 12 0 12
0 0 -1 -1 0 0 0 -1 0 6 18 18
0 0 -1 0 1 0 -1 0 0 0 12 12
0 0 -1 1 0 0 0 1 0 18 18 6
0 0 -1 0 -1 0 1 0 0 12 0 12
0 0 1 -1 0 0 0 1 0 6 18 18
0 0 1 0 1 0 1 0 0 12 12 0
0 0 1 1 0 0 0 -1 0 18 18 6
0 0 1 0 -1 0 -1 0 0 0 0 0
0 -1 0 0 0 -1 -1 0 0 6 18 18
-1 0 0 0 0 -1 0 1 0 0 12 12
0 1 0 0 0 -1 1 0 0 18 6 18
1 0 0 0 0 -1 0 -1 0 0 0 0
0 1 0 0 0 1 -1 0 0 6 18 18
1 0 0 0 0 1 0 1 0 12 0 12
0 -1 0 0 0 1 1 0 0 18 6 18
-1 0 0 0 0 1 0 -1 0 12 12 0
1 0 0 0 1 0 0 0 1 12 0 12
0 -1 0 1 0 0 0 0 1 18 6 18
-1 0 0 0 -1 0 0 0 1 12 12 0
0 1 0 -1 0 0 0 0 1 6 6 6
1 0 0 0 -1 0 0 0 -1 12 0 12
0 -1 0 -1 0 0 0 0 -1 18 18 6
-1 0 0 0 1 0 0 0 -1 12 12 0
0 1 0 1 0 0 0 0 -1 6 18 18
0 0 1 1 0 0 0 1 0 12 0 12
0 0 1 0 -1 0 1 0 0 18 6 18
0 0 1 -1 0 0 0 -1 0 0 0 0
0 0 1 0 1 0 -1 0 0 6 18 18
0 0 -1 1 0 0 0 -1 0 12 0 12
0 0 -1 0 -1 0 -1 0 0 6 6 6
0 0 -1 -1 0 0 0 1 0 0 0 0
0 0 -1 0 1 0 1 0 0 18 18 6
0 1 0 0 0 1 1 0 0 12 0 12
1 0 0 0 0 1 0 -1 0 18 6 18
0 -1 0 0 0 1 -1 0 0 0 12 12
-1 0 0 0 0 1 0 1 0 18 18 6
0 -1 0 0 0 -1 1 0 0 12 0 12
-1 0 0 0 0 -1 0 -1 0 6 18 18
0 1 0 0 0 -1 -1 0 0 0 12 12
1 0 0 0 0 -1 0 1 0 6 6 6
-1 0 0 0 -1 0 0 0 -1 18 6 18
0 1 0 -1 0 0 0 0 -1 12 0 12
1 0 0 0 1 0 0 0 -1 18 18 6
0 -1 0 1 0 0 0 0 -1 0 0 0
-1 0 0 0 1 0 0 0 1 18 6 18
0 1 0 1 0 0 0 0 1 12 12 0
1 0 0 0 -1 0 0 0 1 18 18 6
0 -1 0 -1 0 0 0 0 1 0 12 12
0 0 -1 -1 0 0 0 -1 0 18 6 18
0 0 -1 0 1 0 -1 0 0 12 0 12
0 0 -1 1 0 0 0 1 0 6 6 6
0 0 -1 0 -1 0 1 0 0 0 12 12
0 0 1 -1 0 0 0 1 0 18 6 18
0 0 1 0 1 0 1 0 0 0 0 0
0 0 1 1 0 0 0 -1 0 6 6 6
0 0 1 0 -1 0 -1 0 0 12 12 0
0 -1 0 0 0 -1 -1 0 0 18 6 18
-1 0 0 0 0 -1 0 1 0 12 0 12
0 1 0 0 0 -1 1 0 0 6 18 18
1 0 0 0 0 -1 0 -1 0 12 12 0
0 1 0 0 0 1 -1 0 0 18 6 18
1 0 0 0 0 1 0 1 0 0 12 12
0 -1 0 0 0 1 1 0 0 6 18 18
-1 0 0 0 0 1 0 -1 0 0 0 0
1 0 0 0 1 0 0 0 1 12 12 0
0 -1 0 1 0 0 0 0 1 18 18 6
-1 0 0 0 -1 0 0 0 1 12 0 12
0 1 0 -1 0 0 0 0 1 6 18 18
1 0 0 0 -1 0 0 0 -1 12 12 0
0 -1 0 -1 0 0 0 0 -1 18 6 18
-1 0 0 0 1 0 0 0 -1 12 0 12
0 1 0 1 0 0 0 0 -1 6 6 6
0 0 1 1 0 0 0 1 0 12 12 0
0 0 1 0 -1 0 1 0 0 18 18 6
0 0 1 -1 0 0 0 -1 0 0 12 12
0 0 1 0 1 0 -1 0 0 6 6 6
0 0 -1 1 0 0 0 -1 0 12 12 0
0 0 -1 0 -1 0 -1 0 0 6 18 18
0 0 -1 -1 0 0 0 1 0 0 12 12
0 0 -1 0 1 0 1 0 0 18 6 18
0 1 0 0 0 1 1 0 0 12 12 0
1 0 0 0 0 1 0 -1 0 18 18 6
0 -1 0 0 0 1 -1 0 0 0 0 0
-1 0 0 0 0 1 0 1 0 18 6 18
0 -1 0 0 0 -1 1 0 0 12 12 0
-1 0 0 0 0 -1 0 -1 0 6 6 6
0 1 0 0 0 -1 -1 0 0 0 0 0
1 0 0 0 0 -1 0 1 0 6 18 18
-1 0 0 0 -1 0 0 0 -1 18 18 6
0 1 0 -1 0 0 0 0 -1 12 12 0
1 0 0 0 1 0 0 0 -1 18 6 18
0 -1 0 1 0 0 0 0 -1 0 12 12
-1 0 0 0 1 0 0 0 1 18 18 6
0 1 0 1 0 0 0 0 1 12 0 12
1 0 0 0 -1 0 0 0 1 18 6 18
0 -1 0 -1 0 0 0 0 1 0 0 0
0 0 -1 -1 0 0 0 -1 0 18 18 6
0 0 -1 0 1 0 -1 0 0 12 12 0
0 0 -1 1 0 0 0 1 0 6 18 18
0 0 -1 0 -1 0 1 0 0 0 0 0
0 0 1 -1 0 0 0 1 0 18 18 6
0 0 1 0 1 0 1 0 0 0 12 12
0 0 1 1 0 0 0 -1 0 6 18 18
0 0 1 0 -1 0 -1 0 0 12 0 12
0 -1 0 0 0 -1 -1 0 0 18 18 6
-1 0 0 0 0 -1 0 1 0 12 12 0
0 1 0 0 0 -1 1 0 0 6 6 6
1 0 0 0 0 -1 0 -1 0 12 0 12
0 1 0 0 0 1 -1 0 0 18 18 6
1 0 0 0 0 1 0 1 0 0 0 0
0 -1 0 0 0 1 1 0 0 6 6 6
-1 0 0 0 0 1 0 -1 0 0 12 12
526	227	2	-F 4vw 2vw 3	F d -3 m	Fd-3m	F 4_1/d -3 2/m	192
1 0 0 0 1 0 0 0 1 0 0 0
-1 0 0 0 -1 0 0 0 -1 0 0 0
0 -1 0 1 0 0 0 0 1 0 6 6
0 1 0 -1 0 0 0 0 -1 0 6 6
-1 0 0 0 -1 0 0 0 1 18 6 12
1 0 0 0 1 0 0 0 -1 18 6 12
0 1 0 -1 0 0 0 0 1 18 0 18
0 -1 0 1 0 0 0 0 -1 18 0 18
1 0 0 0 -1 0 0 0 -1 0 6 6
-1 0 0 0 1 0 0 0 1 0 6 6
0 -1 0 -1 0 0 0 0 -1 0 0 0
0 1 0 1 0 0 0 0 1 0 0 0
-1 0 0 0 1 0 0 0 -1 18 0 18
1 0 0 0 -1 0 0 0 1 18 0 18
0 1 0 1 0 0 0 0 -1 18 6 12
0 -1 0 -1 0 0 0 0 1 18 6 12
0 0 1 1 0 0 0 1 0 0 0 0
0 0 -1 -1 0 0 0 -1 0 0 0 0
0 0 1 0 -1 0 1 0 0 6 0 6
0 0 -1 0 1 0 -1 0 0 6 0 6
0 0 1 -1 0 0 0 -1 0 12 18 6
0 0 -1 1 0 0 0 1 0 12 18 6
0 0 1 0 1 0 -1 0 0 18 18 0
0 0 -1 0 -1 0 1 0 0 18 18 0
0 0 -1 1 0 0 0 -1 0 6 0 6
0 0 1 -1 0 0 0 1 0 6 0 6
0 0 -1 0 -1 0 -1 0 0 0 0 0
0 0 1 0 1 0 1 0 0 0 0 0
0 0 -1 -1 0 0 0 1 0 18 18 0
0 0 1 1 0 0 0 -1 0 18 18 0
0 0 -1 0 1 0 1 0 0 12 18 6
0 0 1 0 -1 0 -1 0 0 12 18 6
0 1 0 0 0 1 1 0 0 0 0 0
0 -1 0 0 0 -1 -1 0 0 0 0 0
1 0 0 0 0 1 0 -1 0 6 6 0
-1 0 0 0 0 -1 0 1 0 6 6 0
0 -1 0 0 0 1 -1 0 0 6 12 18
0 1 0 0 0 -1 1 0 0 6 12 18
-1 0 0 0 0 1 0 1 0 0 18 18
1 0 0 0 0 -1 0 -1 0 0 18 18
0 -1 0 0 0 -1 1 0 0 6 6 0
0 1 0 0 0 1 -1 0 0 6 6 0
-1 0 0 0 0 -1 0 -1 0 0 0 0
1 0 0 0 0 1 0 1 0 0 0 0
0 1 0 0 0 -1 -1 0 0 0 18 18
0 -1 0 0 0 1 1 0 0 0 18 18
1 0 0 0 0 -1 0 1 0 6 12 18
-1 0 0 0 0 1 0 -1 0 6 12 18
1 0 0 0 1 0 0 0 1 0 12 12
-1 0 0 0 -1 0 0 0 -1 0 12 12
0 -1 0 1 0 0 0 0 1 0 18 18
0 1 0 -1 0 0 0 0 -1 0 18 18
-1 0 0 0 -1 0 0 0 1 18 18 0
1 0 0 0 1 0 0 0 -1 18 18 0
0 1 0 -1 0 0 0 0 1 18 12 6
0 -1 0 1 0 0 0 0 -1 18 12 6
1 0 0 0 -1 0 0 0 -1 0 18 18
-1 0 0 0 1 0 0 0 1 0 18 18
0 -1 0 -1 0 0 0 0 -1 0 12 12
0 1 0 1 0 0 0 0 1 0 12 12
-1 0 0 0 1 0 0 0 -1 18 12 6
1 0 0 0 -1 0 0 0 1 18 12 6
0 1 0 1 0 0 0 0 -1 18 18 0
0 -1 0 -1 0 0 0 0 1 18 18 0
0 0 1 1 0 0 0 1 0 0 12 12
0 0 -1 -1 0 0 0 -1 0 0 12 12
0 0 1 0 -1 0 1 0 0 6 12 18
0 0 -1 0 1 0 -1 0 0 6 12 18
0 0 1 -1 0 0 0 -1 0 12 6 18
0 0 -1 1 0 0 0 1 0 12 6 18
0 0 1 0 1 0 -1 0 0 18 6 12
0 0 -1 0 -1 0 1 0 0 18 6 12
0 0 -1 1 0 0 0 -1 0 6 12 18
0 0 1 -1 0 0 0 1 0 6 12 18
0 0 -1 0 -1 0 -1 0 0 0 12 12
0 0 1 0 1 0 1 0 0 0 12 12
0 0 -1 -1 0 0 0 1 0 18 6 12
0 0 1 1 0 0 0 -1 0 18 6 12
0 0 -1 0 1 0 1 0 0 12 6 18
0 0 1 0 -1 0 -1 0 0 12 6 18
0 1 0 0 0 1 1 0 0 0 12 12
0 -1 0 0 0 -1 -1 0 0 0 12 12
1 0 0 0 0 1 0 -1 0 6 18 12
-1 0 0 0 0 -1 0 1 0 6 18 12
0 -1 0 0 0 1 -1 0 0 6 0 6
0 1 0 0 0 -1 1 0 0 6 0 6
-1 0 0 0 0 1 0 1 0 0 6 6
1 0 0 0 0 -1 0 -1 0 0 6 6
0 -1 0 0 0 -1 1 0 0 6 18 12
0 1 0 0 0 1 -1 0 0 6 18 12
-1 0 0 0 0 -1 0 -1 0 0 12 12
1 0 0 0 0 1 0 1 0 0 12 12
0 1 0 0 0 -1 -1 0 0 0 6 6
0 -1 0 0 0 1 1 0 0 0 6 6
1 0 0 0 0 -1 0 1 0 6 0 6
-1 0 0 0 0 1 0 -1 0 6 0 6
1 0 0 0 1 0 0 0 1 12 0 12
-1 0 0 0 -1 0 0 0 -1 12 0 12
0 -1 0 1 0 0 0 0 1 12 6 18
0 1 0 -1 0 0 0 0 -1 12 6 18
-1 0 0 0 -1 0 0 0 1 6 6 0
1 0 0 0 1 0 0 0 -1 6 6 0
0 1 0 -1 0 0 0 0 1 6 0 6
0 -1 0 1 0 0 0 0 -1 6 0 6
1 0 0 0 -1 0 0 0 -1 12 6 18
-1 0 0 0 1 0 0 0 1 12 6 18
0 -1 0 -1 0 0 0 0 -1 12 0 12
0 1 0 1 0 0 0 0 1 12 0 12
-1 0 0 0 1 0 0 0 -1 6 0 6
1 0 0 0 -1 0 0 0 1 6 0 6
0 1 0 1 0 0 0 0 -1 6 6 0
0 -1 0 -1 0 0 0 0 1 6 6 0
0 0 1 1 0 0 0 1 0 12 0 12
0 0 -1 -1 0 0 0 -1 0 12 0 12
0 0 1 0 -1 0 1 0 0 18 0 18
0 0 -1 0 1 0 -1 0 0 18 0 18
0 0 1 -1 0 0 0 -1 0 0 18 18
0 0 -1 1 0 0 0 1 0 0 18 18
0 0 1 0 1 0 -1 0 0 6 18 12
0 0 -1 0 -1 0 1 0 0 6 18 12
0 0 -1 1 0 0 0 -1 0 18 0 18
0 0 1 -1 0 0 0 1 0 18 0 18
0 0 -1 0 -1 0 -1 0 0 12 0 12
0 0 1 0 1 0 1 0 0 12 0 12
0 0 -1 -1 0 0 0 1 0 6 18 12
0 0 1 1 0 0 0 -1 0 6 18 12
0 0 -1 0 1 0 1 0 0 0 18 18
0 0 1 0 -1 0 -1 0 0 0 18 18
0 1 0 0 0 1 1 0 0 12 0 12
0 -1 0 0 0 -1 -1 0 0 12 0 12
1 0 0 0 0 1 0 -1 0 18 6 12
-1 0 0 0 0 -1 0 1 0 18 6 12
0 -1 0 0 0 1 -1 0 0 18 12 6
0 1 0 0 0 -1 1 0 0 18 12 6
-1 0 0 0 0 1 0 1 0 12 18 6
1 0 0 0 0 -1 0 -1 0 12 18 6
0 -1 0 0 0 -1 1 0 0 18 6 12
0 1 0 0 0 1 -1 0 0 18 6 12
-1 0 0 0 0 -1 0 -1 0 12 0 12
1 0 0 0 0 1 0 1 0 12 0 12
0 1 0 0 0 -1 -1 0 0 12 18 6
0 -1 0 0 0 1 1 0 0 12 18 6
1 0 0 0 0 -1 0 1 0 18 12 6
-1 0 0 0 0 1 0 -1 0 18 12 6
1 0 0 0 1 0 0 0 1 12 12 0
-1 0 0 0 -1 0 0 0 -1 12 12 0
0 -1 0 1 0 0 0 0 1 12 18 6
0 1 0 -1 0 0 0 0 -1 12 18 6
-1 0 0 0 -1 0 0 0 1 6 18 12
1 0 0 0 1 0 0 0 -1 6 18 12
0 1 0 -1 0 0 0 0 1 6 12 18
0 -1 0 1 0 0 0 0 -1 6 12 18
1 0 0 0 -1 0 0 0 -1 12 18 6
-1 0 0 0 1 0 0 0 1 12 18 6
0 -1 0 -1 0 0 0 0 -1 12 12 0
0 1 0 1 0 0 0 0 1 12 12 0
-1 0 0 0 1 0 0 0 -1 6 12 18
1 0 0 0 -1 0 0 0 1 6 12 18
0 1 0 1 0 0 0 0 -1 6 18 12
0 -1 0 -1 0 0 0 0 1 6 18 12
0 0 1 1 0 0 0 1 0 12 12 0
0 0 -1 -1 0 0 0 -1 0 12 12 0
0 0 1 0 -1 0 1 0 0 18 12 6
0 0 -1 0 1 0 -1 0 0 18 12 6
0 0 1 -1 0 0 0 -1 0 0 6 6
0 0 -1 1 0 0 0 1 0 0 6 6
0 0 1 0 1 0 -1 0 0 6 6 0
0 0 -1 0 -1 0 1 0 0 6 6 0
0 0 -1 1 0 0 0 -1 0 18 12 6
0 0 1 -1 0 0 0 1 0 18 12 6
0 0 -1 0 -1 0 -1 0 0 12 12 0
0 0 1 0 1 0 1 0 0 12 12 0
0 0 -1 -1 0 0 0 1 0 6 6 0
0 0 1 1 0 0 0 -1 0 6 6 0
0 0 -1 0 1 0 1 0 0 0 6 6
0 0 1 0 -1 0 -1 0 0 0 6 6
0 1 0 0 0 1 1 0 0 12 12 0
0 -1 0 0 0 -1 -1 0 0 12 12 0
1 0 0 0 0 1 0 -1 0 18 18 0
-1 0 0 0 0 -1 0 1 0 18 18 0
0 -1 0 0 0 1 -1 0 0 18 0 18
0 1 0 0 0 -1 1 0 0 18 0 18
-1 0 0 0 0 1 0 1 0 12 6 18
1 0 0 0 0 -1 0 -1 0 12 6 18
0 -1 0 0 0 -1 1 0 0 18 18 0
0 1 0 0 0 1 -1 0 0 18 18 0
-1 0 0 0 0 -1 0 -1 0 12 12 0
1 0 0 0 0 1 0 1 0 12 12 0
0 1 0 0 0 -1 -1 0 0 12 6 18
0 -1 0 0 0 1 1 0 0 12 6 18
1 0 0 0 0 -1 0 1 0 18 0 18
-1 0 0 0 0 1 0 -1 0 18 0 18
527	228	1	F 4d 2 3 -1ad	F d -3 c	Fd-3c	F 4_1/d -3 2/c	192
1 0 0 0 1 0 0 0 1 0 0 0
0 -1 0 1 0 0 0 0 1 6 6 6
-1 0 0 0 -1 0 0 0 1 0 12 12
0 1 0 -1 0 0 0 0 1 18 6 18
1 0 0 0 -1 0 0 0 -1 0 0 0
0 -1 0 -1 0 0 0 0 -1 6 18 18
-1 0 0 0 1 0 0 0 -1 0 12 12
0 1 0 1 0 0 0 0 -1 18 18 6
0 0 1 1 0 0 0 1 0 0 0 0
0 0 1 0 -1 0 1 0 0 6 6 6
0 0 1 -1 0 0 0 -1 0 12 0 12
0 0 1 0 1 0 -1 0 0 18 18 6
0 0 -1 1 0 0 0 -1 0 0 0 0
0 0 -1 0 -1 0 -1 0 0 18 6 18
0 0 -1 -1 0 0 0 1 0 12 0 12
0 0 -1 0 1 0 1 0 0 6 18 18
0 1 0 0 0 1 1 0 0 0 0 0
1 0 0 0 0 1 0 -1 0 6 6 6
0 -1 0 0 0 1 -1 0 0 12 12 0
-1 0 0 0 0 1 0 1 0 6 18 18
0 -1 0 0 0 -1 1 0 0 0 0 0
-1 0 0 0 0 -1 0 -1 0 18 18 6
0 1 0 0 0 -1 -1 0 0 12 12 0
1 0 0 0 0 -1 0 1 0 18 6 18
-1 0 0 0 -1 0 0 0 -1 18 6 6
0 1 0 -1 0 0 0 0 -1 12 0 0
1 0 0 0 1 0 0 0 -1 18 18 18
0 -1 0 1 0 0 0 0 -1 0 0 12
-1 0 0 0 1 0 0 0 1 18 6 6
0 1 0 1 0 0 0 0 1 12 12 12
1 0 0 0 -1 0 0 0 1 18 18 18
0 -1 0 -1 0 0 0 0 1 0 12 0
0 0 -1 -1 0 0 0 -1 0 18 6 6
0 0 -1 0 1 0 -1 0 0 12 0 0
0 0 -1 1 0 0 0 1 0 6 6 18
0 0 -1 0 -1 0 1 0 0 0 12 0
0 0 1 -1 0 0 0 1 0 18 6 6
0 0 1 0 1 0 1 0 0 0 0 12
0 0 1 1 0 0 0 -1 0 6 6 18
0 0 1 0 -1 0 -1 0 0 12 12 12
0 -1 0 0 0 -1 -1 0 0 18 6 6
-1 0 0 0 0 -1 0 1 0 12 0 0
0 1 0 0 0 -1 1 0 0 6 18 6
1 0 0 0 0 -1 0 -1 0 12 12 12
0 1 0 0 0 1 -1 0 0 18 6 6
1 0 0 0 0 1 0 1 0 0 12 0
0 -1 0 0 0 1 1 0 0 6 18 6
-1 0 0 0 0 1 0 -1 0 0 0 12
1 0 0 0 1 0 0 0 1 0 12 12
0 -1 0 1 0 0 0 0 1 6 18 18
-1 0 0 0 -1 0 0 0 1 0 0 0
0 1 0 -1 0 0 0 0 1 18 18 6
1 0 0 0 -1 0 0 0 -1 0 12 12
0 -1 0 -1 0 0 0 0 -1 6 6 6
-1 0 0 0 1 0 0 0 -1 0 0 0
0 1 0 1 0 0 0 0 -1 18 6 18
0 0 1 1 0 0 0 1 0 0 12 12
0 0 1 0 -1 0 1 0 0 6 18 18
0 0 1 -1 0 0 0 -1 0 12 12 0
0 0 1 0 1 0 -1 0 0 18 6 18
0 0 -1 1 0 0 0 -1 0 0 12 12
0 0 -1 0 -1 0 -1 0 0 18 18 6
0 0 -1 -1 0 0 0 1 0 12 12 0
0 0 -1 0 1 0 1 0 0 6 6 6
0 1 0 0 0 1 1 0 0 0 12 12
1 0 0 0 0 1 0 -1 0 6 18 18
0 -1 0 0 0 1 -1 0 0 12 0 12
-1 0 0 0 0 1 0 1 0 6 6 6
0 -1 0 0 0 -1 1 0 0 0 12 12
-1 0 0 0 0 -1 0 -1 0 18 6 18
0 1 0 0 0 -1 -1 0 0 12 0 12
1 0 0 0 0 -1 0 1 0 18 18 6
-1 0 0 0 -1 0 0 0 -1 18 18 18
0 1 0 -1 0 0 0 0 -1 12 12 12
1 0 0 0 1 0 0 0 -1 18 6 6
0 -1 0 1 0 0 0 0 -1 0 12 0
-1 0 0 0 1 0 0 0 1 18 18 18
0 1 0 1 0 0 0 0 1 12 0 0
1 0 0 0 -1 0 0 0 1 18 6 6
0 -1 0 -1 0 0 0 0 1 0 0 12
0 0 -1 -1 0 0 0 -1 0 18 18 18
0 0 -1 0 1 0 -1 0 0 12 12 12
0 0 -1 1 0 0 0 1 0 6 18 6
0 0 -1 0 -1 0 1 0 0 0 0 12
0 0 1 -1 0 0 0 1 0 18 18 18
0 0 1 0 1 0 1 0 0 0 12 0
0 0 1 1 0 0 0 -1 0 6 18 6
0 0 1 0 -1 0 -1 0 0 12 0 0
0 -1 0 0 0 -1 -1 0 0 18 18 18
-1 0 0 0 0 -1 0 1 0 12 12 12
0 1 0 0 0 -1 1 0 0 6 6 18
1 0 0 0 0 -1 0 -1 0 12 0 0
0 1 0 0 0 1 -1 0 0 18 18 18
1 0 0 0 0 1 0 1 0 0 0 12
0 -1 0 0 0 1 1 0 0 6 6 18
-1 0 0 0 0 1 0 -1 0 0 12 0
1 0 0 0 1 0 0 0 1 12 0 12
0 -1 0 1 0 0 0 0 1 18 6 18
-1 0 0 0 -1 0 0 0 1 12 12 0
0 1 0 -1 0 0 0 0 1 6 6 6
1 0 0 0 -1 0 0 0 -1 12 0 12
0 -1 0 -1 0 0 0 0 -1 18 18 6
-1 0 0 0 1 0 0 0 -1 12 12 0
0 1 0 1 0 0 0 0 -1 6 18 18
0 0 1 1 0 0 0 1 0 12 0 12
0 0 1 0 -1 0 1 0 0 18 6 18
0 0 1 -1 0 0 0 -1 0 0 0 0
0 0 1 0 1 0 -1 0 0 6 18 18
0 0 -1 1 0 0 0 -1 0 12 0 12
0 0 -1 0 -1 0 -1 0 0 6 6 6
0 0 -1 -1 0 0 0 1 0 0 0 0
0 0 -1 0 1 0 1 0 0 18 18 6
0 1 0 0 0 1 1 0 0 12 0 12
1 0 0 0 0 1 0 -1 0 18 6 18
0 -1 0 0 0 1 -1 0 0 0 12 12
-1 0 0 0 0 1 0 1 0 18 18 6
0 -1 0 0 0 -1 1 0 0 12 0 12
-1 0 0 0 0 -1 0 -1 0 6 18 18
0 1 0 0 0 -1 -1 0 0 0 12 12
1 0 0 0 0 -1 0 1 0 6 6 6
-1 0 0 0 -1 0 0 0 -1 6 6 18
0 1 0 -1 0 0 0 0 -1 0 0 12
1 0 0 0 1 0 0 0 -1 6 18 6
0 -1 0 1 0 0 0 0 -1 12 0 0
-1 0 0 0 1 0 0 0 1 6 6 18
0 1 0 1 0 0 0 0 1 0 12 0
1 0 0 0 -1 0 0 0 1 6 18 6
0 -1 0 -1 0 0 0 0 1 12 12 12
0 0 -1 -1 0 0 0 -1 0 6 6 18
0 0 -1 0 1 0 -1 0 0 0 0 12
0 0 -1 1 0 0 0 1 0 18 6 6
0 0 -1 0 -1 0 1 0 0 12 12 12
0 0 1 -1 0 0 0 1 0 6 6 18
0 0 1 0 1 0 1 0 0 12 0 0
0 0 1 1 0 0 0 -1 0 18 6 6
0 0 1 0 -1 0 -1 0 0 0 12 0
0 -1 0 0 0 -1 -1 0 0 6 6 18
-1 0 0 0 0 -1 0 1 0 0 0 12
0 1 0 0 0 -1 1 0 0 18 18 18
1 0 0 0 0 -1 0 -1 0 0 12 0
0 1 0 0 0 1 -1 0 0 6 6 18
1 0 0 0 0 1 0 1 0 12 12 12
0 -1 0 0 0 1 1 0 0 18 18 18
-1 0 0 0 0 1 0 -1 0 12 0 0
1 0 0 0 1 0 0 0 1 12 12 0
0 -1 0 1 0 0 0 0 1 18 18 6
-1 0 0 0 -1 0 0 0 1 12 0 12
0 1 0 -1 0 0 0 0 1 6 18 18
1 0 0 0 -1 0 0 0 -1 12 12 0
0 -1 0 -1 0 0 0 0 -1 18 6 18
-1 0 0 0 1 0 0 0 -1 12 0 12
0 1 0 1 0 0 0 0 -1 6 6 6
0 0 1 1 0 0 0 1 0 12 12 0
0 0 1 0 -1 0 1 0 0 18 18 6
0 0 1 -1 0 0 0 -1 0 0 12 12
0 0 1 0 1 0 -1 0 0 6 6 6
0 0 -1 1 0 0 0 -1 0 12 12 0
0 0 -1 0 -1 0 -1 0 0 6 18 18
0 0 -1 -1 0 0 0 1 0 0 12 12
0 0 -1 0 1 0 1 0 0 18 6 18
0 1 0 0 0 1 1 0 0 12 12 0
1 0 0 0 0 1 0 -1 0 18 18 6
0 -1 0 0 0 1 -1 0 0 0 0 0
-1 0 0 0 0 1 0 1 0 18 6 18
0 -1 0 0 0 -1 1 0 0 12 12 0
-1 0 0 0 0 -1 0 -1 0 6 6 6
0 1 0 0 0 -1 -1 0 0 0 0 0
1 0 0 0 0 -1 0 1 0 6 18 18
-1 0 0 0 -1 0 0 0 -1 6 18 6
0 1 0 -1 0 0 0 0 -1 0 12 0
1 0 0 0 1 0 0 0 -1 6 6 18
0 -1 0 1 0 0 0 0 -1 12 12 12
-1 0 0 0 1 0 0 0 1 6 18 6
0 1 0 1 0 0 0 0 1 0 0 12
1 0 0 0 -1 0 0 0 1 6 6 18
0 -1 0 -1 0 0 0 0 1 12 0 0
0 0 -1 -1 0 0 0 -1 0 6 18 6
0 0 -1 0 1 0 -1 0 0 0 12 0
0 0 -1 1 0 0 0 1 0 18 18 18
0 0 -1 0 -1 0 1 0 0 12 0 0
0 0 1 -1 0 0 0 1 0 6 18 6
0 0 1 0 1 0 1 0 0 12 12 12
0 0 1 1 0 0 0 -1 0 18 18 18
0 0 1 0 -1 0 -1 0 0 0 0 12
0 -1 0 0 0 -1 -1 0 0 6 18 6
-1 0 0 0 0 -1 0 1 0 0 12 0
0 1 0 0 0 -1 1 0 0 18 6 6
1 0 0 0 0 -1 0 -1 0 0 0 12
0 1 0 0 0 1 -1 0 0 6 18 6
1 0 0 0 0 1 0 1 0 12 0 0
0 -1 0 0 0 1 1 0 0 18 6 6
-1 0 0 0 0 1 0 -1 0 12 12 12
528	228	2	-F 4ud 2vw 3	F d -3 c	Fd-3c	F 4_1/d -3 2/c	192
1 0 0 0 1 0 0 0 1 0 0 0
-1 0 0 0 -1 0 0 0 -1 0 0 0
0 -1 0 1 0 0 0 0 1 12 6 6
0 1 0 -1 0 0 0 0 -1 12 6 6
-1 0 0 0 -1 0 0 0 1 6 18 12
1 0 0 0 1 0 0 0 -1 6 18 12
0 1 0 -1 0 0 0 0 1 18 12 18
0 -1 0 1 0 0 0 0 -1 18 12 18
1 0 0 0 -1 0 0 0 -1 0 6 6
-1 0 0 0 1 0 0 0 1 0 6 6
0 -1 0 -1 0 0 0 0 -1 12 0 0
0 1 0 1 0 0 0 0 1 12 0 0
-1 0 0 0 1 0 0 0 -1 6 12 18
1 0 0 0 -1 0 0 0 1 6 12 18
0 1 0 1 0 0 0 0 -1 18 18 12
0 -1 0 -1 0 0 0 0 1 18 18 12
0 0 1 1 0 0 0 1 0 0 0 0
0 0 -1 -1 0 0 0 -1 0 0 0 0
0 0 1 0 -1 0 1 0 0 6 12 6
0 0 -1 0 1 0 -1 0 0 6 12 6
0 0 1 -1 0 0 0 -1 0 12 6 18
0 0 -1 1 0 0 0 1 0 12 6 18
0 0 1 0 1 0 -1 0 0 18 18 12
0 0 -1 0 -1 0 1 0 0 18 18 12
0 0 -1 1 0 0 0 -1 0 6 0 6
0 0 1 -1 0 0 0 1 0 6 0 6
0 0 -1 0 -1 0 -1 0 0 0 12 0
0 0 1 0 1 0 1 0 0 0 12 0
0 0 -1 -1 0 0 0 1 0 18 6 12
0 0 1 1 0 0 0 -1 0 18 6 12
0 0 -1 0 1 0 1 0 0 12 18 18
0 0 1 0 -1 0 -1 0 0 12 18 18
0 1 0 0 0 1 1 0 0 0 0 0
0 -1 0 0 0 -1 -1 0 0 0 0 0
1 0 0 0 0 1 0 -1 0 6 6 12
-1 0 0 0 0 -1 0 1 0 6 6 12
0 -1 0 0 0 1 -1 0 0 18 12 6
0 1 0 0 0 -1 1 0 0 18 12 6
-1 0 0 0 0 1 0 1 0 12 18 18
1 0 0 0 0 -1 0 -1 0 12 18 18
0 -1 0 0 0 -1 1 0 0 6 6 0
0 1 0 0 0 1 -1 0 0 6 6 0
-1 0 0 0 0 -1 0 -1 0 0 0 12
1 0 0 0 0 1 0 1 0 0 0 12
0 1 0 0 0 -1 -1 0 0 12 18 6
0 -1 0 0 0 1 1 0 0 12 18 6
1 0 0 0 0 -1 0 1 0 18 12 18
-1 0 0 0 0 1 0 -1 0 18 12 18
1 0 0 0 1 0 0 0 1 0 12 12
-1 0 0 0 -1 0 0 0 -1 0 12 12
0 -1 0 1 0 0 0 0 1 12 18 18
0 1 0 -1 0 0 0 0 -1 12 18 18
-1 0 0 0 -1 0 0 0 1 6 6 0
1 0 0 0 1 0 0 0 -1 6 6 0
0 1 0 -1 0 0 0 0 1 18 0 6
0 -1 0 1 0 0 0 0 -1 18 0 6
1 0 0 0 -1 0 0 0 -1 0 18 18
-1 0 0 0 1 0 0 0 1 0 18 18
0 -1 0 -1 0 0 0 0 -1 12 12 12
0 1 0 1 0 0 0 0 1 12 12 12
-1 0 0 0 1 0 0 0 -1 6 0 6
1 0 0 0 -1 0 0 0 1 6 0 6
0 1 0 1 0 0 0 0 -1 18 6 0
0 -1 0 -1 0 0 0 0 1 18 6 0
0 0 1 1 0 0 0 1 0 0 12 12
0 0 -1 -1 0 0 0 -1 0 0 12 12
0 0 1 0 -1 0 1 0 0 6 0 18
0 0 -1 0 1 0 -1 0 0 6 0 18
0 0 1 -1 0 0 0 -1 0 12 18 6
0 0 -1 1 0 0 0 1 0 12 18 6
0 0 1 0 1 0 -1 0 0 18 6 0
0 0 -1 0 -1 0 1 0 0 18 6 0
0 0 -1 1 0 0 0 -1 0 6 12 18
0 0 1 -1 0 0 0 1 0 6 12 18
0 0 -1 0 -1 0 -1 0 0 0 0 12
0 0 1 0 1 0 1 0 0 0 0 12
0 0 -1 -1 0 0 0 1 0 18 18 0
0 0 1 1 0 0 0 -1 0 18 18 0
0 0 -1 0 1 0 1 0 0 12 6 6
0 0 1 0 -1 0 -1 0 0 12 6 6
0 1 0 0 0 1 1 0 0 0 12 12
0 -1 0 0 0 -1 -1 0 0 0 12 12
1 0 0 0 0 1 0 -1 0 6 18 0
-1 0 0 0 0 -1 0 1 0 6 18 0
0 -1 0 0 0 1 -1 0 0 18 0 18
0 1 0 0 0 -1 1 0 0 18 0 18
-1 0 0 0 0 1 0 1 0 12 6 6
1 0 0 0 0 -1 0 -1 0 12 6 6
0 -1 0 0 0 -1 1 0 0 6 18 12
0 1 0 0 0 1 -1 0 0 6 18 12
-1 0 0 0 0 -1 0 -1 0 0 12 0
1 0 0 0 0 1 0 1 0 0 12 0
0 1 0 0 0 -1 -1 0 0 12 6 18
0 -1 0 0 0 1 1 0 0 12 6 18
1 0 0 0 0 -1 0 1 0 18 0 6
-1 0 0 0 0 1 0 -1 0 18 0 6
1 0 0 0 1 0 0 0 1 12 0 12
-1 0 0 0 -1 0 0 0 -1 12 0 12
0 -1 0 1 0 0 0 0 1 0 6 18
0 1 0 -1 0 0 0 0 -1 0 6 18
-1 0 0 0 -1 0 0 0 1 18 18 0
1 0 0 0 1 0 0 0 -1 18 18 0
0 1 0 -1 0 0 0 0 1 6 12 6
0 -1 0 1 0 0 0 0 -1 6 12 6
1 0 0 0 -1 0 0 0 -1 12 6 18
-1 0 0 0 1 0 0 0 1 12 6 18
0 -1 0 -1 0 0 0 0 -1 0 0 12
0 1 0 1 0 0 0 0 1 0 0 12
-1 0 0 0 1 0 0 0 -1 18 12 6
1 0 0 0 -1 0 0 0 1 18 12 6
0 1 0 1 0 0 0 0 -1 6 18 0
0 -1 0 -1 0 0 0 0 1 6 18 0
0 0 1 1 0 0 0 1 0 12 0 12
0 0 -1 -1 0 0 0 -1 0 12 0 12
0 0 1 0 -1 0 1 0 0 18 12 18
0 0 -1 0 1 0 -1 0 0 18 12 18
0 0 1 -1 0 0 0 -1 0 0 6 6
0 0 -1 1 0 0 0 1 0 0 6 6
0 0 1 0 1 0 -1 0 0 6 18 0
0 0 -1 0 -1 0 1 0 0 6 18 0
0 0 -1 1 0 0 0 -1 0 18 0 18
0 0 1 -1 0 0 0 1 0 18 0 18
0 0 -1 0 -1 0 -1 0 0 12 12 12
0 0 1 0 1 0 1 0 0 12 12 12
0 0 -1 -1 0 0 0 1 0 6 6 0
0 0 1 1 0 0 0 -1 0 6 6 0
0 0 -1 0 1 0 1 0 0 0 18 6
0 0 1 0 -1 0 -1 0 0 0 18 6
0 1 0 0 0 1 1 0 0 12 0 12
0 -1 0 0 0 -1 -1 0 0 12 0 12
1 0 0 0 0 1 0 -1 0 18 6 0
-1 0 0 0 0 -1 0 1 0 18 6 0
0 -1 0 0 0 1 -1 0 0 6 12 18
0 1 0 0 0 -1 1 0 0 6 12 18
-1 0 0 0 0 1 0 1 0 0 18 6
1 0 0 0 0 -1 0 -1 0 0 18 6
0 -1 0 0 0 -1 1 0 0 18 6 12
0 1 0 0 0 1 -1 0 0 18 6 12
-1 0 0 0 0 -1 0 -1 0 12 0 0
1 0 0 0 0 1 0 1 0 12 0 0
0 1 0 0 0 -1 -1 0 0 0 18 18
0 -1 0 0 0 1 1 0 0 0 18 18
1 0 0 0 0 -1 0 1 0 6 12 6
-1 0 0 0 0 1 0 -1 0 6 12 6
1 0 0 0 1 0 0 0 1 12 12 0
-1 0 0 0 -1 0 0 0 -1 12 12 0
0 -1 0 1 0 0 0 0 1 0 18 6
0 1 0 -1 0 0 0 0 -1 0 18 6
-1 0 0 0 -1 0 0 0 1 18 6 12
1 0 0 0 1 0 0 0 -1 18 6 12
0 1 0 -1 0 0 0 0 1 6 0 18
0 -1 0 1 0 0 0 0 -1 6 0 18
1 0 0 0 -1 0 0 0 -1 12 18 6
-1 0 0 0 1 0 0 0 1 12 18 6
0 -1 0 -1 0 0 0 0 -1 0 12 0
0 1 0 1 0 0 0 0 1 0 12 0
-1 0 0 0 1 0 0 0 -1 18 0 18
1 0 0 0 -1 0 0 0 1 18 0 18
0 1 0 1 0 0 0 0 -1 6 6 12
0 -1 0 -1 0 0 0 0 1 6 6 12
0 0 1 1 0 0 0 1 0 12 12 0
0 0 -1 -1 0 0 0 -1 0 12 12 0
0 0 1 0 -1 0 1 0 0 18 0 6
0 0 -1 0 1 0 -1 0 0 18 0 6
0 0 1 -1 0 0 0 -1 0 0 18 18
0 0 -1 1 0 0 0 1 0 0 18 18
0 0 1 0 1 0 -1 0 0 6 6 12
0 0 -1 0 -1 0 1 0 0 6 6 12
0 0 -1 1 0 0 0 -1 0 18 12 6
0 0 1 -1 0 0 0 1 0 18 12 6
0 0 -1 0 -1 0 -1 0 0 12 0 0
0 0 1 0 1 0 1 0 0 12 0 0
0 0 -1 -1 0 0 0 1 0 6 18 12
0 0 1 1 0 0 0 -1 0 6 18 12
0 0 -1 0 1 0 1 0 0 0 6 18
0 0 1 0 -1 0 -1 0 0 0 6 18
0 1 0 0 0 1 1 0 0 12 12 0
0 -1 0 0 0 -1 -1 0 0 12 12 0
1 0 0 0 0 1 0 -1 0 18 18 12
-1 0 0 0 0 -1 0 1 0 18 18 12
0 -1 0 0 0 1 -1 0 0 6 0 6
0 1 0 0 0 -1 1 0 0 6 0 6
-1 0 0 0 0 1 0 1 0 0 6 18
1 0 0 0 0 -1 0 -1 0 0 6 18
0 -1 0 0 0 -1 1 0 0 18 18 0
0 1 0 0 0 1 -1 0 0 18 18 0
-1 0 0 0 0 -1 0 -1 0 12 12 12
1 0 0 0 0 1 0 1 0 12 12 12
0 1 0 0 0 -1 -1 0 0 0 6 6
0 -1 0 0 0 1 1 0 0 0 6 6
1 0 0 0 0 -1 0 1 0 6 0 18
-1 0 0 0 0 1 0 -1 0 6 0 18
529	229	-	-I 4 2 3	I m -3 m	Im-3m	I 4/m -3 2/m	96
1 0 0 0 1 0 0 0 1 0 0 0
-1 0 0 0 -1 0 0 0 -1 0 0 0
0 -1 0 1 0 0 0 0 1 0 0 0
0 1 0 -1 0 0 0 0 -1 0 0 0
-1 0 0 0 -1 0 0 0 1 0 0 0
1 0 0 0 1 0 0 0 -1 0 0 0
0 1 0 -1 0 0 0 0 1 0 0 0
0 -1 0 1 0 0 0 0 -1 0 0 0
1 0 0 0 -1 0 0 0 -1 0 0 0
-1 0 0 0 1 0 0 0 1 0 0 0
0 -1 0 -1 0 0 0 0 -1 0 0 0
0 1 0 1 0 0 0 0 1 0 0 0
-1 0 0 0 1 0 0 0 -1 0 0 0
1 0 0 0 -1 0 0 0 1 0 0 0
0 1 0 1 0 0 0 0 -1 0 0 0
0 -1 0 -1 0 0 0 0 1 0 0 0
0 0 1 1 0 0 0 1 0 0 0 0
0 0 -1 -1 0 0 0 -1 0 0 0 0
0 0 1 0 -1 0 1 0 0 0 0 0
0 0 -1 0 1 0 -1 0 0 0 0 0
0 0 1 -1 0 0 0 -1 0 0 0 0
0 0 -1 1 0 0 0 1 0 0 0 0
0 0 1 0 1 0 -1 0 0 0 0 0
0 0 -1 0 -1 0 1 0 0 0 0 0
0 0 -1 1 0 0 0 -1 0 0 0 0
0 0 1 -1 0 0 0 1 0 0 0 0
0 0 -1 0 -1 0 -1 0 0 0 0 0
0 0 1 0 1 0 1 0 0 0 0 0
0 0 -1 -1 0 0 0 1 0 0 0 0
0 0 1 1 0 0 0 -1 0 0 0 0
0 0 -1 0 1 0 1 0 0 0 0 0
0 0 1 0 -1 0 -1 0 0 0 0 0
0 1 0 0 0 1 1 0 0 0 0 0
0 -1 0 0 0 -1 -1 0 0 0 0 0
1 0 0 0 0 1 0 -1 0 0 0 0
-1 0 0 0 0 -1 0 1 0 0 0 0
0 -1 0 0 0 1 -1 0 0 0 0 0
0 1 0 0 0 -1 1 0 0 0 0 0
-1 0 0 0 0 1 0 1 0 0 0 0
1 0 0 0 0 -1 0 -1 0 0 0 0
0 -1 0 0 0 -1 1 0 0 0 0 0
0 1 0 0 0 1 -1 0 0 0 0 0
-1 0 0 0 0 -1 0 -1 0 0 0 0
1 0 0 0 0 1 0 1 0 0 0 0
0 1 0 0 0 -1 -1 0 0 0 0 0
0 -1 0 0 0 1 1 0 0 0 0 0
1 0 0 0 0 -1 0 1 0 0 0 0
-1 0 0 0 0 1 0 -1 0 0 0 0
1 0 0 0 1 0 0 0 1 12 12 12
-1 0 0 0 -1 0 0 0 -1 12 12 12
0 -1 0 1 0 0 0 0 1 12 12 12
0 1 0 -1 0 0 0 0 -1 12 12 12
-1 0 0 0 -1 0 0 0 1 12 12 12
1 0 0 0 1 0 0 0 -1 12 12 12
0 1 0 -1 0 0 0 0 1 12 12 12
0 -1 0 1 0 0 0 0 -1 12 12 12
1 0 0 0 -1 0 0 0 -1 12 12 12
-1 0 0 0 1 0 0 0 1 12 12 12
0 -1 0 -1 0 0 0 0 -1 12 12 12
0 1 0 1 0 0 0 0 1 12 12 12
-1 0 0 0 1 0 0 0 -1 12 12 12
1 0 0 0 -1 0 0 0 1 12 12 12
0 1 0 1 0 0 0 0 -1 12 12 12
0 -1 0 -1 0 0 0 0 1 12 12 12
0 0 1 1 0 0 0 1 0 12 12 12
0 0 -1 -1 0 0 0 -1 0 12 12 12
0 0 1 0 -1 0 1 0 0 12 12 12
0 0 -1 0 1 0 -1 0 0 12 12 12
0 0 1 -1 0 0 0 -1 0 12 12 12
0 0 -1 1 0 0 0 1 0 12 12 12
0 0 1 0 1 0 -1 0 0 12 12 12
0 0 -1 0 -1 0 1 0 0 12 12 12
0 0 -1 1 0 0 0 -1 0 12 12 12
0 0 1 -1 0 0 0 1 0 12 12 12
0 0 -1 0 -1 0 -1 0 0 12 12 12
0 0 1 0 1 0 1 0 0 12 12 12
0 0 -1 -1 0 0 0 1 0 12 12 12
0 0 1 1 0 0 0 -1 0 12 12 12
0 0 -1 0 1 0 1 0 0 12 12 12
0 0 1 0 -1 0 -1 0 0 12 12 12
0 1 0 0 0 1 1 0 0 12 12 12
0 -1 0 0 0 -1 -1 0 0 12 12 12
1 0 0 0 0 1 0 -1 0 12 12 12
-1 0 0 0 0 -1 0 1 0 12 12 12
0 -1 0 0 0 1 -1 0 0 12 12 12
0 1 0 0 0 -1 1 0 0 12 12 12
-1 0 0 0 0 1 0 1 0 12 12 12
1 0 0 0 0 -1 0 -1 0 12 12 12
0 -1 0 0 0 -1 1 0 0 12 12 12
0 1 0 0 0 1 -1 0 0 12 12 12
-1 0 0 0 0 -1 0 -1 0 12 12 12
1 0 0 0 0 1 0 1 0 12 12 12
0 1 0 0 0 -1 -1 0 0 12 12 12
0 -1 0 0 0 1 1 0 0 12 12 12
1 0 0 0 0 -1 0 1 0 12 12 12
-1 0 0 0 0 1 0 -1 0 12 12 12
530	230	-	-I 4bd 2c 3	I a -3 d	Ia-3d	I 4_1/a -3 2/d	96
1 0 0 0 1 0 0 0 1 0 0 0
-1 0 0 0 -1 0 0 0 -1 0 0 0
0 -1 0 1 0 0 0 0 1 6 18 6
0 1 0 -1 0 0 0 0 -1 6 18 6
-1 0 0 0 -1 0 0 0 1 12 0 12
1 0 0 0 1 0 0 0 -1 12 0 12
0 1 0 -1 0 0 0 0 1 6 6 18
0 -1 0 1 0 0 0 0 -1 6 6 18
1 0 0 0 -1 0 0 0 -1 0 0 12
-1 0 0 0 1 0 0 0 1 0 0 12
0 -1 0 -1 0 0 0 0 -1 6 6 6
0 1 0 1 0 0 0 0 1 6 6 6
-1 0 0 0 1 0 0 0 -1 12 0 0
1 0 0 0 -1 0 0 0 1 12 0 0
0 1 0 1 0 0 0 0 -1 6 18 18
0 -1 0 -1 0 0 0 0 1 6 18 18
0 0 1 1 0 0 0 1 0 0 0 0
0 0 -1 -1 0 0 0 -1 0 0 0 0
0 0 1 0 -1 0 1 0 0 6 6 18
0 0 -1 0 1 0 -1 0 0 6 6 18
0 0 1 -1 0 0 0 -1 0 12 12 0
0 0 -1 1 0 0 0 1 0 12 12 0
0 0 1 0 1 0 -1 0 0 18 6 6
0 0 -1 0 -1 0 1 0 0 18 6 6
0 0 -1 1 0 0 0 -1 0 12 0 0
0 0 1 -1 0 0 0 1 0 12 0 0
0 0 -1 0 -1 0 -1 0 0 6 6 6
0 0 1 0 1 0 1 0 0 6 6 6
0 0 -1 -1 0 0 0 1 0 0 12 0
0 0 1 1 0 0 0 -1 0 0 12 0
0 0 -1 0 1 0 1 0 0 18 6 18
0 0 1 0 -1 0 -1 0 0 18 6 18
0 1 0 0 0 1 1 0 0 0 0 0
0 -1 0 0 0 -1 -1 0 0 0 0 0
1 0 0 0 0 1 0 -1 0 18 6 6
-1 0 0 0 0 -1 0 1 0 18 6 6
0 -1 0 0 0 1 -1 0 0 0 12 12
0 1 0 0 0 -1 1 0 0 0 12 12
-1 0 0 0 0 1 0 1 0 6 18 6
1 0 0 0 0 -1 0 -1 0 6 18 6
0 -1 0 0 0 -1 1 0 0 0 12 0
0 1 0 0 0 1 -1 0 0 0 12 0
-1 0 0 0 0 -1 0 -1 0 6 6 6
1 0 0 0 0 1 0 1 0 6 6 6
0 1 0 0 0 -1 -1 0 0 0 0 12
0 -1 0 0 0 1 1 0 0 0 0 12
1 0 0 0 0 -1 0 1 0 18 18 6
-1 0 0 0 0 1 0 -1 0 18 18 6
1 0 0 0 1 0 0 0 1 12 12 12
-1 0 0 0 -1 0 0 0 -1 12 12 12
0 -1 0 1 0 0 0 0 1 18 6 18
0 1 0 -1 0 0 0 0 -1 18 6 18
-1 0 0 0 -1 0 0 0 1 0 12 0
1 0 0 0 1 0 0 0 -1 0 12 0
0 1 0 -1 0 0 0 0 1 18 18 6
0 -1 0 1 0 0 0 0 -1 18 18 6
1 0 0 0 -1 0 0 0 -1 12 12 0
-1 0 0 0 1 0 0 0 1 12 12 0
0 -1 0 -1 0 0 0 0 -1 18 18 18
0 1 0 1 0 0 0 0 1 18 18 18
-1 0 0 0 1 0 0 0 -1 0 12 12
1 0 0 0 -1 0 0 0 1 0 12 12
0 1 0 1 0 0 0 0 -1 18 6 6
0 -1 0 -1 0 0 0 0 1 18 6 6
0 0 1 1 0 0 0 1 0 12 12 12
0 0 -1 -1 0 0 0 -1 0 12 12 12
0 0 1 0 -1 0 1 0 0 18 18 6
0 0 -1 0 1 0 -1 0 0 18 18 6
0 0 1 -1 0 0 0 -1 0 0 0 12
0 0 -1 1 0 0 0 1 0 0 0 12
0 0 1 0 1 0 -1 0 0 6 18 18
0 0 -1 0 -1 0 1 0 0 6 18 18
0 0 -1 1 0 0 0 -1 0 0 12 12
0 0 1 -1 0 0 0 1 0 0 12 12
0 0 -1 0 -1 0 -1 0 0 18 18 18
0 0 1 0 1 0 1 0 0 18 18 18
0 0 -1 -1 0 0 0 1 0 12 0 12
0 0 1 1 0 0 0 -1 0 12 0 12
0 0 -1 0 1 0 1 0 0 6 18 6
0 0 1 0 -1 0 -1 0 0 6 18 6
0 1 0 0 0 1 1 0 0 12 12 12
0 -1 0 0 0 -1 -1 0 0 12 12 12
1 0 0 0 0 1 0 -1 0 6 18 18
-1 0 0 0 0 -1 0 1 0 6 18 18
0 -1 0 0 0 1 -1 0 0 12 0 0
0 1 0 0 0 -1 1 0 0 12 0 0
-1 0 0 0 0 1 0 1 0 18 6 18
1 0 0 0 0 -1 0 -1 0 18 6 18
0 -1 0 0 0 -1 1 0 0 12 0 12
0 1 0 0 0 1 -1 0 0 12 0 12
-1 0 0 0 0 -1 0 -1 0 18 18 18
1 0 0 0 0 1 0 1 0 18 18 18
0 1 0 0 0 -1 -1 0 0 12 12 0
0 -1 0 0 0 1 1 0 0 12 12 0
1 0 0 0 0 -1 0 1 0 6 6 18
-1 0 0 0 0 1 0 -1 0 6 6 18
